parcel_id,truth,pred,epistemic,prob_0,prob_1,prob_2
155,0,0,4.470348358154297e-08,0.97481215,0.009983687,0.0152041875
155,0,0,0.0,0.8465925,0.14739767,0.0060099037
155,0,0,0.0,0.98240054,0.015253044,0.002346484
155,0,0,0.0,0.9761347,0.021957392,0.001907981
155,0,0,0.0,0.99177927,0.005361242,0.0028596155
155,0,0,0.0,0.83214474,0.1647662,0.0030892347
155,0,0,0.0,0.86445343,0.13268723,0.0028595023
155,0,0,0.0,0.8869744,0.110806935,0.0022187217
155,0,0,0.0,0.8093492,0.18225777,0.008393035
155,0,0,0.0,0.80497164,0.18732835,0.0077002733
155,0,0,0.0,0.7004049,0.29527926,0.004315861
155,0,0,0.0,0.8408713,0.15720509,0.0019238553
155,0,0,0.0,0.8776924,0.12050589,0.0018017826
155,0,0,0.0,0.8612943,0.13613047,0.0025753335
155,0,0,0.0,0.71880573,0.2718114,0.009382866
155,0,0,0.0,0.91028076,0.06720144,0.022517914
155,0,0,0.0,0.5359025,0.4563807,0.0077169244
155,0,0,0.0,0.49830344,0.4954774,0.006219192
155,0,0,0.0,0.8673227,0.13099065,0.0016867945
155,0,0,0.0,0.9112616,0.08322682,0.005511693
155,0,0,0.0,0.5455179,0.4339038,0.02057827
155,0,1,0.0,0.4212106,0.5683837,0.010405879
17,0,0,0.0,0.7648796,0.034665726,0.20045477
17,0,0,0.0,0.73619044,0.04616601,0.21764356
17,0,0,0.0,0.62758756,0.051686842,0.32072562
17,0,2,0.0,0.22635831,0.015009044,0.7586328
17,0,2,0.0,0.052084018,0.008623461,0.9392926
17,0,0,0.0,0.47844228,0.14936034,0.37219742
17,0,0,0.0,0.81529903,0.066630065,0.118070975
17,0,0,0.0,0.84015316,0.084046915,0.07579998
17,0,0,0.0,0.738402,0.12544918,0.136149
17,0,0,0.0,0.5196941,0.10874921,0.37155676
17,0,2,1.1920928955078125e-07,0.34336507,0.25978652,0.39684847
17,0,0,8.940696716308594e-08,0.9409239,0.048956607,0.010119434
17,0,0,0.0,0.96717024,0.024993157,0.007836726
17,0,0,0.0,0.97521055,0.01870696,0.006082536
17,0,0,0.0,0.9745468,0.016856704,0.008596566
17,0,0,0.0,0.96708846,0.017147608,0.01576398
17,0,0,2.9802322387695312e-08,0.9314376,0.045505743,0.023056682
17,0,0,0.0,0.97851324,0.00858014,0.012906728
17,0,0,0.0,0.97649634,0.013814102,0.009689684
17,0,0,0.0,0.97997147,0.0078553725,0.012173272
17,0,0,0.0,0.970252,0.013400564,0.016347358
17,0,0,0.0,0.66279036,0.16575348,0.17145614
17,0,0,0.0,0.8372413,0.1254232,0.03733562
17,0,0,0.0,0.9592705,0.0262586,0.014470946
17,0,0,0.0,0.9700369,0.022773083,0.0071901386
17,0,0,0.0,0.9498888,0.046683293,0.003427856
17,0,0,0.0,0.9716617,0.019435545,0.008902856
17,0,0,0.0,0.97449815,0.016912078,0.008589928
17,0,0,0.0,0.9787767,0.0082682455,0.012955099
17,0,0,2.2351741790771484e-08,0.98821753,0.0055155293,0.006267034
17,0,0,0.0,0.97927445,0.009284858,0.01144083
17,0,0,1.4901161193847656e-08,0.957368,0.019610027,0.023021989
17,0,0,0.0,0.6806599,0.25261346,0.06672668
17,0,0,0.0,0.7824441,0.1946081,0.022947887
17,0,0,6.705522537231445e-08,0.98127425,0.012757291,0.0059684482
17,0,0,0.0,0.98161125,0.013975891,0.004413021
17,0,0,1.4901161193847656e-08,0.9765302,0.014855744,0.008614062
17,0,0,5.960464477539063e-08,0.9666048,0.019162124,0.014233022
17,0,0,0.0,0.9648703,0.02344532,0.011684602
17,0,0,5.960464477539063e-08,0.9666868,0.024138698,0.009174433
17,0,0,0.0,0.96802473,0.015814988,0.016160341
17,0,0,0.0,0.9702203,0.0235689,0.006210826
17,0,0,5.960464477539063e-08,0.9267466,0.05782134,0.015432054
17,0,0,0.0,0.47691107,0.39389345,0.12919554
17,0,2,0.0,0.08258197,0.05600877,0.86140925
17,0,0,0.0,0.71544164,0.22121014,0.06334831
17,0,0,0.0,0.9258324,0.06968632,0.0044813063
17,0,0,0.0,0.92851126,0.06830879,0.0031799227
17,0,0,5.960464477539063e-08,0.9575674,0.030548256,0.011884301
17,0,0,0.0,0.97023916,0.019731225,0.010029617
17,0,0,0.0,0.97256607,0.016414136,0.011019897
17,0,0,0.0,0.9799577,0.0077852225,0.012257147
17,0,0,4.470348358154297e-08,0.9712535,0.009605388,0.019140886
17,0,0,0.0,0.9546718,0.027683437,0.017644964
17,0,0,0.0,0.7657814,0.18174969,0.052469134
17,0,0,0.0,0.6412349,0.25221282,0.10655242
17,0,2,0.0,0.1935556,0.104012504,0.7024319
17,0,0,0.0,0.87246335,0.10253861,0.024998091
17,0,0,0.0,0.9574945,0.033123244,0.009382284
17,0,0,0.0,0.9623653,0.029216582,0.008418222
17,0,0,2.9802322387695312e-08,0.95505285,0.032385185,0.012562017
17,0,0,0.0,0.9631483,0.024929421,0.011922363
17,0,0,0.0,0.97523886,0.01078144,0.013979911
17,0,0,0.0,0.9718726,0.0064434293,0.021683872
17,0,0,4.470348358154297e-08,0.98167086,0.013150858,0.005178216
17,0,0,0.0,0.8867702,0.08026379,0.032966148
17,0,1,0.0,0.45647028,0.46182916,0.081700616
17,0,1,5.960464477539063e-08,0.3494894,0.52784514,0.12266554
17,0,2,0.0,0.047022004,0.42394614,0.529032
17,0,0,0.0,0.76041716,0.18925335,0.05032967
17,0,1,0.0,0.43185195,0.4583512,0.10979678
17,0,0,0.0,0.5444551,0.36946064,0.08608421
17,0,0,0.0,0.923345,0.06137295,0.015282047
17,0,0,0.0,0.9526559,0.037027296,0.01031677
17,0,0,2.9802322387695312e-08,0.938275,0.029457148,0.03226788
17,0,0,5.960464477539063e-08,0.88986033,0.047526546,0.062613145
17,0,0,0.0,0.9370572,0.037846126,0.025096787
17,0,0,0.0,0.78721404,0.15622705,0.05655891
17,0,1,0.0,0.23462258,0.6694512,0.09592637
17,0,1,0.0,0.2645825,0.5333064,0.20211114
17,0,1,8.940696716308594e-08,0.07117168,0.89576745,0.033060826
17,0,1,0.0,0.125254,0.8209471,0.053799067
17,0,1,0.0,0.16298327,0.74283826,0.09417859
17,0,1,0.0,0.43852332,0.4833252,0.07815146
17,0,0,0.0,0.8308668,0.09260473,0.076528616
17,0,0,5.960464477539063e-08,0.4975116,0.3721032,0.13038525
17,0,0,0.0,0.48686594,0.27496034,0.23817378
17,0,1,0.0,0.41958264,0.4326503,0.1477671
17,0,0,0.0,0.42989448,0.4089954,0.16111027
17,0,1,0.0,0.24401027,0.54574585,0.21024394
3,0,1,0.0,0.45433542,0.45754766,0.088116944
3,0,1,0.0,0.45692235,0.49011037,0.05296739
3,0,0,0.0,0.49144828,0.36600012,0.14255165
3,0,0,0.0,0.37657702,0.27565736,0.3477657
3,0,2,0.0,0.21358585,0.07749641,0.7089178
3,0,1,0.0,0.035558503,0.94851553,0.015926028
3,0,0,0.0,0.6664518,0.31492713,0.01862119
3,0,0,0.0,0.88728094,0.10102399,0.011695021
3,0,0,0.0,0.48837134,0.48332953,0.028299136
3,0,0,0.0,0.78449667,0.20584369,0.009659684
3,0,0,0.0,0.89216757,0.08663934,0.02119322
3,0,1,0.0,0.369615,0.60360825,0.026776768
3,0,0,0.0,0.78240913,0.211139,0.006451801
3,0,0,5.960464477539063e-08,0.72870123,0.23327044,0.038028352
3,0,0,2.9802322387695312e-08,0.84793866,0.13627243,0.015788948
3,0,0,0.0,0.7189585,0.25557443,0.025467291
3,0,1,0.0,0.07065278,0.87886775,0.050479453
3,0,0,0.0,0.5751281,0.39679193,0.02808003
3,0,0,0.0,0.94217867,0.048116192,0.009705434
3,0,0,1.4901161193847656e-08,0.95533967,0.0409344,0.0037260083
3,0,0,0.0,0.8051358,0.18110466,0.013759555
3,0,1,0.0,0.18215087,0.7480369,0.069812246
3,0,1,0.0,0.41840252,0.5373362,0.04426131
3,0,0,0.0,0.7690682,0.21822922,0.012702787
3,0,0,0.0,0.8916992,0.103642136,0.004658737
3,0,0,0.0,0.7500125,0.23251274,0.01747478
3,0,0,5.960464477539063e-08,0.5052148,0.08330383,0.41148138
3,0,1,0.0,0.021872884,0.95871896,0.019408304
3,0,1,0.0,0.3230789,0.6214653,0.05545584
3,0,1,0.0,0.48320186,0.48589763,0.03090054
3,0,0,0.0,0.79787153,0.19150774,0.010620851
3,0,0,0.0,0.8068272,0.17478463,0.018388258
3,0,0,0.0,0.55121756,0.31574652,0.13303599
3,0,1,0.0,0.24710456,0.69344085,0.059454817
3,0,0,0.0,0.82616425,0.1628386,0.0109972935
3,0,0,0.0,0.95424706,0.03999916,0.0057538203
95,0,0,0.0,0.9836435,0.011258442,0.005098239
95,0,0,0.0,0.9800066,0.013556851,0.006436649
95,0,0,0.0,0.9149796,0.08137862,0.003641888
95,0,0,2.9802322387695312e-08,0.92935675,0.067282,0.0033612314
95,0,0,2.9802322387695312e-08,0.96446186,0.032872584,0.002665709
95,0,0,5.960464477539063e-08,0.9725843,0.02403192,0.0033836626
95,0,0,0.0,0.9758781,0.022008993,0.002112954
95,0,0,0.0,0.94296545,0.053318758,0.0037159675
95,0,0,5.960464477539063e-08,0.9746119,0.020704065,0.00468405
95,0,0,1.4901161193847656e-08,0.97418797,0.02064001,0.005172032
95,0,0,0.0,0.98017496,0.014837995,0.00498713
95,0,0,0.0,0.57029676,0.041101243,0.3886021
95,0,0,5.960464477539063e-08,0.50278854,0.08267539,0.41453624
63,0,0,0.0,0.7092497,0.08333182,0.20741856
63,0,0,0.0,0.63594323,0.27125376,0.092803076
63,0,0,0.0,0.52821094,0.08855834,0.3832308
63,0,0,0.0,0.8422276,0.012082819,0.14568964
63,0,0,0.0,0.967167,0.010553567,0.022279484
63,0,0,0.0,0.9404027,0.0069637927,0.052633602
63,0,0,0.0,0.936987,0.005832328,0.057180807
63,0,0,0.0,0.94491047,0.007113518,0.04797605
63,0,0,1.4901161193847656e-08,0.9444527,0.008053861,0.047493435
63,0,0,0.0,0.97918606,0.0065599736,0.014254056
63,0,0,0.0,0.98520094,0.004664096,0.010135096
63,0,0,0.0,0.980247,0.0041635185,0.015589605
63,0,0,1.4901161193847656e-08,0.9664971,0.0049053323,0.028597672
357,0,2,0.0,0.050248906,0.116706036,0.8330451
357,0,0,5.960464477539063e-08,0.8420488,0.14210796,0.01584324
357,0,0,0.0,0.8080516,0.17650497,0.015443561
357,0,0,0.0,0.94968736,0.04702272,0.003289971
357,0,2,0.0,0.13070183,0.14679228,0.722506
357,0,0,5.960464477539063e-08,0.9782297,0.018708868,0.0030614035
357,0,0,0.0,0.97213215,0.02620809,0.0016597114
357,0,0,0.0,0.97811615,0.020264188,0.0016197342
357,0,0,2.9802322387695312e-08,0.9721948,0.02611168,0.0016934448
357,0,0,0.0,0.9803867,0.017757231,0.0018562013
357,0,0,0.0,0.9806356,0.01730085,0.0020637454
357,0,2,0.0,0.2991755,0.2347585,0.4660661
357,0,1,0.0,0.48506844,0.5094107,0.005520868
357,0,0,0.0,0.58260643,0.41127092,0.0061226697
357,0,0,0.0,0.94921887,0.047274567,0.0035065908
357,0,0,0.0,0.98266786,0.014186418,0.0031457902
357,0,0,0.0,0.9834959,0.014425957,0.0020782552
357,0,0,4.470348358154297e-08,0.9799673,0.01798045,0.002052214
357,0,0,0.0,0.58093786,0.2498786,0.16918363
357,0,1,0.0,0.1962829,0.7089951,0.09472205
357,0,1,0.0,0.16365898,0.8115959,0.024745187
357,0,0,0.0,0.79640305,0.19679631,0.0068006217
357,0,0,0.0,0.96391714,0.033454005,0.0026289127
357,0,0,0.0,0.8871942,0.1085382,0.00426758
357,0,2,0.0,0.27164343,0.16533498,0.5630218
357,0,1,0.0,0.22518861,0.67053294,0.10427848
357,0,1,0.0,0.2721646,0.708078,0.019757489
357,0,1,0.0,0.36785784,0.623267,0.008875166
357,0,0,0.0,0.63819635,0.35522795,0.0065757018
357,0,0,0.0,0.7728666,0.1619288,0.065204546
353,0,0,0.0,0.6665193,0.32175854,0.0117221875
353,0,0,0.0,0.72575897,0.26525187,0.008989269
353,0,0,0.0,0.6992516,0.27505583,0.02569267
353,0,0,0.0,0.74659735,0.24787524,0.0055274926
353,0,0,0.0,0.9398112,0.058642235,0.0015466744
353,0,0,0.0,0.8082295,0.18834618,0.0034244333
353,0,0,0.0,0.86467326,0.13244253,0.0028841721
353,0,0,0.0,0.8955427,0.10183361,0.002623767
353,0,0,0.0,0.8649965,0.1313722,0.0036314682
353,0,0,0.0,0.65677357,0.33284602,0.010380524
353,0,1,0.0,0.21701968,0.76116556,0.021814866
353,0,1,0.0,0.33774754,0.6560314,0.0062210513
353,0,0,0.0,0.818351,0.17928231,0.00236681
353,0,0,0.0,0.9374134,0.05997397,0.0026126953
353,0,0,0.0,0.960878,0.037261367,0.0018607439
353,0,0,0.0,0.904453,0.09119111,0.004355979
353,0,0,0.0,0.94161713,0.051170427,0.0072125965
353,0,0,0.0,0.93862545,0.0566553,0.0047194166
353,0,0,0.0,0.8880436,0.108327664,0.003628837
353,0,0,5.960464477539063e-08,0.9413229,0.05053068,0.008146395
353,0,0,0.0,0.9511796,0.04678193,0.0020384896
353,0,0,0.0,0.95959955,0.03845982,0.0019408312
353,0,1,0.0,0.4234477,0.558711,0.017841348
353,0,0,0.0,0.71333736,0.28225285,0.004409918
353,0,0,0.0,0.6532626,0.34241655,0.0043209433
353,0,0,1.4901161193847656e-08,0.9569112,0.041593306,0.0014955327
353,0,0,0.0,0.96013665,0.03798567,0.0018778229
353,0,0,0.0,0.7470453,0.24399333,0.008961394
353,0,0,0.0,0.7823878,0.20161404,0.01599826
353,0,0,0.0,0.8838793,0.10039809,0.015722744
353,0,0,2.9802322387695312e-08,0.9220091,0.073522486,0.0044684224
353,0,0,0.0,0.9571993,0.035346556,0.007454178
353,0,0,0.0,0.9743552,0.023049109,0.00259561
353,0,0,0.0,0.98139805,0.015919924,0.0026820034
353,0,0,0.0,0.9780947,0.020099685,0.001805783
353,0,0,0.0,0.9748889,0.02298972,0.0021213854
353,0,0,0.0,0.926684,0.07032104,0.0029949888
353,0,0,2.9802322387695312e-08,0.88208544,0.113036595,0.004878072
353,0,0,0.0,0.9689509,0.029451055,0.0015980128
353,0,0,0.0,0.95301056,0.044827983,0.002161467
353,0,0,5.960464477539063e-08,0.8603426,0.13511215,0.0045452113
353,0,0,0.0,0.77947104,0.21746746,0.0030615262
353,0,0,0.0,0.8007695,0.1961771,0.0030535832
353,0,0,0.0,0.9642744,0.034604512,0.0011210715
353,0,0,0.0,0.9887218,0.009871575,0.0014068563
353,0,0,0.0,0.9657451,0.031449027,0.00280592
353,0,0,0.0,0.9629857,0.033240907,0.003773442
353,0,0,0.0,0.9776739,0.02016089,0.002165194
353,0,0,5.960464477539063e-08,0.9846403,0.013599026,0.0017607234
353,0,0,0.0,0.98130935,0.017211145,0.0014795385
353,0,0,0.0,0.81031036,0.17205527,0.01763461
353,0,0,0.0,0.81829464,0.17250691,0.009198533
353,0,0,0.0,0.88411176,0.11194468,0.0039435476
353,0,0,0.0,0.9427969,0.05530939,0.0018937803
353,0,0,0.0,0.96752447,0.031119656,0.001356089
353,0,0,0.0,0.9841432,0.014667072,0.0011898968
353,0,0,0.0,0.98054975,0.017657697,0.0017926302
353,0,0,5.960464477539063e-08,0.9812322,0.01734104,0.001426703
353,0,0,0.0,0.980019,0.01874745,0.0012337074
353,0,0,0.0,0.9610783,0.031622678,0.007299109
353,0,0,0.0,0.95717835,0.040998627,0.001823137
353,0,0,0.0,0.97694016,0.021580227,0.0014797698
353,0,0,4.470348358154297e-08,0.9524576,0.046026193,0.0015161183
353,0,0,0.0,0.94739735,0.051011525,0.0015911908
92,0,1,0.0,0.26496902,0.607891,0.12714003
92,0,0,0.0,0.92302316,0.06922634,0.007750597
92,0,0,0.0,0.6933385,0.2717846,0.03487701
92,0,1,0.0,0.36236224,0.47433406,0.16330358
92,0,0,5.960464477539063e-08,0.9748694,0.009959977,0.015170613
92,0,0,5.960464477539063e-08,0.93469155,0.018800534,0.04650782
92,0,0,0.0,0.9259259,0.06418173,0.00989244
92,0,0,0.0,0.8519596,0.13719383,0.01084667
92,0,0,5.960464477539063e-08,0.9318802,0.020028329,0.04809144
92,0,0,0.0,0.9002709,0.09203799,0.007691224
92,0,0,0.0,0.9522086,0.04164992,0.0061415355
92,0,0,0.0,0.9614925,0.034601048,0.003906628
92,0,0,0.0,0.96277016,0.032654062,0.0045758863
92,0,0,0.0,0.90401125,0.035623927,0.06036491
92,0,0,1.4901161193847656e-08,0.96379614,0.032769363,0.0034344804
92,0,0,0.0,0.9758691,0.02116039,0.002970714
92,0,0,5.960464477539063e-08,0.90725195,0.088927,0.003821091
92,0,0,0.0,0.8936964,0.060573325,0.045730405
92,0,0,0.0,0.90071875,0.02531314,0.07396829
92,0,0,0.0,0.88623816,0.017055526,0.09670644
91,0,1,0.0,0.23557721,0.55105203,0.2133709
91,0,1,0.0,0.058245685,0.7974859,0.14426845
91,0,0,0.0,0.81161404,0.17036353,0.018022621
91,0,2,0.0,0.26431614,0.34002012,0.3956638
91,0,2,0.0,0.08357554,0.2453506,0.67107403
91,0,0,0.0,0.6655875,0.32704356,0.0073691257
91,0,1,0.0,0.13958853,0.66828644,0.1921251
91,0,2,0.0,0.10978539,0.15169401,0.73852074
91,0,0,0.0,0.73897994,0.22062352,0.040396582
91,0,2,0.0,0.17824964,0.27703205,0.5447183
91,0,2,5.960464477539063e-08,0.09194947,0.12466431,0.78338623
91,0,2,5.960464477539063e-08,0.21324535,0.15436701,0.63238776
91,0,2,0.0,0.22084935,0.1930064,0.58614427
356,0,0,0.0,0.9772378,0.021438142,0.0013240527
356,0,0,0.0,0.9602594,0.03841008,0.0013306085
356,0,0,6.705522537231445e-08,0.98689324,0.011903067,0.0012036618
356,0,0,0.0,0.9872203,0.010995013,0.0017848386
356,0,0,4.470348358154297e-08,0.9591877,0.038397606,0.002414769
356,0,0,0.0,0.94274443,0.05471762,0.002537949
356,0,0,0.0,0.9847263,0.014039894,0.0012338604
356,0,0,0.0,0.98694605,0.011573185,0.001480869
356,0,0,0.0,0.98767775,0.010321006,0.002001218
356,0,0,0.0,0.9701853,0.02626927,0.0035455374
356,0,0,0.0,0.96759313,0.030494599,0.0019122189
356,0,0,0.0,0.9747721,0.023411999,0.0018159834
356,0,0,0.0,0.9799247,0.01777603,0.0022992464
356,0,0,0.0,0.9062939,0.08354123,0.010164841
356,0,0,0.0,0.9440712,0.05257286,0.003356044
356,0,0,0.0,0.9178005,0.079482935,0.0027167331
209,0,0,0.0,0.93852043,0.038137574,0.023342203
209,0,0,0.0,0.6068282,0.27816534,0.115006566
209,0,0,4.470348358154297e-08,0.9450523,0.04350718,0.011440405
209,0,0,0.0,0.9709219,0.019327223,0.009751005
209,0,0,0.0,0.9106409,0.08069295,0.008666208
209,0,0,0.0,0.98019165,0.011838154,0.007970315
209,0,0,4.470348358154297e-08,0.9547598,0.016270386,0.028969804
209,0,0,1.4901161193847656e-08,0.96542764,0.022362677,0.012209791
209,0,0,0.0,0.97404814,0.014619864,0.0113320295
209,0,0,0.0,0.97977066,0.016039293,0.0041901427
209,0,0,8.940696716308594e-08,0.9200136,0.04623865,0.033747714
209,0,0,0.0,0.79669243,0.027516363,0.17579114
209,0,0,0.0,0.91296023,0.016568244,0.07047161
209,0,0,0.0,0.9126187,0.012483047,0.07489829
209,0,0,0.0,0.9466697,0.012111274,0.041219026
209,0,0,0.0,0.9729843,0.010918051,0.016097747
209,0,0,0.0,0.9791479,0.014510968,0.006341301
209,0,0,2.9802322387695312e-08,0.91871494,0.049644217,0.031640776
209,0,2,0.0,0.2325753,0.14544143,0.62198335
209,0,0,0.0,0.9808192,0.008516633,0.010664163
209,0,0,0.0,0.9756159,0.008470544,0.015913662
209,0,0,0.0,0.9602461,0.006418027,0.033336148
209,0,0,1.4901161193847656e-08,0.9751315,0.006334507,0.018533928
209,0,0,0.0,0.9729728,0.010610873,0.016416475
209,0,0,4.470348358154297e-08,0.953892,0.028091975,0.018016083
209,0,0,0.0,0.94277036,0.03301858,0.02421119
209,0,0,0.0,0.9733621,0.007570427,0.019067599
209,0,0,0.0,0.95954186,0.010964777,0.029493524
209,0,0,0.0,0.9526672,0.004742764,0.042590216
209,0,0,0.0,0.9517356,0.00607458,0.042189896
209,0,0,0.0,0.98116434,0.010069145,0.008766515
209,0,0,0.0,0.9722241,0.01102406,0.016751975
209,0,0,2.9802322387695312e-08,0.9317571,0.010243242,0.057999697
209,0,0,5.960464477539063e-08,0.9701492,0.017317059,0.01253368
209,0,0,0.0,0.9825441,0.008146092,0.009309812
209,0,0,0.0,0.97297287,0.0065987725,0.02042846
209,0,0,0.0,0.96926016,0.0068752686,0.023864774
209,0,0,0.0,0.9653362,0.021450467,0.013213389
209,0,0,1.4901161193847656e-08,0.94756144,0.03496496,0.017473571
209,0,0,0.0,0.96342623,0.0057609715,0.03081281
209,0,0,2.9802322387695312e-08,0.87931883,0.013144338,0.10753691
209,0,0,0.0,0.9114152,0.014645303,0.07393969
209,0,0,0.0,0.9297358,0.045526925,0.024737306
209,0,0,0.0,0.92554015,0.007532381,0.06692767
209,0,0,0.0,0.8337795,0.012409154,0.15381135
64,0,2,0.0,0.30698568,0.06758654,0.6254278
64,0,0,0.0,0.52333254,0.10749531,0.36917225
64,0,2,0.0,0.30984136,0.036494374,0.6536642
64,0,2,0.0,0.24745208,0.06829881,0.6842491
64,0,2,1.1920928955078125e-07,0.11586672,0.27432606,0.6098073
64,0,0,0.0,0.843019,0.044037394,0.112943605
64,0,0,0.0,0.5334449,0.11423321,0.352322
64,0,0,0.0,0.89113617,0.03405605,0.07480802
64,0,0,0.0,0.8105631,0.035985477,0.15345156
64,0,0,5.960464477539063e-08,0.6910907,0.090531215,0.2183782
64,0,0,0.0,0.8559379,0.016940271,0.12712197
64,0,0,0.0,0.9833028,0.0043756333,0.012321637
64,0,0,0.0,0.9767042,0.0077024144,0.015593435
64,0,0,4.470348358154297e-08,0.9438978,0.007393718,0.04870846
64,0,0,0.0,0.9051059,0.010728581,0.08416567
64,0,0,0.0,0.95945174,0.013860393,0.026687933
64,0,0,0.0,0.96698964,0.0042344625,0.028775878
64,0,0,0.0,0.98192114,0.0048190323,0.013259817
64,0,0,0.0,0.98139536,0.0047304407,0.01387424
64,0,0,0.0,0.917872,0.008044691,0.07408333
64,0,0,4.470348358154297e-08,0.96664166,0.00624364,0.02711477
64,0,0,7.450580596923828e-08,0.9832846,0.0075940434,0.009121329
64,0,0,0.0,0.8947918,0.0081346035,0.09707369
64,0,2,0.0,0.42318422,0.03293482,0.543881
0,0,0,0.0,0.81192255,0.17716989,0.0109076435
0,0,0,0.0,0.8917676,0.06948259,0.038749855
0,0,0,0.0,0.5832823,0.25549796,0.16121991
0,0,2,0.0,0.0534437,0.013977471,0.932579
0,0,2,0.0,0.42005873,0.0063971407,0.5735441
0,0,0,0.0,0.96473235,0.005344392,0.02992338
0,0,0,0.0,0.9852715,0.004914833,0.009813692
0,0,0,0.0,0.98455137,0.0058911247,0.009557667
0,0,0,0.0,0.98229706,0.0049748314,0.012728143
0,0,0,0.0,0.9792733,0.0065608216,0.014165956
0,0,0,0.0,0.9849207,0.0042709913,0.010808294
0,0,0,0.0,0.9842444,0.0037779557,0.011977824
0,0,0,0.0,0.97918427,0.0038096039,0.017006258
0,0,0,0.0,0.9840246,0.0040573278,0.011918021
0,0,0,0.0,0.9877107,0.003956493,0.008332892
0,0,0,0.0,0.9867143,0.0054830783,0.007802727
0,0,0,0.0,0.9862595,0.009049872,0.004690731
0,0,0,0.0,0.98547477,0.007890305,0.00663513
0,0,0,0.0,0.9876371,0.006538476,0.0058245375
0,0,0,0.0,0.97809327,0.01660439,0.0053025354
0,0,0,0.0,0.983563,0.013433371,0.003003753
0,0,0,0.0,0.9839221,0.011125966,0.004952073
0,0,0,0.0,0.9846878,0.010568377,0.004743904
0,0,0,0.0,0.96999395,0.024664268,0.0053419126
0,0,0,2.9802322387695312e-08,0.87644166,0.0893189,0.03423944
0,0,2,0.0,0.24471928,0.017437398,0.7378435
0,0,0,0.0,0.9674822,0.0039497125,0.028568136
0,0,0,0.0,0.9889642,0.0034615644,0.007574218
0,0,0,0.0,0.9801551,0.0045308582,0.0153141
0,0,0,0.0,0.982887,0.0037296454,0.013383417
0,0,0,0.0,0.9816713,0.004193957,0.01413489
0,0,0,0.0,0.9872828,0.0044585126,0.008258651
0,0,0,0.0,0.9886704,0.004524224,0.006805361
0,0,0,0.0,0.9859335,0.005101335,0.0089652585
0,0,0,0.0,0.9866781,0.004488445,0.008833574
0,0,0,5.21540641784668e-08,0.9878508,0.005646264,0.006502868
0,0,0,0.0,0.98643744,0.0053194296,0.008243087
0,0,0,0.0,0.98690796,0.0052176397,0.0078745745
0,0,0,0.0,0.9827136,0.0052181897,0.012068436
0,0,0,0.0,0.9850751,0.0065083923,0.008416653
0,0,0,0.0,0.98371696,0.0076410454,0.008642101
0,0,0,0.0,0.9841218,0.009937013,0.0059411554
0,0,0,0.0,0.9878488,0.008913786,0.0032374747
0,0,0,7.450580596923828e-09,0.98778206,0.008924785,0.0032931904
0,0,0,5.960464477539063e-08,0.98750746,0.009695993,0.0027964767
0,0,0,0.0,0.9817342,0.014192311,0.004073563
0,0,0,0.0,0.928507,0.06658759,0.00490548
0,0,0,0.0,0.82601464,0.01031285,0.16367257
0,0,0,7.450580596923828e-08,0.9608694,0.0038509464,0.035279613
0,0,0,5.960464477539063e-08,0.99059165,0.00421413,0.005194251
0,0,0,0.0,0.9899072,0.0043562427,0.005736758
0,0,0,0.0,0.98796284,0.0040589375,0.007978289
0,0,0,4.470348358154297e-08,0.98156565,0.003991799,0.014442545
0,0,0,0.0,0.98282945,0.005587694,0.0115828635
0,0,0,0.0,0.9882699,0.004567004,0.007163197
0,0,0,0.0,0.98950046,0.0039275046,0.0065720025
0,0,0,0.0,0.9889583,0.0058213198,0.005220372
0,0,0,0.0,0.9892368,0.0055074454,0.0052559352
0,0,0,0.0,0.98844635,0.0053948653,0.006158894
0,0,0,0.0,0.9866151,0.0046083224,0.008776704
0,0,0,0.0,0.987493,0.0046444614,0.007862698
0,0,0,0.0,0.9880438,0.005524344,0.0064319326
0,0,0,0.0,0.9812793,0.009127098,0.009593711
0,0,0,7.450580596923828e-09,0.98360264,0.006841927,0.009555416
0,0,0,5.21540641784668e-08,0.98839587,0.0073808366,0.0042232927
0,0,0,5.960464477539063e-08,0.98820895,0.008020411,0.0037705894
0,0,0,0.0,0.9896702,0.0076518375,0.0026780597
0,0,0,0.0,0.9861097,0.0075413766,0.0063490346
0,0,0,0.0,0.95483255,0.03234808,0.012819422
0,0,0,0.0,0.98799187,0.00794779,0.004060378
0,0,0,0.0,0.9838573,0.00537052,0.010772437
0,0,0,0.0,0.99233794,0.0041201287,0.0035420614
0,0,0,0.0,0.98994166,0.004249108,0.0058094263
0,0,0,0.0,0.9891915,0.0032937396,0.0075147734
0,0,0,0.0,0.9893828,0.004032954,0.0065844585
0,0,0,0.0,0.98482174,0.0045343293,0.01064398
0,0,0,7.450580596923828e-08,0.9861061,0.0038739352,0.010019912
0,0,0,0.0,0.98423404,0.0041037565,0.011662203
0,0,0,0.0,0.9881727,0.0049674828,0.0068598934
0,0,0,0.0,0.9905998,0.0041624983,0.005237684
0,0,0,0.0,0.990687,0.004924719,0.0043883645
0,0,0,3.725290298461914e-09,0.99015856,0.0066657537,0.0031756193
0,0,0,0.0,0.98879194,0.008527541,0.002680551
0,0,0,0.0,0.98678434,0.0064962073,0.00671954
0,0,0,1.4901161193847656e-08,0.9803745,0.012195849,0.00742971
0,0,0,0.0,0.97758204,0.008446062,0.01397192
0,0,0,0.0,0.9846765,0.006883558,0.008440003
0,0,0,0.0,0.9881763,0.006630686,0.005193213
0,0,0,0.0,0.98709667,0.008297042,0.004606481
0,0,0,0.0,0.98571205,0.0069088424,0.007379179
0,0,0,0.0,0.9647784,0.019351577,0.015870059
0,0,0,0.0,0.9478659,0.005956209,0.0461779
0,0,0,0.0,0.9897689,0.0051030666,0.005128165
0,0,0,0.0,0.98821443,0.0054738517,0.0063118064
0,0,0,0.0,0.99042135,0.0064943833,0.0030843422
0,0,0,0.0,0.9896747,0.0053851884,0.004940181
0,0,0,0.0,0.9894191,0.0044743856,0.0061065517
0,0,0,0.0,0.98831594,0.0045167273,0.007167345
0,0,0,0.0,0.98681885,0.0035199092,0.009661351
0,0,0,0.0,0.98602885,0.0038924406,0.010078681
0,0,0,0.0,0.98344654,0.0038441839,0.012709336
0,0,0,0.0,0.98822767,0.004279776,0.0074926717
0,0,0,0.0,0.98896706,0.006072868,0.0049601267
0,0,0,0.0,0.9884006,0.0055784215,0.006021188
0,0,0,5.21540641784668e-08,0.9895212,0.0062141493,0.004264585
0,0,0,0.0,0.9880262,0.005135012,0.0068387827
0,0,0,0.0,0.98576254,0.006791927,0.0074455845
0,0,0,0.0,0.98108953,0.007427312,0.011483254
0,0,0,0.0,0.96895427,0.008856683,0.022189021
0,0,0,4.470348358154297e-08,0.9820797,0.006628223,0.011292055
0,0,0,5.21540641784668e-08,0.9840786,0.0071346336,0.008786737
0,0,0,0.0,0.98075104,0.015208386,0.004040523
0,0,0,0.0,0.977102,0.008077713,0.014820367
0,0,0,0.0,0.978527,0.007739939,0.013733232
0,0,0,0.0,0.98205054,0.003717701,0.01423184
0,0,0,0.0,0.97665423,0.0052023437,0.018143563
0,0,0,0.0,0.9849004,0.004205285,0.01089455
0,0,0,5.21540641784668e-08,0.9867369,0.004205985,0.009057047
0,0,0,0.0,0.98531353,0.004919237,0.009767297
0,0,0,0.0,0.9830447,0.005400721,0.011554581
0,0,0,5.21540641784668e-08,0.9786827,0.005082561,0.016234666
0,0,0,0.0,0.9765744,0.0050232206,0.018402386
0,0,0,0.0,0.98375505,0.0049660597,0.011278903
0,0,0,0.0,0.98525286,0.0075779497,0.0071690846
0,0,0,0.0,0.9784317,0.005173625,0.016394734
0,0,0,0.0,0.948249,0.007274627,0.044476487
0,0,0,7.450580596923828e-08,0.9460766,0.010587942,0.043335475
0,0,0,5.960464477539063e-08,0.8727266,0.013729225,0.11354401
0,0,0,0.0,0.75363153,0.010818972,0.23554963
0,0,0,0.0,0.9115335,0.004418904,0.08404768
0,0,0,0.0,0.9061618,0.007794375,0.08604389
0,0,0,0.0,0.86660016,0.005938176,0.12746185
0,0,0,0.0,0.9610855,0.002845927,0.036068574
0,0,0,0.0,0.98120034,0.00356173,0.015237967
0,0,0,0.0,0.9793568,0.0049109333,0.015732372
0,0,0,0.0,0.9857773,0.004080941,0.010141752
0,0,0,1.4901161193847656e-08,0.98118925,0.0041573173,0.014653377
0,0,0,0.0,0.9454028,0.004498326,0.05009897
109,0,0,0.0,0.48502588,0.1531812,0.36179304
109,0,2,0.0,0.05885093,0.12408181,0.8170673
109,0,0,0.0,0.8351981,0.033944126,0.13085778
109,0,0,0.0,0.9677253,0.012120812,0.020153953
109,0,0,0.0,0.9785571,0.012206823,0.009236125
109,0,0,0.0,0.4611528,0.3558011,0.18304616
109,0,0,0.0,0.96680087,0.014376726,0.018822411
109,0,0,0.0,0.9670292,0.025401903,0.007568831
109,0,0,0.0,0.98413026,0.011977916,0.0038919174
109,0,0,0.0,0.9810953,0.013853231,0.0050516366
109,0,2,0.0,0.28219792,0.03352834,0.68427384
109,0,0,0.0,0.9705705,0.021124013,0.008305596
109,0,0,0.0,0.9754186,0.02049097,0.0040904367
109,0,0,0.0,0.9870291,0.009426244,0.0035447548
109,0,0,0.0,0.98106956,0.014099032,0.0048314175
109,0,0,5.960464477539063e-08,0.8941809,0.06862204,0.037197094
109,0,0,0.0,0.6151872,0.19805722,0.1867557
109,0,0,0.0,0.832755,0.0059140157,0.16133115
109,0,0,2.9802322387695312e-08,0.951708,0.035210013,0.013082027
109,0,0,0.0,0.9873768,0.008483046,0.0041401773
109,0,0,5.960464477539063e-08,0.9717222,0.02195534,0.0063224635
109,0,0,2.9802322387695312e-08,0.93551266,0.05254919,0.011938048
109,0,0,0.0,0.8289945,0.13976997,0.031235565
109,0,0,0.0,0.73801196,0.16838324,0.093604736
109,0,2,5.960464477539063e-08,0.2600228,0.032121204,0.7078562
109,0,0,4.470348358154297e-08,0.96240675,0.0056177443,0.03197547
109,0,0,0.0,0.840858,0.11751284,0.04162925
109,0,0,7.450580596923828e-08,0.9459483,0.04244665,0.011605055
109,0,0,4.470348358154297e-08,0.96678215,0.026422938,0.0067948517
109,0,0,0.0,0.9560129,0.03113663,0.012850397
109,0,0,5.960464477539063e-08,0.85439456,0.10535641,0.040249117
109,0,0,5.960464477539063e-08,0.68937355,0.1882947,0.12233178
109,0,0,0.0,0.5788151,0.044276487,0.37690857
109,0,0,1.4901161193847656e-08,0.9806133,0.012458394,0.0069282437
109,0,0,7.450580596923828e-08,0.95081824,0.041481487,0.0077001634
109,0,0,0.0,0.9584122,0.03343938,0.008148505
109,0,0,0.0,0.9533714,0.037576,0.009052505
109,0,0,0.0,0.95621884,0.02467039,0.019110747
109,0,0,0.0,0.927413,0.046309132,0.026278136
109,0,0,0.0,0.9652876,0.009186221,0.025526209
109,0,0,5.960464477539063e-08,0.98552716,0.010775607,0.0036970673
109,0,0,0.0,0.9648182,0.027580105,0.0076017166
109,0,0,5.960464477539063e-08,0.9652168,0.026715469,0.008067628
109,0,0,5.960464477539063e-08,0.9692655,0.02467362,0.006060854
109,0,0,0.0,0.97165227,0.01657256,0.011775246
109,0,0,0.0,0.9427538,0.03846344,0.018783014
109,0,0,0.0,0.98738253,0.008041305,0.0045763166
109,0,0,0.0,0.9819391,0.011993764,0.006067317
109,0,0,0.0,0.98229575,0.011925428,0.00577888
109,0,0,0.0,0.97625774,0.016476674,0.0072655994
109,0,0,0.0,0.96607107,0.018070709,0.015858445
109,0,0,0.0,0.97607034,0.01321265,0.010717175
109,0,0,0.0,0.938126,0.051931713,0.00994235
109,0,0,0.0,0.9663434,0.02583067,0.007825986
109,0,0,0.0,0.98511356,0.010289503,0.0045969365
109,0,0,0.0,0.9762536,0.019068465,0.0046779187
109,0,0,0.0,0.88667774,0.067976065,0.045346342
109,0,0,0.0,0.8630915,0.13151146,0.0053971475
197,0,0,0.0,0.8603405,0.1343216,0.005338022
197,0,0,0.0,0.7390767,0.2578515,0.003071957
197,0,0,0.0,0.72270525,0.2748541,0.0024408163
197,0,0,5.960464477539063e-08,0.6026084,0.39267954,0.0047120797
197,0,0,0.0,0.8111953,0.18533805,0.0034669163
197,0,0,0.0,0.77914923,0.21454121,0.006309775
197,0,0,0.0,0.8129453,0.18550242,0.0015523882
197,0,0,0.0,0.924633,0.07320846,0.0021585305
197,0,0,0.0,0.95247096,0.045691226,0.0018377779
197,0,0,0.0,0.70554775,0.2901141,0.0043381737
197,0,0,0.0,0.8956923,0.10214837,0.0021594323
197,0,0,0.0,0.9331218,0.06518512,0.0016931461
197,0,0,0.0,0.96363586,0.034829408,0.0015348935
197,0,0,0.0,0.9449979,0.053739198,0.001262994
197,0,0,0.0,0.738928,0.25824156,0.0028304216
197,0,1,0.0,0.22527902,0.72690773,0.047813457
197,0,0,0.0,0.72561896,0.27226502,0.00211604
197,0,0,0.0,0.97003645,0.028146219,0.0018175055
197,0,0,0.0,0.95801115,0.04008769,0.0019012511
197,0,0,0.0,0.73205,0.2648965,0.0030535455
197,0,0,0.0,0.9268513,0.07092085,0.0022279248
197,0,0,0.0,0.92434275,0.07351448,0.0021427623
197,0,0,0.0,0.9634082,0.034606013,0.0019859711
197,0,0,0.0,0.8034478,0.19337669,0.0031756377
197,0,1,0.0,0.32918212,0.66204554,0.008772452
197,0,0,5.960464477539063e-08,0.59355664,0.36178702,0.044656374
197,0,1,5.960464477539063e-08,0.18736678,0.6895931,0.12304019
197,0,0,0.0,0.8530488,0.14392214,0.0030291383
197,0,0,0.0,0.94266415,0.055090252,0.0022457691
197,0,0,0.0,0.94706774,0.05096105,0.0019711957
197,0,0,0.0,0.8867554,0.11107656,0.0021681169
197,0,0,2.9802322387695312e-08,0.90969336,0.087654226,0.0026524577
197,0,0,0.0,0.97263086,0.025315922,0.0020532976
197,0,0,0.0,0.9823984,0.014922168,0.0026795147
197,0,0,2.9802322387695312e-08,0.93935037,0.05882178,0.0018279422
197,0,1,0.0,0.2269644,0.76300144,0.010034304
197,0,1,0.0,0.4237444,0.5141542,0.0621014
197,0,0,0.0,0.82559013,0.17026153,0.0041484144
197,0,0,0.0,0.78293747,0.21388426,0.0031783371
197,0,0,0.0,0.7180631,0.2797414,0.0021955983
197,0,0,0.0,0.8809538,0.117015876,0.0020304967
197,0,0,0.0,0.66646236,0.33063257,0.0029051495
197,0,1,0.0,0.31766337,0.6704904,0.011846241
197,0,0,0.0,0.48519403,0.4797888,0.035017252
197,0,0,0.0,0.5478006,0.44916248,0.00303708
197,0,0,0.0,0.6717558,0.32473567,0.003508653
197,0,0,0.0,0.67811054,0.31391817,0.007971387
197,0,0,0.0,0.69580895,0.2751742,0.029016938
197,0,0,0.0,0.6393316,0.30191794,0.058750577
110,0,0,0.0,0.96615887,0.0189763,0.014864984
110,0,0,0.0,0.9607201,0.009916465,0.02936349
110,0,0,0.0,0.8819085,0.050948538,0.067143045
110,0,0,0.0,0.9560215,0.021499943,0.02247867
110,0,0,0.0,0.9682197,0.011967868,0.019812565
110,0,0,0.0,0.9283649,0.027044654,0.044590436
110,0,0,0.0,0.6707197,0.110280395,0.21899994
110,0,0,0.0,0.84983844,0.05217476,0.097986825
110,0,0,0.0,0.95157707,0.015767565,0.032655463
110,0,0,0.0,0.9615514,0.0202291,0.018219544
110,0,0,0.0,0.7607828,0.09887444,0.1403428
110,0,0,5.960464477539063e-08,0.6345649,0.09555382,0.26988152
110,0,0,5.960464477539063e-08,0.9377143,0.028969534,0.033316154
110,0,0,0.0,0.9424272,0.028513636,0.029059162
110,0,2,0.0,0.06942603,0.083555415,0.84701866
33,0,0,0.0,0.5660088,0.3890231,0.044968158
33,0,0,0.0,0.95709133,0.039530657,0.0033779817
33,0,0,0.0,0.97810185,0.019150646,0.002747575
33,0,0,0.0,0.98571265,0.012309093,0.0019782512
33,0,0,0.0,0.96665776,0.03135307,0.0019892172
33,0,0,0.0,0.97485685,0.022489468,0.0026536784
33,0,0,0.0,0.9867311,0.010899601,0.00236937
33,0,0,2.9802322387695312e-08,0.9713308,0.026738107,0.0019309918
33,0,0,0.0,0.97981083,0.017550537,0.0026387426
33,0,0,0.0,0.77709216,0.21067908,0.012228826
33,0,0,0.0,0.97973454,0.009404155,0.010861467
33,0,0,0.0,0.9836942,0.011066722,0.0052391426
33,0,0,0.0,0.9834704,0.007232389,0.009297404
33,0,0,0.0,0.9922558,0.00460952,0.0031347559
33,0,0,0.0,0.990097,0.0059078652,0.0039954437
33,0,0,0.0,0.98871803,0.009587053,0.0016950194
33,0,0,0.0,0.9857331,0.012840119,0.0014268316
33,0,0,0.0,0.98915446,0.009285119,0.0015604768
33,0,0,0.0,0.9821531,0.015103035,0.002743989
33,0,0,0.0,0.97988296,0.01793924,0.0021778701
33,0,0,8.940696716308594e-08,0.9747149,0.021040298,0.0042448635
33,0,0,0.0,0.96340096,0.028697211,0.007901888
33,0,0,0.0,0.8008543,0.1142176,0.08492808
33,0,0,0.0,0.89019346,0.048090983,0.061715588
33,0,0,0.0,0.9401131,0.04041639,0.019470649
33,0,0,0.0,0.9571339,0.033811186,0.009055096
33,0,0,0.0,0.97719973,0.013034295,0.009765937
33,0,0,5.960464477539063e-08,0.9750715,0.009706966,0.015221409
33,0,0,0.0,0.9838524,0.010802183,0.0053456225
33,0,0,0.0,0.99112123,0.0071622846,0.001716663
33,0,0,0.0,0.94764036,0.04964174,0.0027178759
33,0,0,0.0,0.9898038,0.008357631,0.0018386457
33,0,0,0.0,0.98937935,0.008665539,0.0019552673
33,0,0,0.0,0.9835018,0.008534118,0.007964077
33,0,1,5.960464477539063e-08,0.36580276,0.6007062,0.033491027
33,0,0,0.0,0.5302195,0.4364823,0.033298343
33,0,0,0.0,0.8775758,0.08797296,0.034451313
33,0,0,0.0,0.9165462,0.061495814,0.021958077
33,0,0,5.960464477539063e-08,0.93672293,0.050293,0.012984129
33,0,0,0.0,0.9725036,0.022413565,0.005083
33,0,0,0.0,0.95913166,0.032787,0.008081466
33,0,0,0.0,0.971198,0.012841748,0.015960352
33,0,0,0.0,0.9798012,0.018239345,0.001959601
33,0,0,0.0,0.9786298,0.011071572,0.010298657
33,0,0,0.0,0.99000937,0.0065677264,0.0034230063
33,0,0,0.0,0.98939383,0.007884663,0.0027215304
33,0,0,7.450580596923828e-09,0.9846985,0.006422668,0.008878903
33,0,0,0.0,0.529538,0.462607,0.007855043
33,0,1,0.0,0.40194607,0.5625138,0.035540204
33,0,0,0.0,0.84858894,0.14391196,0.007499313
33,0,0,0.0,0.7296396,0.26268932,0.0076711127
33,0,0,0.0,0.6359327,0.35320932,0.010858028
33,0,0,0.0,0.7648364,0.21590388,0.019259952
33,0,0,0.0,0.8697697,0.12013305,0.010097291
33,0,0,0.0,0.88809395,0.0920101,0.019896176
33,0,0,0.0,0.97517735,0.017967483,0.0068551265
33,0,0,0.0,0.97852623,0.017065044,0.0044088117
33,0,0,0.0,0.99065834,0.0071759657,0.0021657834
33,0,0,0.0,0.9912886,0.005347838,0.0033635753
33,0,0,0.0,0.9741358,0.0202964,0.0055678817
33,0,1,0.0,0.31868294,0.464362,0.21695508
33,0,1,0.0,0.12626214,0.8085987,0.0651392
33,0,0,0.0,0.715114,0.2696466,0.015239587
33,0,0,0.0,0.6795975,0.28800172,0.032400977
33,0,0,0.0,0.5866103,0.35329202,0.060097795
33,0,0,0.0,0.7493853,0.22699685,0.023618013
33,0,0,0.0,0.72235817,0.26654655,0.01109536
33,0,0,0.0,0.7994596,0.19164473,0.008895677
33,0,0,5.21540641784668e-08,0.98903954,0.008268242,0.002692078
33,0,0,0.0,0.9721442,0.02227883,0.0055770464
33,0,0,7.450580596923828e-09,0.9816133,0.014191953,0.004194763
33,0,0,0.0,0.9576568,0.022007564,0.02033582
33,0,0,1.1920928955078125e-07,0.6160884,0.2920049,0.09190667
33,0,2,5.960464477539063e-08,0.20845725,0.21689595,0.574647
33,0,0,0.0,0.6027981,0.18499576,0.21220624
33,0,0,0.0,0.5850741,0.36714053,0.047785304
33,0,0,0.0,0.578343,0.4029639,0.01869319
33,0,0,0.0,0.8614188,0.13061784,0.007963405
33,0,0,0.0,0.92918503,0.064587034,0.0062279254
33,0,0,0.0,0.9192688,0.06347023,0.017260991
33,0,0,0.0,0.8672657,0.09424961,0.038484994
33,0,1,0.0,0.4297762,0.5320393,0.038184576
33,0,1,5.960464477539063e-08,0.3385039,0.62578374,0.035712402
33,0,0,0.0,0.48532355,0.3789173,0.13575915
33,0,0,0.0,0.48048285,0.4110194,0.10849774
354,0,0,0.0,0.973507,0.025257275,0.0012357876
354,0,0,0.0,0.9018817,0.09424033,0.003878101
354,0,0,0.0,0.9119372,0.08645642,0.0016065402
354,0,0,0.0,0.9599772,0.038322594,0.0017003298
354,0,0,4.470348358154297e-08,0.96977866,0.02864821,0.0015730548
354,0,0,2.9802322387695312e-08,0.9339029,0.06414116,0.0019558193
354,0,0,0.0,0.9255008,0.07269282,0.0018065805
354,0,0,0.0,0.9708552,0.026989568,0.0021554695
354,0,0,0.0,0.97858286,0.019629028,0.0017881907
354,0,0,0.0,0.98632157,0.012285673,0.0013928608
354,0,0,0.0,0.9707722,0.027810004,0.0014178958
354,0,0,0.0,0.9683948,0.029960908,0.0016444742
354,0,0,1.4901161193847656e-08,0.96413946,0.034292355,0.0015681563
354,0,0,5.960464477539063e-08,0.9705339,0.027468324,0.00199768
354,0,0,0.0,0.8672329,0.12361706,0.009150027
354,0,0,0.0,0.93022645,0.06499145,0.00478223
354,0,0,0.0,0.97900826,0.01845327,0.0025386547
354,0,0,0.0,0.97707283,0.021115735,0.0018114732
354,0,0,0.0,0.96687025,0.03115838,0.001971641
354,0,0,0.0,0.96424454,0.03400443,0.0017510989
354,0,0,4.470348358154297e-08,0.9390456,0.05938584,0.0015685174
354,0,0,0.0,0.93070376,0.06777705,0.001519262
354,0,0,0.0,0.86628693,0.13189355,0.0018196318
354,0,0,0.0,0.85901785,0.12311937,0.017862817
354,0,0,0.0,0.9130582,0.08084494,0.006096927
354,0,0,0.0,0.9770488,0.020940255,0.00201109
354,0,0,0.0,0.93403286,0.061648265,0.004318832
354,0,0,0.0,0.9226436,0.07502117,0.0023353384
354,0,0,0.0,0.95283526,0.045633305,0.0015314647
354,0,0,0.0,0.9405557,0.057595614,0.0018488148
354,0,0,0.0,0.9456176,0.05130062,0.003081887
354,0,0,0.0,0.8836355,0.10864588,0.007718673
354,0,0,0.0,0.9022838,0.09283614,0.0048802844
354,0,0,0.0,0.8496829,0.1468442,0.0034729936
354,0,0,0.0,0.9713116,0.026652897,0.0020354814
354,0,0,0.0,0.9770149,0.019234141,0.0037510158
354,0,0,0.0,0.97405595,0.023454024,0.0024899694
354,0,0,0.0,0.8551504,0.12682907,0.01802061
94,0,0,0.0,0.7508661,0.13721952,0.1119144
94,0,0,0.0,0.9443655,0.053436898,0.0021978712
94,0,0,0.0,0.9644496,0.033942863,0.0016076099
94,0,1,5.960464477539063e-08,0.13645737,0.8288776,0.034665
94,0,0,0.0,0.88459647,0.111830056,0.003573458
94,0,0,4.470348358154297e-08,0.9554945,0.042657975,0.0018473625
94,0,0,0.0,0.90845066,0.086748965,0.004800485
94,0,0,5.960464477539063e-08,0.7088972,0.21565467,0.07544811
94,0,0,5.960464477539063e-08,0.89374375,0.102427796,0.0038284848
94,0,0,0.0,0.92158645,0.07595184,0.0024617526
94,0,0,0.0,0.9488071,0.045606237,0.0055867643
94,0,0,0.0,0.9273476,0.06799388,0.004658517
94,0,2,0.0,0.0412573,0.22419468,0.7345481
94,0,0,0.0,0.96218985,0.035308912,0.0025012698
78,0,2,0.0,0.16922227,0.016528986,0.8142488
78,0,0,0.0,0.71202576,0.0573595,0.23061495
78,0,0,0.0,0.830307,0.03653914,0.133154
78,0,0,0.0,0.7343991,0.016362878,0.24923815
78,0,0,0.0,0.96999466,0.00531256,0.024692904
78,0,0,0.0,0.9676992,0.018213116,0.014087763
78,0,0,0.0,0.8349962,0.009662724,0.15534124
78,0,1,0.0,0.39859676,0.5969844,0.0044189966
78,0,0,2.9802322387695312e-08,0.8621012,0.12039222,0.017506506
78,0,0,0.0,0.57653,0.14007933,0.2833907
355,0,0,0.0,0.9817791,0.015837952,0.0023831062
355,0,0,0.0,0.98190826,0.015592021,0.0024997734
355,0,0,0.0,0.97744757,0.02094742,0.0016051221
355,0,0,1.4901161193847656e-08,0.9734813,0.025061768,0.001457004
355,0,0,0.0,0.939732,0.05768121,0.0025867708
355,0,0,0.0,0.97697586,0.021468755,0.0015553526
355,0,0,0.0,0.9758897,0.022577876,0.0015325459
355,0,0,0.0,0.9520716,0.04479404,0.0031342779
355,0,0,0.0,0.97416776,0.023227243,0.0026051055
355,0,0,0.0,0.97608274,0.022202378,0.0017149661
355,0,0,0.0,0.9731074,0.025605569,0.0012871033
355,0,0,0.0,0.772586,0.19259739,0.034816775
355,0,0,0.0,0.8306076,0.15292108,0.01647144
355,0,0,0.0,0.88538545,0.10671601,0.007898701
371,0,0,0.0,0.38149977,0.28116336,0.3373369
371,0,0,0.0,0.97046703,0.013759058,0.015773928
371,0,2,0.0,0.17973952,0.115404405,0.70485616
371,0,0,0.0,0.95463514,0.023523018,0.021841971
371,0,0,0.0,0.983037,0.006145736,0.010817271
371,0,0,0.0,0.86470604,0.052431427,0.082862675
371,0,2,1.1920928955078125e-07,0.35258406,0.28398943,0.3634265
371,0,0,0.0,0.6835825,0.2857897,0.030627836
371,0,0,0.0,0.9635602,0.03139882,0.005041114
371,0,0,0.0,0.9865794,0.007838296,0.00558232
371,0,0,0.0,0.89615595,0.09211768,0.0117263915
371,0,0,0.0,0.8864927,0.107660845,0.0058464813
371,0,0,0.0,0.805963,0.17874838,0.015288789
371,0,0,0.0,0.5639972,0.36581635,0.07018647
351,0,2,0.0,0.0937104,0.4168456,0.4894441
351,0,1,0.0,0.2523527,0.57010627,0.17754109
351,0,2,0.0,0.2558469,0.21742249,0.52673066
351,0,0,0.0,0.45386344,0.39583755,0.15029919
351,0,1,0.0,0.36216617,0.45579123,0.18204273
351,0,0,5.960464477539063e-08,0.5200602,0.08351999,0.39641997
351,0,2,0.0,0.033514287,0.03695139,0.9295344
351,0,1,0.0,0.2995299,0.4186616,0.28180864
351,0,0,0.0,0.8708644,0.05731138,0.07182426
351,0,2,0.0,0.39606273,0.12056221,0.48337507
351,0,0,0.0,0.85343975,0.11931181,0.027248634
351,0,0,0.0,0.94349855,0.020109305,0.036392376
351,0,0,0.0,0.7501301,0.025239924,0.22463006
351,0,0,0.0,0.96989673,0.019451588,0.010651636
351,0,0,0.0,0.89838165,0.06570578,0.035912663
351,0,0,0.0,0.92088705,0.05199466,0.02711848
351,0,0,0.0,0.872554,0.0375956,0.08985057
351,0,0,0.0,0.86374706,0.08067775,0.055575293
351,0,0,0.0,0.96179074,0.026216758,0.011992604
351,0,0,0.0,0.89543074,0.06276106,0.04180833
351,0,0,0.0,0.7881466,0.097575724,0.11427777
351,0,0,5.960464477539063e-08,0.6300366,0.29153812,0.07842542
351,0,0,0.0,0.81604236,0.10647554,0.07748214
351,0,2,0.0,0.34146094,0.19348352,0.4650556
62,0,2,0.0,0.038704216,0.022514312,0.93878144
62,0,2,0.0,0.050468996,0.07200825,0.8775229
62,0,0,0.0,0.47875282,0.17947614,0.34177113
62,0,0,0.0,0.7954388,0.15994215,0.044619106
62,0,0,0.0,0.92492074,0.044411745,0.030667672
62,0,0,0.0,0.8238868,0.13732266,0.038790677
62,0,0,0.0,0.89979035,0.09672604,0.0034837082
62,0,0,0.0,0.5869761,0.019983793,0.39304018
62,0,2,0.0,0.2051397,0.2551015,0.5397589
62,0,0,0.0,0.79529494,0.20006087,0.0046441955
62,0,0,0.0,0.9122869,0.08552117,0.0021920437
62,0,0,0.0,0.88780177,0.012090951,0.10010732
62,0,0,5.960464477539063e-08,0.84332716,0.13026789,0.026404971
62,0,0,0.0,0.98470116,0.011287188,0.0040117567
62,0,0,0.0,0.9762135,0.01329098,0.010495617
62,0,0,0.0,0.9834251,0.0064200256,0.0101548955
170,1,1,0.0,0.0042042346,0.9896345,0.006161426
170,1,1,0.0,0.004926629,0.9898152,0.005258309
170,1,1,0.0,0.007479111,0.98611164,0.006409409
170,1,1,5.21540641784668e-08,0.0070655956,0.98766005,0.0052742953
170,1,1,0.0,0.009152175,0.9849153,0.005932612
170,1,1,0.0,0.008377003,0.98573685,0.005886377
170,1,1,0.0,0.006841343,0.98337454,0.009784339
170,1,1,7.450580596923828e-09,0.008181606,0.98517716,0.0066412357
170,1,1,0.0,0.008066205,0.98712873,0.0048051956
170,1,1,0.0,0.006825546,0.9880481,0.0051264022
170,1,1,0.0,0.009076471,0.98601145,0.004912266
170,1,1,0.0,0.009896961,0.9857118,0.004391308
170,1,1,0.0,0.010506469,0.98466915,0.004824444
170,1,1,0.0,0.0075325104,0.98432106,0.008146349
170,1,1,0.0,0.0057141255,0.98194206,0.012343878
170,1,1,0.0,0.0047016856,0.9828386,0.012460016
170,1,1,0.0,0.0059913713,0.9687471,0.025261708
170,1,1,0.0,0.015068333,0.9792795,0.005652301
170,1,1,0.0,0.008532465,0.9863826,0.0050850217
170,1,1,0.0,0.007058877,0.9884793,0.0044618244
170,1,1,0.0,0.008168984,0.9866018,0.005229359
170,1,1,7.450580596923828e-09,0.014095395,0.9806219,0.00528278
170,1,1,0.0,0.0134616755,0.98213065,0.004407799
170,1,1,0.0,0.009657861,0.98532975,0.0050123413
170,1,1,7.450580596923828e-09,0.0081363255,0.98495156,0.0069121374
170,1,1,0.0,0.0059523988,0.98202515,0.012022491
170,1,1,0.0,0.011260106,0.9694776,0.019262318
170,1,1,0.0,0.018229103,0.8735985,0.108172454
170,1,1,0.0,0.011902789,0.9806013,0.0074959025
170,1,1,0.0,0.01017518,0.9839306,0.005894365
170,1,1,5.21540641784668e-08,0.008606155,0.98598534,0.0054084314
170,1,1,0.0,0.012374947,0.98142755,0.0061975336
170,1,1,7.450580596923828e-09,0.013657492,0.98175246,0.004590061
170,1,1,7.450580596923828e-09,0.0100007625,0.9855342,0.0044650505
170,1,1,0.0,0.008042692,0.98721784,0.0047396347
170,1,1,0.0,0.0077330256,0.9873482,0.004918756
170,1,1,0.0,0.014234168,0.92388123,0.06188462
170,1,1,0.0,0.02105599,0.8810553,0.09788872
170,1,1,0.0,0.012004275,0.92689085,0.06110498
170,1,1,0.0,0.007940074,0.98320496,0.008855061
170,1,1,0.0,0.0075437683,0.9866659,0.0057903626
170,1,1,0.0,0.015190295,0.97842306,0.0063867895
170,1,1,0.0,0.0132528,0.98167527,0.005072049
170,1,1,6.705522537231445e-08,0.011756613,0.982638,0.0056054215
170,1,1,0.0,0.008685574,0.9869032,0.004411329
170,1,1,0.0,0.007249611,0.9854929,0.0072575216
170,1,1,7.450580596923828e-09,0.011569124,0.9805204,0.007910484
170,1,1,0.0,0.014118959,0.9476328,0.038248375
170,1,1,0.0,0.021861602,0.9198891,0.05824928
170,1,1,0.0,0.01775802,0.9611622,0.021079835
170,1,1,0.0,0.009407731,0.98482555,0.005766801
170,1,1,4.470348358154297e-08,0.010799041,0.9828684,0.0063325167
170,1,1,0.0,0.010085565,0.9827548,0.0071596964
170,1,1,0.0,0.036239695,0.6522334,0.31152692
170,1,1,0.0,0.016596094,0.9241459,0.059258126
170,1,1,0.0,0.018815609,0.91579,0.06539444
170,1,1,0.0,0.032226864,0.8021719,0.16560133
170,1,2,0.0,0.059837326,0.16738547,0.77277726
48,1,0,0.0,0.8291988,0.009142888,0.16165847
48,1,0,0.0,0.9280491,0.057617977,0.014333111
48,1,0,0.0,0.8630924,0.11719536,0.019712355
48,1,0,0.0,0.5822074,0.38161308,0.03617947
48,1,0,0.0,0.6160804,0.3457687,0.038151022
146,1,1,0.0,0.005884749,0.98725504,0.006860388
146,1,1,0.0,0.0052113193,0.988205,0.0065837395
146,1,1,0.0,0.0040638587,0.9589338,0.037002455
146,1,1,0.0,0.016027084,0.9614691,0.022503838
146,1,1,0.0,0.019624108,0.9687347,0.011641297
146,1,1,0.0,0.012534607,0.97909945,0.0083659
146,1,1,0.0,0.01053639,0.97998905,0.009474855
146,1,1,5.21540641784668e-08,0.007315573,0.98392123,0.008763185
146,1,1,0.0,0.00884398,0.97661537,0.014540578
146,1,1,0.0,0.01536065,0.8341918,0.1504476
146,1,1,0.0,0.011448104,0.97663224,0.011919691
146,1,1,0.0,0.013075692,0.9767884,0.010136043
146,1,1,7.450580596923828e-09,0.00840527,0.9824974,0.009097309
146,1,1,0.0,0.006851486,0.9870397,0.0061088614
146,1,1,0.0,0.018057331,0.9037361,0.07820678
146,1,2,0.0,0.047658004,0.30504313,0.64729893
146,1,1,0.0,0.013764609,0.6169903,0.3692451
146,1,1,2.9802322387695312e-08,0.006722841,0.90335315,0.08992403
146,1,1,2.9802322387695312e-08,0.00752697,0.9368643,0.055608813
146,1,2,0.0,0.0264351,0.36982176,0.60374326
146,1,1,0.0,0.056738093,0.5029503,0.44031164
227,1,1,0.0,0.044383872,0.92714405,0.028472349
227,1,1,0.0,0.07661274,0.8517589,0.07162859
227,1,1,8.940696716308594e-08,0.027892435,0.8884984,0.083609164
227,1,1,1.4901161193847656e-08,0.016875597,0.9666982,0.01642623
227,1,1,0.0,0.026118558,0.95822436,0.015657175
227,1,1,0.0,0.054950994,0.9183999,0.026649194
227,1,1,0.0,0.06830598,0.8897676,0.041926615
227,1,1,0.0,0.048074555,0.8965985,0.05532706
227,1,1,0.0,0.030332875,0.9093056,0.060361642
227,1,1,0.0,0.045280773,0.8363639,0.11835541
227,1,1,0.0,0.023655126,0.96041334,0.015931534
227,1,1,0.0,0.0436321,0.9270396,0.029328361
227,1,1,5.960464477539063e-08,0.02138367,0.9665419,0.01207445
227,1,1,0.0,0.025213167,0.9628405,0.011946481
227,1,1,0.0,0.03304652,0.9542347,0.012718928
227,1,1,4.470348358154297e-08,0.024558945,0.9593832,0.01605788
227,1,1,0.0,0.060936537,0.8604643,0.07859914
227,1,2,5.960464477539063e-08,0.099370345,0.4395404,0.4610894
227,1,1,0.0,0.04565409,0.9153743,0.03897167
227,1,1,0.0,0.054591246,0.91797304,0.027435914
227,1,1,4.470348358154297e-08,0.016375171,0.9717428,0.011881972
227,1,1,0.0,0.019557046,0.9706372,0.009805815
227,1,1,0.0,0.03009431,0.95563596,0.014269868
227,1,1,0.0,0.048465043,0.8912968,0.06023825
227,1,1,0.0,0.11916386,0.5951353,0.28570095
227,1,1,0.0,0.118979394,0.46398455,0.41703612
227,1,1,0.0,0.09446682,0.74698925,0.15854406
227,1,1,0.0,0.014250495,0.97210896,0.013640624
227,1,1,0.0,0.0123231765,0.9756445,0.01203235
227,1,1,0.0,0.15936713,0.60222983,0.23840311
227,1,1,0.0,0.3679094,0.4781058,0.15398479
227,1,1,0.0,0.01937292,0.83714485,0.1434825
227,1,1,0.0,0.013220377,0.9459394,0.040840343
227,1,1,0.0,0.03109329,0.7906606,0.1782461
310,1,1,2.9802322387695312e-08,0.0066695437,0.9067451,0.08658532
310,1,1,0.0,0.0059030643,0.9812642,0.012832811
310,1,1,0.0,0.0060977736,0.9828845,0.011017796
310,1,1,6.705522537231445e-08,0.0071318992,0.9777929,0.015075203
310,1,2,0.0,0.021203145,0.1680978,0.81069916
310,1,1,0.0,0.0075108544,0.92340195,0.06908721
310,1,1,0.0,0.00710421,0.97218895,0.020706953
310,1,1,0.0,0.009919416,0.97937965,0.010701196
310,1,1,0.0,0.011288362,0.9773841,0.011327594
310,1,2,5.960464477539063e-08,0.026769849,0.2105017,0.7627285
310,1,2,0.0,0.049389638,0.3039416,0.64666885
215,1,1,0.0,0.04312472,0.93458134,0.022293884
215,1,1,0.0,0.014661785,0.97212654,0.013211737
215,1,1,0.0,0.072356336,0.8951937,0.032449994
215,1,1,0.0,0.04658625,0.9371586,0.016255248
215,1,1,0.0,0.029589126,0.9575733,0.012837652
215,1,1,0.0,0.034048934,0.95276016,0.013190989
215,1,1,0.0,0.03505995,0.94709826,0.017841766
215,1,1,0.0,0.07506607,0.89363533,0.031298682
215,1,1,0.0,0.08684671,0.8832655,0.029887915
215,1,1,0.0,0.08309491,0.88881636,0.028088745
215,1,1,0.0,0.041447688,0.94527954,0.013272868
215,1,1,0.0,0.03047357,0.95945966,0.010066884
215,1,1,0.0,0.049447685,0.93256515,0.017987352
215,1,1,0.0,0.06253413,0.90762514,0.029840842
215,1,1,0.0,0.059623327,0.8275094,0.11286742
215,1,1,5.960464477539063e-08,0.06875888,0.9025137,0.028727612
215,1,1,5.960464477539063e-08,0.06451197,0.9084383,0.027049696
215,1,1,0.0,0.06204941,0.92022026,0.017730445
215,1,1,0.0,0.046266537,0.93919516,0.014538477
215,1,1,0.0,0.038221765,0.94760334,0.014174909
215,1,1,0.0,0.03644264,0.9459543,0.017603172
215,1,1,0.0,0.043846928,0.93680924,0.019343825
215,1,1,0.0,0.038197022,0.9418382,0.019964935
215,1,1,0.0,0.05078264,0.9297079,0.01950938
215,1,1,0.0,0.058895607,0.9239844,0.017120093
215,1,1,0.0,0.053005174,0.928553,0.018441884
215,1,1,0.0,0.04111123,0.94257253,0.016316427
215,1,1,0.0,0.012824504,0.975225,0.011950531
215,1,1,0.0,0.032505643,0.9517412,0.015753279
215,1,1,0.0,0.052145854,0.9256868,0.022167616
215,1,1,2.9802322387695312e-08,0.05195506,0.91735035,0.030694649
215,1,1,0.0,0.066667415,0.87830347,0.05502938
215,1,2,0.0,0.07109898,0.14771217,0.7811889
20,1,1,0.0,0.23682617,0.60792315,0.15525083
20,1,1,0.0,0.0389966,0.91326475,0.047738664
20,1,2,0.0,0.09760214,0.20584732,0.6965506
20,1,1,0.0,0.12413353,0.6027503,0.27311617
358,1,1,0.0,0.07429634,0.89171886,0.033984832
358,1,1,0.0,0.055494383,0.9232655,0.021240203
358,1,1,0.0,0.08670016,0.8732359,0.04006409
358,1,1,0.0,0.050377376,0.9118595,0.037763346
358,1,1,0.0,0.037256,0.9407952,0.021948945
358,1,1,0.0,0.054391902,0.92549175,0.020116389
358,1,1,0.0,0.04827864,0.93448544,0.017235972
358,1,1,0.0,0.07728394,0.8826953,0.040020842
358,1,1,0.0,0.06377309,0.8935986,0.04262847
358,1,1,0.0,0.08481814,0.86364025,0.05154173
358,1,1,2.9802322387695312e-08,0.04373438,0.9394123,0.016853288
358,1,1,0.0,0.050295155,0.9290981,0.020606805
358,1,1,0.0,0.06855184,0.9026547,0.0287936
358,1,1,0.0,0.051307775,0.92774343,0.020948794
358,1,1,0.0,0.08271563,0.8847534,0.03253101
358,1,1,0.0,0.08210831,0.8778497,0.040042106
358,1,1,0.0,0.06675844,0.90406847,0.02917326
358,1,1,0.0,0.09014278,0.87655014,0.033307243
358,1,2,0.0,0.14005986,0.2680749,0.5918653
358,1,1,0.0,0.042031676,0.9340696,0.023898909
358,1,1,2.9802322387695312e-08,0.049033627,0.93370163,0.017264761
358,1,1,0.0,0.0549056,0.91828173,0.026812786
358,1,1,0.0,0.06817208,0.90725756,0.024570448
358,1,1,0.0,0.076611824,0.89827204,0.025116248
358,1,1,0.0,0.079189524,0.8888454,0.0319653
358,1,1,0.0,0.107106,0.79759735,0.0952968
358,1,1,0.0,0.079352655,0.88673985,0.033907462
358,1,1,0.0,0.064109005,0.91173977,0.024151323
358,1,1,1.1920928955078125e-07,0.07574195,0.9017492,0.022508832
358,1,1,0.0,0.067696854,0.907298,0.025005346
358,1,1,0.0,0.09076219,0.7876363,0.121601544
358,1,1,0.0,0.066416435,0.90249985,0.031083722
358,1,2,0.0,0.06573681,0.39792415,0.5363391
359,1,1,0.0,0.12477141,0.8443438,0.03088488
359,1,1,0.0,0.09470866,0.8795639,0.02572743
359,1,1,5.960464477539063e-08,0.06995007,0.9041334,0.025916483
359,1,1,0.0,0.053417508,0.9254427,0.021139842
359,1,1,0.0,0.06898601,0.90958226,0.021431856
359,1,1,0.0,0.11573141,0.8470065,0.037262183
359,1,1,0.0,0.09943381,0.84024465,0.06032162
359,1,1,0.0,0.06792553,0.9076271,0.024447538
359,1,1,2.9802322387695312e-08,0.056417298,0.9177336,0.025849145
359,1,1,0.0,0.053262692,0.9251038,0.02163352
359,1,1,0.0,0.05478735,0.92539597,0.019816825
359,1,1,2.9802322387695312e-08,0.07039694,0.9042079,0.02539511
359,1,1,2.9802322387695312e-08,0.020784851,0.9461061,0.033108998
359,1,1,0.0,0.05629794,0.9012537,0.042448483
359,1,1,5.960464477539063e-08,0.05666431,0.9235317,0.019803984
359,1,1,0.0,0.047560148,0.9382415,0.014198525
359,1,1,0.0,0.06355543,0.9127583,0.02368634
359,1,1,0.0,0.07156238,0.9058942,0.02254359
359,1,1,0.0,0.1358244,0.815622,0.04855365
359,1,1,0.0,0.038312126,0.84019035,0.12149762
359,1,1,2.9802322387695312e-08,0.02780625,0.9420922,0.030101571
359,1,1,0.0,0.052478477,0.92681694,0.020704776
359,1,1,0.0,0.03306173,0.95250267,0.014435695
359,1,1,0.0,0.035671853,0.9494805,0.014847834
359,1,1,0.0,0.056926943,0.9195384,0.023534877
359,1,1,0.0,0.09420953,0.83022904,0.075561486
359,1,1,0.0,0.019064542,0.97147167,0.009463905
359,1,1,0.0,0.0077547007,0.9808459,0.011399444
359,1,1,0.0,0.014699966,0.9508948,0.03440546
359,1,1,0.0,0.010642964,0.8734955,0.11586153
359,1,2,1.1920928955078125e-07,0.034639254,0.09889979,0.86646104
359,1,2,0.0,0.030800814,0.06452843,0.90467083
141,1,1,7.450580596923828e-09,0.004153699,0.97830784,0.01753854
141,1,1,0.0,0.00785933,0.9598139,0.032326903
141,1,1,0.0,0.0058006844,0.9678969,0.026302531
141,1,1,7.450580596923828e-09,0.005093763,0.9790549,0.015851349
141,1,1,7.450580596923828e-08,0.010402009,0.979777,0.009821009
141,1,1,0.0,0.005742361,0.9836574,0.010600197
141,1,1,0.0,0.0064533884,0.9259855,0.067561105
141,1,1,0.0,0.010574507,0.97373164,0.015693944
141,1,1,5.960464477539063e-08,0.009258217,0.9333107,0.057431135
162,2,2,0.0,0.032022726,0.1424392,0.82553816
162,2,2,0.0,0.05343826,0.026668571,0.9198932
162,2,2,0.0,0.089688994,0.051355697,0.8589554
162,2,2,0.0,0.07641497,0.13278948,0.79079574
162,2,1,5.960464477539063e-08,0.07395875,0.48250246,0.44353887
162,2,1,5.960464477539063e-08,0.0109433355,0.94169354,0.04736318
162,2,2,0.0,0.06023782,0.020717837,0.91904444
162,2,2,0.0,0.16197543,0.044556674,0.793468
162,2,2,0.0,0.21463849,0.098974444,0.6863871
162,2,2,0.0,0.14997625,0.4093004,0.44072342
162,2,2,2.9802322387695312e-08,0.09101522,0.018926108,0.8900587
162,2,2,0.0,0.24916315,0.08970548,0.66113144
162,2,0,0.0,0.46625856,0.11281679,0.42092472
162,2,2,0.0,0.05676114,0.05336682,0.88987213
162,2,2,2.9802322387695312e-08,0.06557236,0.05716611,0.87726164
162,2,2,0.0,0.17254673,0.06709005,0.7603632
162,2,2,0.0,0.32849777,0.16046162,0.5110407
162,2,2,0.0,0.027701667,0.01054326,0.9617553
162,2,2,0.0,0.036847625,0.011154832,0.9519977
162,2,2,0.0,0.05155294,0.008107005,0.9403401
162,2,2,0.0,0.054959547,0.04019259,0.9048481
162,2,2,0.0,0.027598714,0.016090019,0.95631135
162,2,2,0.0,0.17508365,0.009785776,0.81513053
162,2,2,7.450580596923828e-08,0.031752687,0.012836734,0.95541054
162,2,2,0.0,0.21945167,0.37325478,0.4072936
173,2,2,0.0,0.10107974,0.004555692,0.8943646
173,2,2,0.0,0.05199011,0.011802099,0.9362079
173,2,2,0.0,0.08525975,0.05314945,0.86159086
173,2,2,0.0,0.28172183,0.021696381,0.6965819
173,2,2,0.0,0.103613056,0.005296711,0.8910904
173,2,2,0.0,0.07906341,0.0067348313,0.91420186
173,2,2,0.0,0.11064041,0.05901055,0.8303491
193,2,2,7.450580596923828e-08,0.032455046,0.020139452,0.94740546
193,2,2,0.0,0.027265048,0.008797357,0.96393776
193,2,2,0.0,0.03644888,0.010889002,0.9526624
193,2,2,0.0,0.02951702,0.014249951,0.956233
193,2,2,5.960464477539063e-08,0.019338747,0.0067183063,0.97394294
243,2,2,0.0,0.40314728,0.12373711,0.47311568
243,2,2,0.0,0.015510955,0.09288879,0.8916006
243,2,2,0.0,0.016111339,0.027729876,0.95615876
243,2,2,0.0,0.014453747,0.022743072,0.96280336
243,2,2,0.0,0.021627797,0.056239806,0.92213255
243,2,2,0.0,0.23708783,0.08737769,0.6755346
243,2,2,0.0,0.019783225,0.05118945,0.9290272
243,2,2,0.0,0.016382115,0.032704446,0.9509134
243,2,2,0.0,0.01361243,0.02576367,0.960624
243,2,2,1.4901161193847656e-08,0.012738702,0.026207933,0.9610535
243,2,2,0.0,0.013227207,0.040528264,0.94624466
243,2,2,0.0,0.013403248,0.04970445,0.93689245
243,2,2,0.0,0.019374521,0.09116308,0.8894625
243,2,2,0.0,0.035261996,0.009020433,0.95571756
243,2,2,0.0,0.025810778,0.06760548,0.9065838
243,2,2,0.0,0.018600157,0.03094056,0.9504594
243,2,2,0.0,0.017083487,0.01976956,0.96314716
243,2,2,0.0,0.015995635,0.017210906,0.9667935
243,2,2,2.9802322387695312e-08,0.013616188,0.01946805,0.96691567
243,2,2,4.470348358154297e-08,0.014745865,0.017470572,0.9677835
243,2,2,0.0,0.24008667,0.14616846,0.613745
243,2,2,0.0,0.016331378,0.12580189,0.8578669
243,2,2,0.0,0.02349432,0.027268305,0.9492373
243,2,2,0.0,0.021705866,0.029536681,0.94875747
243,2,2,0.0,0.014051185,0.015072171,0.97087663
243,2,2,0.0,0.014626905,0.017706508,0.9676667
243,2,2,0.0,0.014008805,0.028464176,0.9575272
243,2,2,0.0,0.012702224,0.017413268,0.96988446
243,2,2,0.0,0.010964505,0.018815966,0.9702197
243,2,2,0.0,0.018797737,0.016046599,0.9651557
243,2,2,0.0,0.018301085,0.021778218,0.9599209
243,2,2,5.960464477539063e-08,0.014805182,0.017940028,0.9672548
243,2,2,0.0,0.015457418,0.033945687,0.9505969
243,2,2,0.0,0.015271645,0.025114696,0.9596138
243,2,2,0.0,0.015637841,0.036341764,0.94802046
243,2,2,0.0,0.017448975,0.049643032,0.93290806
243,2,2,0.0,0.015890049,0.040160164,0.9439498
243,2,2,1.4901161193847656e-08,0.010930563,0.024926228,0.9641433
243,2,2,0.0,0.015725344,0.10051504,0.8837597
243,2,2,0.0,0.016889837,0.04899283,0.93411744
243,2,2,0.0,0.017346935,0.060617484,0.92203563
243,2,2,0.0,0.019955164,0.02945085,0.950594
243,2,2,0.0,0.018641915,0.03371155,0.9476467
243,2,2,0.0,0.017706027,0.035930064,0.94636405
243,2,2,0.0,0.01762611,0.031736225,0.95063776
243,2,2,0.0,0.015515298,0.03134494,0.9531398
243,2,2,0.0,0.010844047,0.032743223,0.9564128
243,2,1,0.0,0.007255532,0.92287105,0.06987341
243,2,2,0.0,0.020456076,0.19421658,0.78532743
243,2,2,0.0,0.034210104,0.11999911,0.8457909
243,2,2,0.0,0.029101692,0.10137573,0.8695227
243,2,2,0.0,0.015358204,0.025391562,0.9592504
243,2,2,5.960464477539063e-08,0.012794806,0.028002143,0.95920295
243,2,2,0.0,0.028688956,0.23599963,0.73531157
172,2,0,0.0,0.57210547,0.0069644805,0.42093012
172,2,0,0.0,0.7944118,0.0063212756,0.19926697
172,2,0,0.0,0.7177085,0.0086001735,0.27369145
172,2,0,0.0,0.8373119,0.0042337715,0.15845437
172,2,0,0.0,0.9264689,0.0038756053,0.0696556
172,2,2,0.0,0.10147538,0.005605879,0.8929187
172,2,0,8.940696716308594e-08,0.9290701,0.0044704536,0.06645939
172,2,0,0.0,0.97501236,0.008232933,0.01675477
195,2,2,0.0,0.0877909,0.035470612,0.87673855
195,2,2,0.0,0.042774934,0.017377155,0.939848
195,2,2,2.9802322387695312e-08,0.10546805,0.02332372,0.87120837
195,2,2,0.0,0.33559018,0.028690988,0.63571894
195,2,2,0.0,0.10613915,0.009687563,0.8841734
27,2,0,5.960464477539063e-08,0.9356771,0.025225451,0.039097432
27,2,0,0.0,0.66298497,0.06712867,0.2698864
27,2,1,5.960464477539063e-08,0.15348859,0.6051098,0.24140169
27,2,1,0.0,0.18645841,0.44260937,0.37093222
27,2,1,0.0,0.2852333,0.3763721,0.33839464
27,2,0,0.0,0.43805674,0.29823244,0.26371095
27,2,1,0.0,0.17512798,0.562124,0.26274797
27,2,1,0.0,0.15203446,0.72684735,0.121118255
27,2,2,0.0,0.3472273,0.14651585,0.5062569
27,2,2,0.0,0.31370506,0.31310004,0.373195
208,2,0,0.0,0.9856085,0.0053164754,0.009075134
208,2,0,0.0,0.9847502,0.007984539,0.0072654057
208,2,0,0.0,0.95709,0.0064927703,0.036417287
208,2,0,0.0,0.91672933,0.010119078,0.07315161
208,2,0,8.940696716308594e-08,0.88929963,0.016088622,0.09461177
208,2,2,8.940696716308594e-08,0.1362316,0.018819947,0.8449484
208,2,0,0.0,0.94372797,0.0072320616,0.04904017
208,2,0,0.0,0.85113734,0.017224979,0.1316377
208,2,2,5.960464477539063e-08,0.4314642,0.07287949,0.4956563
208,2,0,0.0,0.93028456,0.0092059765,0.06050955
208,2,0,0.0,0.8825302,0.012991301,0.10447857
208,2,2,0.0,0.4620912,0.02200246,0.51590633
208,2,0,2.9802322387695312e-08,0.8963303,0.020935751,0.082734026
309,2,2,0.0,0.02716364,0.2563068,0.7165296
309,2,2,0.0,0.02351718,0.24804239,0.72844046
309,2,1,0.0,0.008064451,0.7587753,0.23316032
309,2,1,0.0,0.017611543,0.60730755,0.3750809
309,2,1,0.0,0.018712344,0.60807997,0.37320778
309,2,2,0.0,0.02433305,0.20007719,0.7755899
309,2,1,0.0,0.0085125165,0.95490927,0.03657846
216,2,2,0.0,0.028453903,0.013673354,0.95787287
216,2,2,5.960464477539063e-08,0.039449375,0.032958105,0.92759246
216,2,2,0.0,0.06263003,0.011120514,0.9262495
216,2,2,0.0,0.021999104,0.00851909,0.96948195
216,2,2,0.0,0.016745737,0.0061830645,0.97707117
216,2,2,0.0,0.034619737,0.006490269,0.9588901
216,2,2,0.0,0.019463122,0.0074832817,0.9730535
216,2,2,0.0,0.017181763,0.0046023387,0.97821593
216,2,2,0.0,0.033050865,0.031799108,0.93515015
216,2,2,0.0,0.021844918,0.008548759,0.96960634
216,2,2,4.470348358154297e-08,0.018343503,0.0057671205,0.9758894
216,2,2,0.0,0.021932561,0.012771588,0.9652959
216,2,2,0.0,0.031532854,0.014749614,0.95371765
216,2,2,0.0,0.02947666,0.1063405,0.86418295
192,2,2,0.0,0.035763286,0.11764496,0.8465919
192,2,2,0.0,0.07570003,0.18180837,0.7424917
192,2,2,0.0,0.043854214,0.026855689,0.92929035
192,2,2,1.4901161193847656e-08,0.016091146,0.00885463,0.97505414
192,2,2,4.470348358154297e-08,0.02463767,0.0077103,0.9676519
192,2,2,0.0,0.036418717,0.006810503,0.9567709
192,2,2,0.0,0.022483952,0.007275747,0.97024053
223,2,2,0.0,0.021779263,0.046600144,0.9316207
223,2,2,5.960464477539063e-08,0.03446412,0.036599282,0.92893654
223,2,2,0.0,0.06689586,0.09822716,0.834877
223,2,2,0.0,0.024762921,0.086243585,0.88899344
223,2,2,0.0,0.020886378,0.016001433,0.9631123
223,2,2,5.960464477539063e-08,0.04981913,0.016501062,0.93367976
223,2,2,0.0,0.03989295,0.012698119,0.9474091
223,2,2,0.0,0.01513767,0.024232293,0.96063006
223,2,2,0.0,0.033537325,0.2839541,0.6825086
223,2,2,1.4901161193847656e-08,0.034990214,0.018300883,0.94670886
223,2,2,0.0,0.044564918,0.033825275,0.9216098
223,2,2,0.0,0.05284531,0.041520484,0.9056344
223,2,2,0.0,0.0774022,0.05318464,0.8694133
223,2,2,0.0,0.050798986,0.018942798,0.9302582
223,2,2,5.960464477539063e-08,0.14082216,0.033940017,0.8252378
223,2,2,0.0,0.017637772,0.022477979,0.9598843
223,2,2,0.0,0.053776097,0.14007221,0.80615187
223,2,2,0.0,0.043849446,0.17398107,0.78216946
223,2,2,0.0,0.02732441,0.04931305,0.92336273
223,2,2,0.0,0.058674105,0.008763331,0.93256277
223,2,2,0.0,0.08274188,0.018746402,0.8985119
223,2,2,0.0,0.03533564,0.017090118,0.9475743
223,2,2,0.0,0.0261714,0.010238065,0.9635906
223,2,2,0.0,0.01690679,0.010688436,0.9724049
223,2,2,5.960464477539063e-08,0.050640177,0.045362845,0.90399694
223,2,2,0.0,0.034466118,0.057241697,0.9082923
223,2,2,0.0,0.042323112,0.075448096,0.8822289
223,2,2,0.0,0.047431994,0.008277129,0.94429106
223,2,2,2.9802322387695312e-08,0.06307181,0.010902521,0.92602557
223,2,2,0.0,0.041216057,0.01605214,0.942732
223,2,2,0.0,0.03218728,0.028224142,0.9395886
223,2,2,0.0,0.024134649,0.023077574,0.9527878
223,2,2,0.0,0.057284456,0.05787266,0.884843
223,2,2,0.0,0.03875357,0.03614676,0.9250998
223,2,2,0.0,0.051856477,0.0151345385,0.93300915
223,2,2,0.0,0.19873476,0.04498211,0.7562832
223,2,2,5.960464477539063e-08,0.040791124,0.052061804,0.90714705
325,2,2,0.0,0.041924577,0.027581284,0.9304943
325,2,2,0.0,0.030363748,0.014448627,0.9551878
325,2,2,2.9802322387695312e-08,0.022634149,0.016849639,0.96051615
325,2,2,0.0,0.016680976,0.043419357,0.9398997
325,2,2,0.0,0.026738897,0.012735052,0.96052605
325,2,2,0.0,0.018800382,0.0056772493,0.97552246
325,2,2,0.0,0.013297212,0.02487525,0.96182775
325,2,2,0.0,0.021185186,0.057877284,0.92093766
325,2,2,0.0,0.017880125,0.010396817,0.97172296
325,2,2,0.0,0.019591097,0.026555698,0.95385325
325,2,2,0.0,0.023436198,0.021643888,0.95491993
325,2,2,0.0,0.027047466,0.086239055,0.8867136
286,2,2,5.960464477539063e-08,0.01640512,0.26214877,0.72144616
286,2,2,0.0,0.018537454,0.13640079,0.84506184
286,2,2,0.0,0.018231431,0.07396383,0.90780485
286,2,1,0.0,0.008910191,0.7255909,0.26549894
286,2,2,0.0,0.025268532,0.06175259,0.91297877
286,2,1,0.0,0.0052201683,0.7687372,0.2260428
171,2,2,0.0,0.034287598,0.008275693,0.9574367
171,2,2,5.960464477539063e-08,0.08924677,0.03908185,0.87167144
171,2,2,0.0,0.06949228,0.009081957,0.9214258
171,2,2,0.0,0.024757873,0.009044182,0.9661981
171,2,2,0.0,0.09287385,0.037197877,0.86992836
171,2,2,0.0,0.036085192,0.21014823,0.7537667
171,2,2,5.960464477539063e-08,0.05051697,0.010660065,0.9388229
171,2,2,0.0,0.16461879,0.013178523,0.8222028
225,2,2,0.0,0.1364974,0.37638003,0.4871227
225,2,1,0.0,0.025371742,0.55876684,0.41586143
225,2,1,0.0,0.17248897,0.4154272,0.4120839
225,2,2,0.0,0.025541496,0.23268265,0.74177593
225,2,2,0.0,0.01905956,0.30060676,0.68033373
225,2,2,0.0,0.01722406,0.29769477,0.6850812
225,2,2,0.0,0.031655934,0.3895731,0.5787712
225,2,2,0.0,0.17548744,0.16841023,0.6561023
225,2,2,0.0,0.031690195,0.15846883,0.80984116
225,2,2,0.0,0.024507355,0.34054735,0.63494533
225,2,2,5.960464477539063e-08,0.015788978,0.10566318,0.87854785
225,2,2,0.0,0.024480807,0.111566804,0.8639526
225,2,2,0.0,0.02751456,0.09588487,0.8766006
225,2,2,0.0,0.19876546,0.32843763,0.47279698
225,2,2,0.0,0.12200857,0.12975022,0.7482414
225,2,2,0.0,0.030675914,0.39708158,0.57224256
225,2,2,0.0,0.016987244,0.43143255,0.55158025
225,2,2,0.0,0.018179901,0.08554799,0.8962721
225,2,2,0.0,0.032585833,0.29437953,0.67303467
225,2,2,2.9802322387695312e-08,0.023942636,0.1086046,0.8674528
225,2,2,5.960464477539063e-08,0.043431595,0.12049632,0.83607215
225,2,1,0.0,0.092504576,0.6836635,0.22383195
225,2,1,5.960464477539063e-08,0.26337162,0.607344,0.1292845
225,2,2,0.0,0.0631302,0.17983536,0.7570345
225,2,2,0.0,0.026599368,0.15286216,0.82053864
225,2,2,0.0,0.027717417,0.2077232,0.7645594
225,2,2,0.0,0.028291088,0.0993323,0.8723766
225,2,2,0.0,0.042333268,0.23762304,0.7200438
225,2,2,0.0,0.026711233,0.120623656,0.8526651
225,2,2,0.0,0.113825954,0.31683466,0.5693395
225,2,1,0.0,0.08344425,0.8794579,0.037098024
225,2,1,0.0,0.3197092,0.6618184,0.018472547
225,2,2,0.0,0.08413012,0.39919016,0.5166797
225,2,2,0.0,0.027702315,0.13831972,0.8339779
225,2,2,0.0,0.041926246,0.11414087,0.8439331
225,2,2,5.960464477539063e-08,0.025910614,0.22684552,0.747244
225,2,1,0.0,0.030116972,0.5729812,0.3969019
225,2,1,0.0,0.18478182,0.7951903,0.020027934
225,2,0,0.0,0.71970034,0.2673171,0.01298265
225,2,2,0.0,0.031153983,0.0385669,0.9302792
225,2,1,1.1920928955078125e-07,0.10263013,0.84331816,0.054051626
225,2,1,8.940696716308594e-08,0.12745899,0.85335654,0.019184463
225,2,1,0.0,0.31733876,0.63053143,0.052129872
225,2,2,0.0,0.023256939,0.017195944,0.9595472
225,2,1,0.0,0.14213243,0.5068581,0.35100946
225,2,2,0.0,0.21407782,0.32078078,0.46514148
225,2,2,0.0,0.060212478,0.31169277,0.62809485
225,2,2,0.0,0.04483413,0.29785672,0.6573091
225,2,2,5.960464477539063e-08,0.19993177,0.1306992,0.66936916
280,2,2,1.1920928955078125e-07,0.03192078,0.124732904,0.84334624
280,2,2,0.0,0.024110043,0.114013955,0.8618761
280,2,2,0.0,0.030314887,0.18614684,0.7835383
280,2,2,0.0,0.03821287,0.13269694,0.82909024
280,2,2,5.960464477539063e-08,0.04331367,0.18244529,0.7742411
280,2,2,0.0,0.026254276,0.293889,0.6798568
387,0,0,0.0,0.58989364,0.12459285,0.28551355
387,0,0,0.0,0.88053554,0.028799532,0.09066501
387,0,0,0.0,0.9689984,0.0107913865,0.02021033
387,0,0,0.0,0.9287376,0.009013881,0.06224869
387,0,0,0.0,0.85377073,0.08902123,0.05720819
387,0,0,2.9802322387695312e-08,0.95713824,0.012122876,0.03073881
387,0,0,0.0,0.98284423,0.006599298,0.010556642
387,0,0,0.0,0.9857249,0.009349633,0.0049256305
387,0,0,0.0,0.9809009,0.011996063,0.0071030953
387,0,0,0.0,0.85457796,0.07784106,0.06758119
387,0,0,0.0,0.87021357,0.08212497,0.047661573
387,0,0,0.0,0.9446231,0.015756322,0.039620664
387,0,0,5.960464477539063e-08,0.97710246,0.012407811,0.010489734
387,0,0,0.0,0.9861478,0.008288642,0.0055636833
387,0,0,0.0,0.9798078,0.011126613,0.009065766
387,0,0,5.960464477539063e-08,0.966859,0.014855624,0.018285288
387,0,0,0.0,0.92515844,0.042026054,0.032815725
387,0,0,0.0,0.7517865,0.056610003,0.19160362
387,0,0,0.0,0.9634986,0.029948395,0.0065530394
387,0,0,0.0,0.96505356,0.016739693,0.018206716
387,0,0,0.0,0.9834286,0.012212662,0.0043588714
387,0,0,0.0,0.97184366,0.023269972,0.0048865583
387,0,0,0.0,0.98070234,0.010367104,0.0089307185
387,0,0,0.0,0.9768214,0.009947025,0.0132316025
387,0,0,7.450580596923828e-08,0.95591277,0.010658231,0.033429008
387,0,0,0.0,0.9612024,0.022069855,0.016727854
387,0,0,0.0,0.6503485,0.33511037,0.014541188
387,0,0,2.9802322387695312e-08,0.91208,0.07144824,0.016471764
387,0,0,0.0,0.97470754,0.018352164,0.0069404184
387,0,0,1.4901161193847656e-08,0.9722666,0.016582867,0.011150498
387,0,0,0.0,0.96325356,0.016678598,0.020067891
387,0,0,0.0,0.9698773,0.014283163,0.015839666
387,0,0,0.0,0.9618494,0.010848112,0.027302641
387,0,0,0.0,0.95545673,0.009866986,0.03467642
387,0,0,5.960464477539063e-08,0.93569344,0.04542096,0.018885609
387,0,0,0.0,0.9379856,0.049037177,0.012977376
387,0,0,0.0,0.9697422,0.0109729525,0.01928489
387,0,0,0.0,0.97640276,0.007504028,0.016093148
387,0,0,0.0,0.9261309,0.022688875,0.05118031
387,0,0,0.0,0.9452325,0.04658313,0.008184498
387,0,0,0.0,0.98014015,0.014904354,0.004955678
387,0,0,0.0,0.9313012,0.01853354,0.050165426
387,0,0,0.0,0.9725427,0.020493478,0.006964065
387,0,0,0.0,0.8720498,0.08897057,0.038979694
249,0,2,0.0,0.09374126,0.03870228,0.86755663
249,0,2,0.0,0.11310348,0.03118011,0.85571665
249,0,2,0.0,0.09627091,0.053024463,0.8507047
249,0,2,0.0,0.048750143,0.2990783,0.6521716
249,0,0,0.0,0.80511534,0.063680135,0.1312046
249,0,0,0.0,0.55189633,0.057133533,0.39097026
249,0,0,0.0,0.40282437,0.250863,0.3463128
249,0,1,0.0,0.1116081,0.54994804,0.33844382
249,0,0,0.0,0.8948097,0.0046736887,0.10051669
249,0,0,2.9802322387695312e-08,0.8953777,0.010085772,0.09453666
249,0,1,0.0,0.34253478,0.54410887,0.11335656
249,0,1,0.0,0.11680622,0.5836475,0.29954636
249,0,0,0.0,0.70397216,0.015219325,0.2808087
249,0,0,0.0,0.83425575,0.05347721,0.112267055
249,0,0,0.0,0.4646037,0.42829582,0.10710048
249,0,1,0.0,0.11200979,0.532144,0.35584632
249,0,0,0.0,0.92408293,0.0061346223,0.069782354
249,0,0,0.0,0.91510445,0.024750454,0.06014516
249,0,0,0.0,0.7957116,0.08444101,0.1198476
249,0,1,0.0,0.14839166,0.6315717,0.22003676
249,0,0,0.0,0.968898,0.004788058,0.02631404
249,0,0,0.0,0.78051186,0.007972406,0.21151578
249,0,0,0.0,0.5282923,0.029680839,0.44202682
249,0,2,0.0,0.13498965,0.3758142,0.4891963
249,0,0,0.0,0.669523,0.052040484,0.2784365
249,0,0,0.0,0.80875635,0.025807321,0.16543648
249,0,0,0.0,0.4574912,0.14908594,0.39342293
249,0,1,0.0,0.13343085,0.60203415,0.2645351
249,0,0,0.0,0.3890136,0.33290678,0.27807963
249,0,2,0.0,0.42196947,0.063593835,0.5144367
249,0,2,0.0,0.42756605,0.071357094,0.50107694
249,0,1,0.0,0.11349236,0.5303558,0.3561519
77,0,0,0.0,0.7109266,0.2707054,0.018367983
77,0,0,0.0,0.7866207,0.20173042,0.011649208
77,0,2,0.0,0.42276388,0.05496837,0.522268
77,0,0,0.0,0.8797189,0.10842911,0.011852071
77,0,0,0.0,0.94538933,0.028310878,0.02629991
77,0,2,5.960464477539063e-08,0.36485246,0.081644125,0.5535035
77,0,0,0.0,0.93847656,0.030938026,0.030585598
77,0,0,0.0,0.90760434,0.05838551,0.034010276
77,0,0,0.0,0.7463546,0.0067176493,0.24692784
90,0,2,5.960464477539063e-08,0.27369276,0.15206914,0.57423824
90,0,2,0.0,0.2746094,0.030595351,0.6947952
90,0,0,0.0,0.5248395,0.3880182,0.08714235
90,0,0,0.0,0.56031483,0.19886999,0.24081522
90,0,2,0.0,0.11975331,0.03344562,0.8468012
90,0,0,0.0,0.8161245,0.17610072,0.0077747866
90,0,2,0.0,0.23520643,0.20967656,0.5551171
90,0,2,0.0,0.23592821,0.13663931,0.6274326
90,0,0,0.0,0.9320755,0.027002444,0.0409221
388,0,0,0.0,0.9290682,0.066444606,0.004487191
388,0,0,0.0,0.935275,0.05631762,0.008407531
388,0,0,0.0,0.91134846,0.08115748,0.007494044
388,0,0,0.0,0.8430964,0.15171699,0.0051866574
388,0,0,0.0,0.96005404,0.0350108,0.004935197
388,0,0,0.0,0.9630691,0.030019209,0.006911676
388,0,0,0.0,0.9518081,0.045380976,0.002810871
388,0,0,4.470348358154297e-08,0.9432799,0.053751357,0.002968761
388,0,0,8.940696716308594e-08,0.8773395,0.11375279,0.00890777
388,0,0,0.0,0.9657688,0.029465938,0.004765408
388,0,0,0.0,0.96025044,0.03503925,0.004710462
388,0,0,0.0,0.9420433,0.052568227,0.0053885817
388,0,0,0.0,0.865488,0.07214644,0.062365867
388,0,0,0.0,0.83766145,0.05579689,0.10654163
388,0,0,0.0,0.90963477,0.0800635,0.010301772
388,0,0,0.0,0.88060987,0.11303767,0.0063525443
388,0,0,0.0,0.8547608,0.13234077,0.012898428
388,0,0,0.0,0.87676203,0.0713418,0.05189625
388,0,0,0.0,0.4147993,0.23844267,0.34675804
388,0,0,0.0,0.70866793,0.16562833,0.12570374
388,0,0,0.0,0.9181758,0.076006055,0.0058181756
388,0,0,0.0,0.5978556,0.31334,0.08880439
388,0,0,0.0,0.7649971,0.055995543,0.17900744
93,0,1,0.0,0.34641874,0.48866916,0.16491215
93,0,2,0.0,0.19817205,0.08712627,0.7147017
93,0,0,0.0,0.919221,0.06187096,0.018907933
93,0,0,5.960464477539063e-08,0.6386734,0.31505227,0.046274334
93,0,0,5.960464477539063e-08,0.7100624,0.10194992,0.18798782
93,0,0,0.0,0.9364157,0.05753277,0.006051685
93,0,2,0.0,0.13741668,0.08427404,0.77830946
93,0,0,0.0,0.49166465,0.0927622,0.41557318
93,0,0,0.0,0.8177005,0.16960578,0.012693862
93,0,2,0.0,0.111670256,0.22272208,0.66560775
93,0,2,0.0,0.053128265,0.35416287,0.5927089
18,1,1,0.0,0.405364,0.50195116,0.092685
18,1,1,0.0,0.27430078,0.7001015,0.025597788
18,1,1,0.0,0.30761996,0.67268956,0.019690603
18,1,1,0.0,0.1571204,0.82413596,0.018743796
18,1,1,0.0,0.23549056,0.7459431,0.018566422
18,1,0,0.0,0.7455516,0.19634475,0.058103696
18,1,0,0.0,0.90590996,0.071332976,0.022757197
18,1,0,0.0,0.9526951,0.012003405,0.035301592
18,1,0,0.0,0.90599006,0.05456738,0.03944269
18,1,0,0.0,0.9615862,0.022193534,0.016220398
18,1,0,2.9802322387695312e-08,0.9532897,0.023998769,0.02271157
18,1,0,0.0,0.92830604,0.062083147,0.009610942
18,1,0,2.9802322387695312e-08,0.8953711,0.09536747,0.009261457
18,1,0,0.0,0.69995826,0.27683374,0.023208173
18,1,0,0.0,0.5929663,0.34730572,0.05972813
18,1,0,0.0,0.46362755,0.45195103,0.084421486
18,1,0,0.0,0.9758052,0.02010734,0.004087518
18,1,0,0.0,0.9731731,0.021750182,0.0050768834
18,1,0,0.0,0.9708807,0.024568263,0.0045510647
18,1,0,1.4901161193847656e-08,0.9749118,0.012571628,0.012516617
18,1,0,0.0,0.95735973,0.007114227,0.03552615
18,1,0,0.0,0.96793234,0.012526816,0.019540794
18,1,0,0.0,0.9778771,0.009625998,0.012496967
18,1,0,0.0,0.9748745,0.006309989,0.01881564
18,1,0,0.0,0.98775154,0.00392552,0.008322988
18,1,0,0.0,0.9878132,0.00800819,0.0041786823
18,1,0,2.9802322387695312e-08,0.8916323,0.08662133,0.02174635
18,1,1,0.0,0.35057935,0.5883647,0.061055947
18,1,0,0.0,0.4220247,0.3994346,0.17854081
18,1,0,0.0,0.97079986,0.02145901,0.0077412454
18,1,0,0.0,0.9738254,0.020267518,0.0059071835
18,1,0,0.0,0.9712324,0.02117931,0.00758844
18,1,0,0.0,0.97699916,0.017117547,0.0058833347
18,1,0,0.0,0.9790459,0.010342643,0.01061144
18,1,0,0.0,0.87370443,0.007761193,0.118534446
18,1,0,0.0,0.9749948,0.0072634453,0.017741775
18,1,0,0.0,0.9646407,0.006663796,0.028695596
18,1,0,5.21540641784668e-08,0.9890873,0.0045660064,0.006346686
18,1,0,0.0,0.9929919,0.0034349293,0.0035732125
18,1,0,0.0,0.99221134,0.0042599393,0.0035289605
18,1,0,0.0,0.968444,0.024039518,0.0075165727
18,1,1,0.0,0.45816928,0.46056122,0.0812696
18,1,0,0.0,0.9887256,0.007620763,0.0036538157
18,1,0,0.0,0.97315603,0.018920066,0.007923856
18,1,0,7.450580596923828e-09,0.9800646,0.0143596595,0.0055757836
18,1,0,0.0,0.9800381,0.012496264,0.0074657067
18,1,0,0.0,0.9775039,0.010935338,0.0115607865
18,1,0,7.450580596923828e-08,0.9702083,0.01892364,0.01086802
18,1,0,0.0,0.97519016,0.020961458,0.0038485655
18,1,0,0.0,0.9872038,0.009663517,0.0031327268
18,1,0,0.0,0.98451,0.011548279,0.003941775
18,1,0,0.0,0.99139076,0.0058640596,0.0027452963
18,1,0,0.0,0.98819065,0.008092444,0.0037169761
18,1,0,0.0,0.97850126,0.016946638,0.004552289
18,1,0,0.0,0.60491043,0.3580573,0.037032302
18,1,0,0.0,0.9896154,0.006657952,0.0037268773
18,1,0,0.0,0.9858925,0.009672663,0.0044348603
18,1,0,7.450580596923828e-09,0.98939717,0.005776177,0.0048266994
18,1,0,0.0,0.98979664,0.0057311286,0.004472317
18,1,0,6.705522537231445e-08,0.9778463,0.016051443,0.006102148
18,1,0,0.0,0.9516073,0.04518591,0.0032068782
18,1,0,0.0,0.9457102,0.05256571,0.00172436
18,1,0,0.0,0.97248286,0.024785118,0.0027320478
18,1,0,0.0,0.8689552,0.1251494,0.005895472
18,1,0,0.0,0.97757304,0.013872639,0.008554281
18,1,0,0.0,0.97971356,0.014368002,0.005918563
18,1,0,0.0,0.91203946,0.08519966,0.0027608816
18,1,0,0.0,0.98958737,0.0064883195,0.003924294
18,1,0,0.0,0.9860393,0.010119082,0.0038416258
18,1,0,0.0,0.98819965,0.00886896,0.0029314442
18,1,0,0.0,0.99169916,0.0051734997,0.003127564
18,1,0,0.0,0.9856087,0.010650646,0.0037406918
18,1,0,0.0,0.87471884,0.114932016,0.010349323
18,1,0,0.0,0.96126175,0.032068055,0.0066703735
18,1,0,0.0,0.9357492,0.047393784,0.016857073
18,1,0,0.0,0.9358568,0.04546301,0.018680302
18,1,0,0.0,0.9633956,0.033116113,0.0034884873
18,1,0,0.0,0.963956,0.030909484,0.005134627
18,1,0,0.0,0.88606936,0.07915235,0.034778237
18,1,0,0.0,0.98975706,0.005248019,0.0049949884
18,1,0,0.0,0.98754495,0.00917075,0.0032843894
18,1,0,0.0,0.98923314,0.007913996,0.0028528997
18,1,0,0.0,0.94620985,0.04321444,0.010575908
18,1,1,0.0,0.32627705,0.5269969,0.14672609
18,1,2,0.0,0.28844765,0.33418036,0.3773721
18,1,0,1.4901161193847656e-08,0.9456916,0.0251955,0.029113011
18,1,0,1.4901161193847656e-08,0.96397066,0.01430541,0.021723969
18,1,0,0.0,0.98532385,0.004146988,0.010529067
18,1,0,4.470348358154297e-08,0.98524785,0.009525123,0.0052269883
18,1,0,0.0,0.97979736,0.014255911,0.0059468495
18,1,0,0.0,0.8861889,0.10600554,0.007805585
18,1,1,0.0,0.16249946,0.6848694,0.15263125
18,1,0,0.0,0.9713105,0.008755458,0.019934194
18,1,0,0.0,0.88590205,0.029681904,0.08441609
18,1,0,0.0,0.9130909,0.07084915,0.016060062
18,1,0,0.0,0.66580826,0.30729347,0.026898174
22,1,1,0.0,0.005584479,0.98204803,0.012367515
22,1,1,0.0,0.014830908,0.9752297,0.009939567
22,1,1,0.0,0.022161163,0.95486295,0.02297595
22,1,1,0.0,0.038971182,0.9298548,0.03117415
22,1,1,0.0,0.007268965,0.9868585,0.0058725663
22,1,1,0.0,0.029050816,0.9507748,0.020174434
22,1,1,0.0,0.048446644,0.9290997,0.022453807
22,1,1,0.0,0.04228536,0.9404469,0.017267881
22,1,1,0.0,0.005903802,0.98711526,0.006981005
22,1,1,0.0,0.020402303,0.9683715,0.011226234
22,1,1,0.0,0.018878216,0.9688811,0.012240775
22,1,1,0.0,0.017194336,0.9704435,0.012362237
22,1,1,0.0,0.019423446,0.9660478,0.014528872
22,1,1,0.0,0.00420476,0.98933446,0.0064609013
22,1,1,0.0,0.018688718,0.9688968,0.012414748
22,1,1,0.0,0.024554947,0.958395,0.017050162
22,1,1,0.0,0.019349165,0.96799576,0.01265505
22,1,1,0.0,0.01663344,0.97127336,0.012093349
22,1,1,0.0,0.02081,0.96484196,0.014348114
29,1,1,0.0,0.09330001,0.7419611,0.16473885
29,1,1,0.0,0.023987973,0.9265543,0.049457803
29,1,1,0.0,0.031398512,0.73065674,0.23794486
29,1,1,0.0,0.02978381,0.87780756,0.09240875
29,1,1,0.0,0.03963476,0.91249424,0.04787125
29,1,1,0.0,0.053310357,0.5932397,0.35344988
29,1,1,2.9802322387695312e-08,0.03064386,0.91906494,0.050291214
29,1,1,0.0,0.033809584,0.81238973,0.15380083
29,1,1,8.940696716308594e-08,0.03029553,0.8686652,0.10103928
29,1,2,0.0,0.07531929,0.45796952,0.46671125
29,1,1,5.960464477539063e-08,0.10088431,0.8343262,0.064789414
29,1,2,0.0,0.10273222,0.23644629,0.6608217
29,1,2,1.1920928955078125e-07,0.17924486,0.36129546,0.45945984
1,1,1,0.0,0.03493952,0.9412614,0.023799233
1,1,1,0.0,0.048000135,0.9101839,0.041816194
1,1,1,2.9802322387695312e-08,0.032535683,0.9482254,0.019238874
1,1,1,0.0,0.026017694,0.9648486,0.009133982
1,1,1,0.0,0.017926088,0.97539324,0.0066806613
1,1,1,0.0,0.021300357,0.9717955,0.0069041164
1,1,1,0.0,0.022552256,0.970274,0.0071738926
1,1,1,0.0,0.021610122,0.9711252,0.00726464
1,1,1,0.0,0.028308205,0.9611086,0.010583338
1,1,1,0.0,0.082667656,0.8845019,0.0328306
1,1,1,0.0,0.035012152,0.94724524,0.017742733
1,1,1,0.0,0.039466064,0.94023424,0.020299837
1,1,1,0.0,0.04394238,0.9343819,0.021675726
1,1,1,0.0,0.022772638,0.9668159,0.0104115615
1,1,1,0.0,0.021486672,0.9716655,0.0068478803
1,1,1,0.0,0.01553007,0.97940046,0.0050696624
1,1,1,1.4901161193847656e-08,0.030368526,0.9609872,0.008644338
1,1,1,7.450580596923828e-08,0.025730945,0.9675814,0.0066876095
1,1,1,0.0,0.023544619,0.9703398,0.006115652
1,1,1,0.0,0.033076342,0.9589014,0.008022289
1,1,1,7.450580596923828e-09,0.017634122,0.9775022,0.0048635397
1,1,1,0.0,0.080562055,0.83632797,0.08311007
1,1,1,0.0,0.05002059,0.88762945,0.062350154
1,1,1,0.0,0.07418121,0.8950664,0.03075246
1,1,1,0.0,0.050610725,0.92544365,0.02394586
1,1,1,0.0,0.022629142,0.96828246,0.009088445
1,1,1,0.0,0.019092957,0.972704,0.0082030445
1,1,1,0.0,0.01770656,0.9757062,0.006587247
1,1,1,0.0,0.027343329,0.9653192,0.007337537
1,1,1,0.0,0.03057053,0.9609093,0.008520253
1,1,1,0.0,0.024900207,0.96778625,0.007313627
1,1,1,0.0,0.020952046,0.97305787,0.0059902887
1,1,1,0.0,0.010472102,0.9848331,0.0046948236
1,1,1,0.0,0.019757606,0.9746112,0.005631301
1,1,1,0.0,0.16361551,0.5359894,0.30039513
1,1,1,0.0,0.06057075,0.8982591,0.04117034
1,1,1,0.0,0.043617636,0.9367456,0.019636948
1,1,1,0.0,0.026418876,0.9613629,0.012218329
1,1,1,0.0,0.028904434,0.95791054,0.013185192
1,1,1,7.450580596923828e-09,0.014673543,0.9801838,0.005142696
1,1,1,0.0,0.015969,0.9787141,0.00531698
1,1,1,0.0,0.018516371,0.9758797,0.005604027
1,1,1,0.0,0.01932444,0.9748346,0.0058409497
1,1,1,0.0,0.01242424,0.9827943,0.0047815396
1,1,1,0.0,0.011473172,0.9795146,0.009012384
1,1,1,0.0,0.030164003,0.95665514,0.013180967
1,1,1,0.0,0.06680853,0.8806328,0.052558653
1,1,1,1.4901161193847656e-08,0.038277533,0.9461453,0.015577204
1,1,1,0.0,0.036058266,0.946969,0.016972775
1,1,1,0.0,0.026012087,0.96101207,0.012975978
1,1,1,0.0,0.030380286,0.9579086,0.011711337
1,1,1,0.0,0.01519336,0.9786802,0.0061264723
1,1,1,7.450580596923828e-09,0.014213889,0.97854084,0.007245247
1,1,1,0.0,0.018663092,0.9738714,0.007465568
1,1,1,0.0,0.010156953,0.9847602,0.005082932
1,1,1,0.0,0.011894669,0.98000354,0.00810183
1,1,1,0.0,0.06363404,0.7317859,0.20458019
1,1,1,0.0,0.019042509,0.96916527,0.01179239
1,1,1,0.0,0.030923069,0.95793104,0.011146081
1,1,1,0.0,0.031213833,0.9554197,0.013366549
1,1,1,0.0,0.034193203,0.95072305,0.015083796
1,1,1,2.9802322387695312e-08,0.026914166,0.9625408,0.01054497
1,1,1,0.0,0.031230843,0.95683324,0.011936049
1,1,1,0.0,0.029478654,0.95932865,0.011192743
1,1,1,0.0,0.021602409,0.97043407,0.007963648
1,1,1,0.0,0.018711416,0.97033924,0.010949364
1,1,1,0.0,0.012378777,0.9713317,0.016289543
1,1,1,0.0,0.03248166,0.9605613,0.006957168
1,1,1,0.0,0.022610314,0.9692573,0.008132667
1,1,1,0.0,0.024692593,0.9664422,0.008865184
1,1,1,0.0,0.029450184,0.95962816,0.010921827
1,1,1,0.0,0.032776106,0.9550237,0.012200322
1,1,1,0.0,0.023579713,0.96761435,0.008805947
1,1,1,0.0,0.025341786,0.967419,0.007239272
1,1,1,1.4901161193847656e-08,0.01900329,0.97488177,0.0061149406
1,1,1,0.0,0.09208417,0.6627097,0.24520616
1,1,1,0.0,0.029785074,0.96115166,0.009063247
1,1,1,0.0,0.021661043,0.972814,0.0055248495
1,1,1,0.0,0.015693337,0.9796056,0.0047012484
1,1,1,0.0,0.023696706,0.9679393,0.008364106
1,1,1,0.0,0.016759621,0.97737455,0.005865866
1,1,1,0.0,0.033547882,0.9536201,0.012832095
1,1,1,1.4901161193847656e-08,0.026269088,0.9653465,0.0083845025
1,1,1,0.0,0.03363699,0.9521617,0.014201458
1,1,1,0.0,0.031951595,0.9492337,0.018814761
1,1,1,5.960464477539063e-08,0.038360603,0.94200724,0.019632073
1,1,1,0.0,0.018484358,0.97252935,0.008986188
1,1,1,0.0,0.035394337,0.95325714,0.011348626
1,1,1,0.0,0.035862446,0.9511003,0.013037416
1,1,1,0.0,0.03629164,0.9475132,0.016195156
1,1,1,5.960464477539063e-08,0.02144175,0.97219896,0.006359245
1,1,1,2.9802322387695312e-08,0.030218689,0.95682347,0.0129579175
1,1,1,0.0,0.05853928,0.9127576,0.028703315
1,1,1,0.0,0.046167564,0.9390662,0.014766418
1,1,1,0.0,0.04600214,0.93796444,0.016033657
1,1,1,0.0,0.038416892,0.9463586,0.015224472
1,1,1,7.450580596923828e-08,0.03909762,0.9447233,0.016179033
1,1,1,0.0,0.05089376,0.9329281,0.016178183
1,1,1,0.0,0.048206054,0.93286747,0.018926553
1,1,1,0.0,0.032839134,0.9558921,0.011269039
1,1,1,0.0,0.03279403,0.9566951,0.010511149
1,1,1,5.960464477539063e-08,0.14541873,0.8020503,0.052530963
1,1,1,0.0,0.06711343,0.9154998,0.017386891
1,1,1,0.0,0.06320477,0.91796803,0.018827254
1,1,1,5.960464477539063e-08,0.04707276,0.9372647,0.015662529
1,1,1,0.0,0.05460195,0.9304276,0.014970582
1,1,1,0.0,0.056276657,0.9266824,0.017041106
1,1,1,0.0,0.055783577,0.9181671,0.026049336
1,1,1,0.0,0.037793413,0.93915313,0.023053423
1,1,1,0.0,0.1489377,0.79495585,0.056106497
1,1,1,5.960464477539063e-08,0.16603665,0.7742014,0.059762046
1,1,1,0.0,0.06525826,0.9148895,0.019852268
1,1,1,0.0,0.06375653,0.91671365,0.019530017
1,1,1,0.0,0.058461692,0.9226305,0.01890787
1,1,1,0.0,0.057346143,0.92420906,0.01844487
1,1,1,0.0,0.07796466,0.89455414,0.027481282
1,1,1,0.0,0.06293329,0.9049839,0.032082915
1,1,1,0.0,0.09339588,0.72560513,0.18099906
1,1,1,0.0,0.028572632,0.9483774,0.023050036
1,1,1,0.0,0.05803536,0.9241232,0.017841468
1,1,1,0.0,0.05812053,0.92555624,0.016323298
1,1,1,0.0,0.0772837,0.8909087,0.03180763
1,1,1,5.960464477539063e-08,0.040462542,0.9461389,0.013398417
1,1,1,0.0,0.04578219,0.93613577,0.018082086
1,1,1,0.0,0.060383867,0.9119278,0.027688429
1,1,1,0.0,0.04287482,0.94035816,0.01676711
1,1,1,0.0,0.06915235,0.907057,0.023790581
1,1,1,0.0,0.055139698,0.92664117,0.018219326
1,1,1,0.0,0.037555795,0.9142419,0.04820247
1,1,1,0.0,0.023292786,0.9343657,0.042341694
1,1,1,7.450580596923828e-08,0.030565625,0.95071846,0.018715842
1,1,1,2.9802322387695312e-08,0.04111628,0.9426376,0.016246097
1,1,1,0.0,0.041832455,0.94322103,0.014946772
1,1,1,5.960464477539063e-08,0.052841432,0.9234039,0.02375468
1,1,1,0.0,0.056565277,0.9153623,0.02807262
1,1,1,0.0,0.054151412,0.9267025,0.019146297
1,1,1,0.0,0.050927054,0.92938155,0.01969142
1,1,1,0.0,0.037904188,0.94880724,0.013288554
1,1,1,0.0,0.040509086,0.94200486,0.017486107
1,1,1,5.960464477539063e-08,0.04020613,0.9429428,0.016851077
1,1,1,0.0,0.031294234,0.9385161,0.030189782
1,1,1,0.0,0.04414488,0.9436159,0.012239303
1,1,1,0.0,0.034007084,0.9542369,0.011756099
1,1,1,0.0,0.02647622,0.96254075,0.010983096
1,1,1,0.0,0.04577277,0.9388443,0.015383043
1,1,1,1.1920928955078125e-07,0.045309607,0.9382135,0.016476838
1,1,1,0.0,0.03352444,0.95346224,0.013013341
1,1,1,0.0,0.04121862,0.9414693,0.017312178
1,1,1,0.0,0.043623295,0.9406509,0.01572593
1,1,1,0.0,0.04046369,0.9457874,0.013749102
1,1,1,0.0,0.04208436,0.94380385,0.014111953
1,1,1,2.9802322387695312e-08,0.051212214,0.92479724,0.023990525
1,1,1,0.0,0.04832141,0.9331368,0.018541867
1,1,1,0.0,0.1467215,0.7545844,0.098694295
1,1,1,0.0,0.042419173,0.93758297,0.019998154
1,1,1,0.0,0.04162397,0.94479907,0.013577068
1,1,1,0.0,0.055615284,0.925683,0.018701956
1,1,1,0.0,0.039469857,0.94783133,0.012698935
1,1,1,5.960464477539063e-08,0.044983502,0.94121575,0.013800815
1,1,1,1.4901161193847656e-08,0.04070726,0.9449087,0.014384098
1,1,1,0.0,0.03535963,0.95033455,0.014305888
1,1,1,0.0,0.030476907,0.9568967,0.012626528
1,1,1,0.0,0.034617733,0.95421976,0.011162788
1,1,1,0.0,0.035547532,0.95313793,0.011314542
1,1,1,8.940696716308594e-08,0.040727522,0.9449188,0.014353629
1,1,1,0.0,0.06373125,0.91350085,0.02276798
1,1,1,0.0,0.06587114,0.8592101,0.074918956
1,1,1,5.960464477539063e-08,0.03377351,0.9530111,0.013215322
1,1,1,7.450580596923828e-08,0.04318797,0.9436079,0.013204129
1,1,1,0.0,0.039482854,0.9487003,0.011816886
1,1,1,0.0,0.03125992,0.95876276,0.009977433
1,1,1,7.450580596923828e-08,0.03143881,0.95550174,0.013059405
1,1,1,0.0,0.037036505,0.9473171,0.015646495
1,1,1,0.0,0.033894587,0.95180905,0.014296327
1,1,1,5.960464477539063e-08,0.050778233,0.90632164,0.042900156
1,1,1,0.0,0.035086434,0.93070084,0.034212857
1,1,1,0.0,0.030735848,0.9343109,0.03495336
1,1,1,8.940696716308594e-08,0.039422147,0.917029,0.043548804
1,1,1,0.0,0.05849571,0.9099617,0.031542875
1,1,1,0.0,0.06315062,0.88940346,0.047445994
1,1,1,2.9802322387695312e-08,0.052099265,0.92025054,0.02765016
1,1,1,0.0,0.05340229,0.9247371,0.0218607
1,1,1,0.0,0.041416984,0.93136704,0.027216123
1,1,1,0.0,0.054483183,0.8996154,0.04590143
1,1,1,0.0,0.13541833,0.652244,0.21233785
1,1,1,0.0,0.050684784,0.88562554,0.06368965
1,1,1,0.0,0.054887608,0.87990135,0.06521108
1,1,1,0.0,0.24616748,0.37922153,0.37461114
1,1,1,0.0,0.25816512,0.3710397,0.37079513
1,1,2,0.0,0.27376443,0.29926938,0.42696628
1,1,2,0.0,0.16723594,0.35781032,0.47495368
260,1,1,2.9802322387695312e-08,0.015420785,0.9617579,0.022821382
260,1,1,6.705522537231445e-08,0.003976841,0.98231804,0.013704979
260,1,1,5.960464477539063e-08,0.035448123,0.7307222,0.23382972
260,1,1,0.0,0.0070440457,0.9641715,0.028784499
260,1,1,7.450580596923828e-09,0.0075400784,0.979243,0.013217049
260,1,1,0.0,0.0057704044,0.9872427,0.0069870525
260,1,1,6.705522537231445e-08,0.0045311414,0.98539984,0.010068987
260,1,1,0.0,0.010915349,0.96383613,0.025248677
260,1,1,0.0,0.25843984,0.6526996,0.08886072
260,1,1,4.470348358154297e-08,0.008901125,0.978697,0.012401914
260,1,1,5.960464477539063e-08,0.007948715,0.97188234,0.020168893
260,1,1,2.9802322387695312e-08,0.027198076,0.9321825,0.040619485
259,1,0,0.0,0.81411356,0.18343616,0.0024504368
259,1,0,0.0,0.55440354,0.42103204,0.024564574
259,1,1,0.0,0.46109343,0.5241528,0.014753756
259,1,1,0.0,0.40118426,0.58750296,0.011312858
259,1,1,0.0,0.3548723,0.54362065,0.101507135
259,1,0,2.9802322387695312e-08,0.85457957,0.14358166,0.0018387237
259,1,1,0.0,0.22950004,0.75105405,0.019445965
259,1,1,0.0,0.09486242,0.8808918,0.024245838
259,1,0,0.0,0.91963065,0.07732102,0.0030484446
259,1,1,0.0,0.04737781,0.93000364,0.022618586
205,1,1,0.0,0.025273008,0.9190103,0.055716828
205,1,1,5.960464477539063e-08,0.029214319,0.93589073,0.03489483
205,1,1,0.0,0.024092123,0.9119787,0.063929245
205,1,1,0.0,0.040835828,0.9259664,0.03319798
205,1,1,5.960464477539063e-08,0.07539949,0.89309806,0.031502444
205,1,1,2.9802322387695312e-08,0.09145522,0.877894,0.030650757
205,1,1,0.0,0.07420117,0.90341914,0.022379767
205,1,1,0.0,0.0415471,0.48921138,0.46924144
205,1,1,0.0,0.05354378,0.9165512,0.029905071
205,1,1,0.0,0.04897836,0.928319,0.022702737
205,1,1,5.960464477539063e-08,0.05341388,0.92477095,0.021815121
205,1,1,0.0,0.061660655,0.916792,0.021547385
205,1,1,0.0,0.06319919,0.9102861,0.026514733
205,1,1,0.0,0.051818866,0.91986275,0.028318495
205,1,1,0.0,0.05744275,0.886536,0.056021195
205,1,2,0.0,0.014210528,0.0655925,0.92019707
205,1,1,0.0,0.043111306,0.91848093,0.038407963
205,1,1,0.0,0.021688135,0.9590578,0.019254178
205,1,1,0.0,0.023601338,0.96282387,0.013575016
205,1,1,0.0,0.03484661,0.9426456,0.022507904
205,1,1,0.0,0.045316093,0.92445517,0.030228717
205,1,1,0.0,0.032166637,0.9460354,0.021798067
205,1,1,1.4901161193847656e-08,0.022733299,0.9592213,0.018045418
205,1,1,0.0,0.005934145,0.97845185,0.0156140365
205,1,2,0.0,0.01819658,0.4274355,0.55436796
205,1,1,0.0,0.017421948,0.9601553,0.022422854
205,1,1,0.0,0.017003598,0.968433,0.014563441
205,1,1,0.0,0.017507808,0.96563196,0.016860418
205,1,1,1.4901161193847656e-08,0.021981375,0.9584868,0.01953188
205,1,1,0.0,0.0240672,0.958126,0.01780685
205,1,1,0.0,0.007909771,0.98274225,0.009347985
205,1,1,4.470348358154297e-08,0.009812704,0.9730064,0.017180864
205,1,2,0.0,0.020491136,0.04599266,0.93351614
205,1,1,0.0,0.017896853,0.9085108,0.0735925
205,1,1,0.0,0.016093548,0.94771683,0.036189694
205,1,1,0.0,0.031889684,0.9409677,0.027142748
205,1,1,0.0,0.027909039,0.9526708,0.019420227
205,1,1,5.960464477539063e-08,0.013349065,0.97406214,0.012588707
205,1,1,5.21540641784668e-08,0.00653361,0.9817812,0.011685198
205,1,2,0.0,0.01248006,0.19626217,0.79125786
205,1,1,0.0,0.012910046,0.5370318,0.45005807
205,1,1,0.0,0.02051481,0.9549332,0.024552101
205,1,1,0.0,0.023153452,0.9587082,0.018138312
205,1,1,0.0,0.01008494,0.9790034,0.010911768
205,1,1,0.0,0.007933614,0.95761627,0.034450207
205,1,2,0.0,0.041434854,0.13322285,0.82534236
205,1,1,0.0,0.009801066,0.9444525,0.04574648
205,1,1,0.0,0.025324881,0.95597756,0.018697618
205,1,1,0.0,0.007085305,0.9799937,0.01292107
205,1,2,0.0,0.033206854,0.07204599,0.8947473
205,1,2,0.0,0.023121413,0.21962897,0.75724953
205,1,1,0.0,0.008929288,0.96678734,0.024283484
205,1,1,0.0,0.00995758,0.9778895,0.012153106
205,1,2,5.960464477539063e-08,0.033720337,0.079693824,0.8865858
205,1,1,0.0,0.019911556,0.55014586,0.4299426
205,1,2,0.0,0.028160252,0.056663767,0.91517603
229,1,1,0.0,0.005566114,0.9746532,0.019780867
229,1,1,0.0,0.025098763,0.7623284,0.21257298
229,1,1,2.2351741790771484e-08,0.0071615265,0.9796936,0.013144927
229,1,1,0.0,0.00661813,0.97779363,0.015588417
229,1,2,0.0,0.031966202,0.11749561,0.8505383
229,1,1,0.0,0.0052025127,0.9664349,0.028362669
229,1,1,3.725290298461914e-08,0.0074944296,0.98151076,0.010994776
229,1,1,0.0,0.004292464,0.98683304,0.008874526
229,1,1,0.0,0.048127517,0.87744576,0.07442669
229,1,1,0.0,0.010464679,0.9747492,0.014786083
229,1,1,0.0,0.019902533,0.6950872,0.28501025
229,1,1,0.0,0.01037658,0.95607543,0.033548065
229,1,2,0.0,0.03785289,0.19692187,0.76522535
229,1,2,0.0,0.03279319,0.3446777,0.6225293
229,1,1,0.0,0.004452564,0.9707435,0.024803946
229,1,1,0.0,0.011901954,0.96860164,0.01949645
229,1,1,5.960464477539063e-08,0.015495867,0.9654171,0.019086981
229,1,2,5.960464477539063e-08,0.018667426,0.38823348,0.5930991
229,1,1,0.0,0.009276826,0.8349945,0.15572868
229,1,1,0.0,0.0058276295,0.9803824,0.01379
229,1,2,0.0,0.024929194,0.1996403,0.7754306
134,1,1,0.0,0.08501412,0.7960177,0.11896834
134,1,1,0.0,0.020349085,0.9620256,0.017625496
134,1,1,0.0,0.020387623,0.95719504,0.022417353
134,1,1,4.470348358154297e-08,0.020522384,0.9658133,0.01366441
134,1,1,0.0,0.015625522,0.97241926,0.011955302
134,1,1,7.450580596923828e-08,0.0123175895,0.97489226,0.012790085
134,1,1,0.0,0.013562858,0.97224534,0.0141918585
134,1,1,0.0,0.03831029,0.9499041,0.011785756
134,1,1,0.0,0.07753503,0.8853764,0.037088677
134,1,1,0.0,0.021526076,0.96725625,0.011217818
134,1,1,0.0,0.015829012,0.97261465,0.011556465
134,1,1,0.0,0.013267653,0.9757938,0.0109386975
134,1,1,7.450580596923828e-09,0.01060547,0.97972316,0.009671358
134,1,1,0.0,0.032835398,0.95426077,0.012904051
134,1,1,0.0,0.019724716,0.963206,0.017069472
134,1,1,0.0,0.013682718,0.9731072,0.013210194
134,1,1,1.4901161193847656e-08,0.012520938,0.97681344,0.010665694
134,1,1,0.0,0.013712398,0.97705644,0.009231331
134,1,1,0.0,0.037868854,0.94743246,0.014698928
134,1,1,0.0,0.25957668,0.6822454,0.058177996
134,1,1,0.0,0.18157761,0.77639735,0.04202514
134,1,1,0.0,0.13359673,0.8358671,0.030536277
134,1,1,0.0,0.08547623,0.88322496,0.03129877
134,1,1,0.0,0.057089172,0.9195165,0.023394302
174,2,0,0.0,0.74856377,0.011038025,0.24039833
174,2,2,0.0,0.16440128,0.005060248,0.8305387
174,2,2,0.0,0.20854843,0.008830655,0.782621
174,2,2,0.0,0.3630214,0.12416281,0.5128159
174,2,2,0.0,0.11436033,0.007731392,0.87790835
169,2,2,0.0,0.12501812,0.019811036,0.85517085
169,2,2,0.0,0.09969785,0.008862623,0.89143956
169,2,2,0.0,0.09084643,0.27213028,0.63702345
169,2,2,0.0,0.14272852,0.017244596,0.840027
169,2,2,0.0,0.056813374,0.0047707804,0.938416
169,2,2,0.0,0.031265367,0.0035185684,0.9652163
169,2,2,0.0,0.06413756,0.056067735,0.8797947
169,2,2,0.0,0.17896242,0.13848728,0.68255043
169,2,2,0.0,0.14454974,0.0786591,0.77679116
169,2,2,0.0,0.053002216,0.014797953,0.9321999
169,2,2,0.0,0.039275702,0.016899722,0.9438247
326,2,2,2.9802322387695312e-08,0.045330722,0.03319332,0.92147595
326,2,2,5.960464477539063e-08,0.041145425,0.11157918,0.8472754
326,2,2,0.0,0.03390801,0.015635092,0.950457
326,2,2,0.0,0.022107193,0.010497334,0.9673955
326,2,2,0.0,0.021141304,0.05566458,0.92319435
326,2,2,0.0,0.03576511,0.007473835,0.9567613
326,2,2,0.0,0.035343446,0.015725503,0.94893116
235,2,2,0.0,0.051438227,0.061795495,0.88676643
235,2,2,0.0,0.046938557,0.056406513,0.8966551
235,2,2,0.0,0.07855642,0.067709275,0.85373443
235,2,2,0.0,0.056647047,0.04822246,0.8951306
235,2,2,0.0,0.04676769,0.039921053,0.91331136
235,2,2,0.0,0.06259254,0.11267232,0.82473516
235,2,2,0.0,0.041387998,0.14852424,0.81008786
235,2,2,0.0,0.058841065,0.047617137,0.89354193
235,2,2,0.0,0.05216339,0.06789473,0.87994194
235,2,2,0.0,0.056798447,0.06752171,0.87567997
235,2,2,0.0,0.060597602,0.07928786,0.8601146
235,2,2,5.960464477539063e-08,0.06329078,0.09809536,0.8386139
235,2,2,0.0,0.05829108,0.18968345,0.7520256
235,2,2,0.0,0.04688288,0.1779338,0.7751833
235,2,2,2.9802322387695312e-08,0.06745751,0.07040555,0.86213696
235,2,2,0.0,0.0677792,0.05121209,0.8810086
235,2,2,5.960464477539063e-08,0.04919,0.0516047,0.89920545
235,2,2,0.0,0.04094075,0.14063022,0.8184291
235,2,2,0.0,0.042031124,0.20530255,0.75266653
235,2,2,0.0,0.04073874,0.1780859,0.7811754
235,2,2,0.0,0.032957863,0.17725295,0.78978926
235,2,2,0.0,0.026984774,0.09471097,0.8783044
235,2,2,0.0,0.023204094,0.066241086,0.9105549
235,2,2,0.0,0.009851068,0.013499884,0.9766492
235,2,2,0.0,0.011971515,0.0259666,0.962062
194,2,2,4.470348358154297e-08,0.021787506,0.011216063,0.9669964
194,2,2,0.0,0.033132706,0.014443239,0.9524241
194,2,2,0.0,0.019468913,0.009365465,0.97116566
194,2,2,0.0,0.020297006,0.008324481,0.9713787
194,2,2,1.4901161193847656e-08,0.022904858,0.02568908,0.9514062
194,2,2,0.0,0.026278475,0.028835533,0.9448862
194,2,2,0.0,0.023606077,0.0117047215,0.9646893
194,2,2,0.0,0.020948289,0.0101574855,0.9688941
194,2,2,5.960464477539063e-08,0.09887774,0.033007633,0.86811465
194,2,2,0.0,0.03607758,0.008665907,0.95525664
194,2,2,0.0,0.028104996,0.007069528,0.96482563
194,2,2,0.0,0.023547493,0.00980487,0.96664774
