epoch,report,confusion_matrix,accuracy,balanced_accuracy,kappa,f1_micro,f1_macro,f1_weighted,recall_micro,recall_macro,recall_weighted,precision_micro,precision_macro,precision_weighted,ECE,Brier,NLL,Entropy,Epistemic,Aleatoric,train_loss,train_ce_loss,train_parcel_loss,test_loss,learning_rate,time
0,"              precision    recall  f1-score   support

     class 0   0.603037  0.577963  0.590234       481
     class 1   0.198864  0.429448  0.271845       163
     class 2   0.579545  0.353349  0.439024       433

    accuracy                       0.465181      1077
   macro avg   0.460482  0.453586  0.433701      1077
weighted avg   0.532422  0.465181  0.481254      1077
","[[278 132  71]
 [ 53  70  40]
 [130 150 153]]",0.46518105849582175,0.45358638683848734,0.19066927592954996,0.46518105849582175,0.4337008653618785,0.4812540167537008,0.46518105849582175,0.45358638683848734,0.46518105849582175,0.46518105849582175,0.4604819890882797,0.5324221839113924,0.040722215683429513,0.6179213140649699,1.0261844367843118,1.0111701399926116,0.0,1.0111701399926116,0.937895559166607,0.937895559166607,0.0,1.0517039,0.00011999999999999999,0.011605525016784668
1,"              precision    recall  f1-score   support

     class 0   0.852814  0.819127  0.835631       481
     class 1   0.425703  0.650307  0.514563       163
     class 2   0.816940  0.690531  0.748436       433

    accuracy                       0.741876      1077
   macro avg   0.698486  0.719988  0.699543      1077
weighted avg   0.773749  0.741876  0.751982      1077
","[[394  52  35]
 [ 25 106  32]
 [ 43  91 299]]",0.7418755803156918,0.7199882484740588,0.5946534315676606,0.7418755803156918,0.6995432054106523,0.751982238917122,0.7418755803156918,0.7199882484740588,0.7418755803156918,0.7418755803156918,0.6984855182564051,0.7737492981559801,0.15853375751631324,0.4048200841416477,0.7044541353487624,0.8802485592348638,0.0,0.8802485592348638,0.7594557075124038,0.7594557075124038,0.0,0.7688561,0.00017999999999999998,0.024539709091186523
2,"              precision    recall  f1-score   support

     class 0   0.958515  0.912682  0.935037       481
     class 1   0.706422  0.944785  0.808399       163
     class 2   0.932668  0.863741  0.896882       433

    accuracy                       0.897864      1077
   macro avg   0.865869  0.907070  0.880106      1077
weighted avg   0.909970  0.897864  0.900531      1077
","[[439  23  19]
 [  1 154   8]
 [ 18  41 374]]",0.8978644382544104,0.9070695094158164,0.8378154159547904,0.8978644382544104,0.8801062392771501,0.9005311768086957,0.8978644382544104,0.9070695094158164,0.8978644382544104,0.8978644382544104,0.865868543789492,0.9099703129553164,0.16073172886118578,0.20905081347582422,0.40276367527619306,0.6403099266944411,0.0,0.6403099266944411,0.5126998412765955,0.5126998412765955,0.0,0.44293648,0.00023999999999999998,0.038459491729736325
3,"              precision    recall  f1-score   support

     class 0   0.972281  0.948025  0.960000       481
     class 1   0.844920  0.969325  0.902857       163
     class 2   0.959620  0.933025  0.946136       433

    accuracy                       0.945218      1077
   macro avg   0.925607  0.950125  0.936331      1077
weighted avg   0.947915  0.945218  0.945778      1077
","[[456  13  12]
 [  0 158   5]
 [ 13  16 404]]",0.9452181987000928,0.9501251685187416,0.9119373695545522,0.9452181987000928,0.9363309914129586,0.9457776502079895,0.9452181987000928,0.9501251685187416,0.9452181987000928,0.9452181987000928,0.9256070628279028,0.9479152664459974,0.10514409165490578,0.11823267869775426,0.2529157503744192,0.4489824215448015,0.0,0.4489824215448015,0.3429724754471528,0.3429724754471528,0.0,0.29355463,0.0003,0.05232616662979126
4,"              precision    recall  f1-score   support

     class 0   0.974576  0.956341  0.965373       481
     class 1   0.866667  0.957055  0.909621       163
     class 2   0.960000  0.942263  0.951049       433

    accuracy                       0.950789      1077
   macro avg   0.933748  0.951886  0.942014      1077
weighted avg   0.952384  0.950789  0.951176      1077
","[[460  10  11]
 [  1 156   6]
 [ 11  14 408]]",0.9507892293407614,0.9518864835035368,0.9206692683577659,0.9507892293407614,0.9420141500574933,0.9511760386851943,0.9507892293407614,0.9518864835035368,0.9507892293407614,0.9507892293407614,0.9337476459510358,0.9523842647236255,0.08027297161645794,0.0911591368953855,0.19768362924088326,0.3733715549867592,0.0,0.3733715549867592,0.29121196113134684,0.29121196113134684,0.0,0.17910992,0.0003,0.06547598044077556
5,"              precision    recall  f1-score   support

     class 0   0.977035  0.972973  0.975000       481
     class 1   0.888268  0.975460  0.929825       163
     class 2   0.973747  0.942263  0.957746       433

    accuracy                       0.961003      1077
   macro avg   0.946350  0.963565  0.954190      1077
weighted avg   0.962279  0.961003  0.961226      1077
","[[468   6   7]
 [  0 159   4]
 [ 11  14 408]]",0.9610027855153204,0.9635654583726957,0.9370811460428472,0.9610027855153204,0.954190346758916,0.9612262106414898,0.9610027855153204,0.9635654583726957,0.9610027855153204,0.9610027855153204,0.9463502212454843,0.9622787731776304,0.060612488749599486,0.07332103374460884,0.16627655646298659,0.31109645159978766,0.0,0.31109645159978766,0.26558664970492063,0.26558664970492063,0.0,0.16414498,0.0002996528771620249,0.07840725183486938
6,"              precision    recall  f1-score   support

     class 0   0.975000  0.972973  0.973985       481
     class 1   0.951807  0.969325  0.960486       163
     class 2   0.969838  0.965358  0.967593       433

    accuracy                       0.969359      1077
   macro avg   0.965548  0.969219  0.967355      1077
weighted avg   0.969414  0.969359  0.969372      1077
","[[468   3  10]
 [  2 158   3]
 [ 10   5 418]]",0.9693593314763231,0.9692186980048808,0.950317878350723,0.9693593314763231,0.9673547822076246,0.9693721966808085,0.9693593314763231,0.9692186980048808,0.9693593314763231,0.9693593314763231,0.9655482719742077,0.9694143486418448,0.06634537925882768,0.06472270038074163,0.14994432078646938,0.303070221454359,0.0,0.303070221454359,0.2514798084371968,0.2514798084371968,0.0,0.17291245,0.00029861319979567375,0.09217178821563721
7,"              precision    recall  f1-score   support

     class 0   0.981366  0.985447  0.983402       481
     class 1   0.951807  0.969325  0.960486       163
     class 2   0.981308  0.969977  0.975610       433

    accuracy                       0.976787      1077
   macro avg   0.971494  0.974916  0.973166      1077
weighted avg   0.976869  0.976787  0.976801      1077
","[[474   4   3]
 [  0 158   5]
 [  9   4 420]]",0.9767873723305478,0.9749163480443324,0.962354451192913,0.9767873723305478,0.9731661893041889,0.9768012000160954,0.9767873723305478,0.9749163480443324,0.9767873723305478,0.9767873723305478,0.9714940332526484,0.9768694405293157,0.06636796930804306,0.05081637631492742,0.1290274760442145,0.2871633186129212,0.0,0.2871633186129212,0.2459420030446429,0.2459420030446429,0.0,0.149255,0.00029688603310456727,0.10538673798243205
8,"              precision    recall  f1-score   support

     class 0   0.983333  0.981289  0.982310       481
     class 1   0.947368  0.993865  0.970060       163
     class 2   0.981221  0.965358  0.973225       433

    accuracy                       0.976787      1077
   macro avg   0.970641  0.980171  0.975198      1077
weighted avg   0.977041  0.976787  0.976803      1077
","[[472   2   7]
 [  0 162   1]
 [  8   7 418]]",0.9767873723305478,0.9801706598770882,0.9624329234092069,0.9767873723305478,0.975198217917423,0.9768033443875387,0.9767873723305478,0.9801706598770882,0.9767873723305478,0.9767873723305478,0.9706408038876534,0.9770407897547364,0.06481562073006408,0.052844520303411725,0.12977829877246239,0.2802422214186086,0.0,0.2802422214186086,0.2367642706162051,0.2367642706162051,0.0,0.122256145,0.0002944797916712104,0.11988881429036459
9,"              precision    recall  f1-score   support

     class 0   0.985356  0.979210  0.982273       481
     class 1   0.958084  0.981595  0.969697       163
     class 2   0.981481  0.979215  0.980347       433

    accuracy                       0.979573      1077
   macro avg   0.974974  0.980007  0.977439      1077
weighted avg   0.979671  0.979573  0.979595      1077
","[[471   5   5]
 [  0 160   3]
 [  7   2 424]]",0.9795728876508821,0.9800066172783269,0.9668955226382986,0.9795728876508821,0.9774389972525072,0.9795953475142876,0.9795728876508821,0.9800066172783269,0.9795728876508821,0.9795728876508821,0.9749736541174586,0.97967057854944,0.06383714417860126,0.0446963701650335,0.12229780271847111,0.27172566984289737,0.0,0.27172566984289737,0.23365633072037445,0.23365633072037445,0.0,0.10458926,0.0002914061984619919,0.13336603244145712
10,"              precision    recall  f1-score   support

     class 0   0.983264  0.977131  0.980188       481
     class 1   0.969880  0.987730  0.978723       163
     class 2   0.972286  0.972286  0.972286       433

    accuracy                       0.976787      1077
   macro avg   0.975143  0.979049  0.977066      1077
weighted avg   0.976825  0.976787  0.976789      1077
","[[470   1  10]
 [  0 161   2]
 [  8   4 421]]",0.9767873723305478,0.9790491375382064,0.9623670792660427,0.9767873723305478,0.9770658246351437,0.9767894117334179,0.9767873723305478,0.9790491375382064,0.9767873723305478,0.9767873723305478,0.9751431635108659,0.976824653891144,0.06854654627444833,0.05456862389312155,0.13781796528980264,0.29023902219398506,0.0,0.29023902219398506,0.22613226818410972,0.22613226818410972,0.0,0.16795729,0.0002876802277140706,0.1469077984491984
11,"              precision    recall  f1-score   support

     class 0   0.987500  0.985447  0.986472       481
     class 1   0.993789  0.981595  0.987654       163
     class 2   0.979358  0.986143  0.982739       433

    accuracy                       0.985144      1077
   macro avg   0.986882  0.984395  0.985622      1077
weighted avg   0.985178  0.985144  0.985150      1077
","[[474   1   6]
 [  0 160   3]
 [  6   0 427]]",0.9851439182915506,0.9843950881794999,0.9758661546347571,0.9851439182915506,0.9856218419175137,0.9851502157501911,0.9851439182915506,0.9843950881794999,0.9851439182915506,0.9851439182915506,0.9868822060136381,0.9851782769222435,0.06659952413200163,0.03709620079052899,0.1082863609419401,0.2742366363030055,0.0,0.2742366363030055,0.22244938266904732,0.22244938266904732,0.0,0.13566433,0.0002833200319823971,0.16250755786895751
12,"              precision    recall  f1-score   support

     class 0   0.981092  0.970894  0.975967       481
     class 1   0.941520  0.987730  0.964072       163
     class 2   0.979070  0.972286  0.975666       433

    accuracy                       0.974002      1077
   macro avg   0.967228  0.976970  0.971902      1077
weighted avg   0.974290  0.974002  0.974046      1077
","[[467   7   7]
 [  0 161   2]
 [  9   3 421]]",0.9740018570102136,0.9769701354592044,0.9579361426120434,0.9740018570102136,0.9719015662926779,0.9740456159711325,0.9740018570102136,0.9769701354592044,0.9740018570102136,0.9740018570102136,0.9672275574176359,0.9742901650366849,0.056562973992811114,0.04717353210853477,0.12151814277939017,0.26852893357448687,0.0,0.26852893357448687,0.21816150177466243,0.21816150177466243,0.0,0.121599786,0.00027834685370229067,0.1762282689412435
13,"              precision    recall  f1-score   support

     class 0   0.983264  0.977131  0.980188       481
     class 1   0.975155  0.963190  0.969136       163
     class 2   0.965753  0.976905  0.971297       433

    accuracy                       0.974930      1077
   macro avg   0.974724  0.972409  0.973540      1077
weighted avg   0.974997  0.974930  0.974941      1077
","[[470   2   9]
 [  0 157   6]
 [  8   2 423]]",0.9749303621169917,0.9724088243194493,0.9592796108184407,0.9749303621169917,0.9735402857807864,0.9749407371841698,0.9749303621169917,0.9724088243194493,0.9749303621169917,0.9749303621169917,0.9747241008289999,0.9749965963144824,0.055112256569635254,0.04287278377009201,0.1140714943628599,0.26118151895036396,0.0,0.26118151895036396,0.2173480422873246,0.2173480422873246,0.0,0.13007438,0.00027278492169842996,0.18962929646174112
14,"              precision    recall  f1-score   support

     class 0   0.987448  0.981289  0.984359       481
     class 1   0.975460  0.975460  0.975460       163
     class 2   0.974771  0.981524  0.978136       433

    accuracy                       0.980501      1077
   macro avg   0.979226  0.979424  0.979318      1077
weighted avg   0.980537  0.980501  0.980510      1077
","[[472   2   7]
 [  0 159   4]
 [  6   2 425]]",0.9805013927576601,0.9794244511370002,0.9683525174420069,0.9805013927576601,0.9793182059827338,0.9805100597753817,0.9805013927576601,0.9794244511370002,0.9805013927576601,0.9805013927576601,0.9792261545486638,0.9805367048928773,0.054928855892967345,0.03850402693443302,0.10713868066254705,0.2546785092211127,0.0,0.2546785092211127,0.21238349378108978,0.21238349378108978,0.0,0.09794094,0.0002666613331444543,0.20297867457071941
15,"              precision    recall  f1-score   support

     class 0   0.983368  0.983368  0.983368       481
     class 1   0.981707  0.987730  0.984709       163
     class 2   0.979167  0.976905  0.978035       433

    accuracy                       0.981430      1077
   macro avg   0.981414  0.982668  0.982037      1077
weighted avg   0.981428  0.981430  0.981427      1077
","[[473   1   7]
 [  0 161   2]
 [  8   2 423]]",0.9814298978644382,0.982667785498656,0.9698648535213632,0.9814298978644382,0.9820373818570775,0.9814267990724043,0.9814298978644382,0.982667785498656,0.9814298978644382,0.9814298978644382,0.9814139890359402,0.9814275388575613,0.056696362885389665,0.04005955724944991,0.10898561656367747,0.26139054435113757,0.0,0.26139054435113757,0.21464612687888898,0.21464612687888898,0.0,0.12674814,0.00026000592154825774,0.21648879448572794
16,"              precision    recall  f1-score   support

     class 0   0.987395  0.977131  0.982236       481
     class 1   0.987654  0.981595  0.984615       163
     class 2   0.968109  0.981524  0.974771       433

    accuracy                       0.979573      1077
   macro avg   0.981053  0.980083  0.980541      1077
weighted avg   0.979681  0.979573  0.979595      1077
","[[470   0  11]
 [  0 160   3]
 [  6   2 425]]",0.9795728876508821,0.9800834395260499,0.9668374202216997,0.9795728876508821,0.9805407271557224,0.9795947875137669,0.9795728876508821,0.9800834395260499,0.9795728876508821,0.9795728876508821,0.9810528727928641,0.9796805692427643,0.05261226520126415,0.04183949061281812,0.11117167773931662,0.2540176576159167,0.0,0.2540176576159167,0.21293011405750326,0.21293011405750326,0.0,0.13317673,0.00025285111140613725,0.2303484360376994
17,"              precision    recall  f1-score   support

     class 0   0.983299  0.979210  0.981250       481
     class 1   0.987654  0.981595  0.984615       163
     class 2   0.974771  0.981524  0.978136       433

    accuracy                       0.980501      1077
   macro avg   0.981908  0.980776  0.981334      1077
weighted avg   0.980529  0.980501  0.980507      1077
","[[471   2   8]
 [  0 160   3]
 [  8   0 425]]",0.9805013927576601,0.9807764402190506,0.9683384289746002,0.9805013927576601,0.9813337242925851,0.9805072924883139,0.9805013927576601,0.9807764402190506,0.9805013927576601,0.9805013927576601,0.9819078339372062,0.9805291917099596,0.06003179575707046,0.038747826759775526,0.11113729227134508,0.27078007153538125,0.0,0.27078007153538125,0.20869754921448858,0.20869754921448858,0.0,0.13242805,0.00024523176023390626,0.2440772851308187
18,"              precision    recall  f1-score   support

     class 0   0.983368  0.983368  0.983368       481
     class 1   0.975460  0.975460  0.975460       163
     class 2   0.979215  0.979215  0.979215       433

    accuracy                       0.980501      1077
   macro avg   0.979348  0.979348  0.979348      1077
weighted avg   0.980501  0.980501  0.980501      1077
","[[473   2   6]
 [  1 159   3]
 [  7   2 424]]",0.9805013927576601,0.9793476288892773,0.968346139312256,0.9805013927576601,0.9793476288892773,0.9805013927576601,0.9805013927576601,0.9793476288892773,0.9805013927576601,0.9805013927576601,0.9793476288892773,0.9805013927576601,0.055348220970926926,0.03867814678002617,0.11008788555633686,0.2610531214723364,0.0,0.2610531214723364,0.20962422184253993,0.20962422184253993,0.0,0.113064274,0.0002371849887445814,0.25751250187555946
19,"              precision    recall  f1-score   support

     class 0   0.985386  0.981289  0.983333       481
     class 1   0.981818  0.993865  0.987805       163
     class 2   0.979215  0.979215  0.979215       433

    accuracy                       0.982358      1077
   macro avg   0.982140  0.984790  0.983451      1077
weighted avg   0.982365  0.982358  0.982354      1077
","[[472   1   8]
 [  0 162   1]
 [  7   2 424]]",0.9823584029712163,0.9847895975214299,0.9713862623855828,0.9823584029712163,0.9834509973275253,0.9823542511191129,0.9823584029712163,0.9847895975214299,0.9823584029712163,0.9823584029712163,0.9821397279043357,0.9823650288569661,0.05629927333556643,0.03813789419009508,0.10903757885916311,0.2547905260255982,0.0,0.2547905260255982,0.20665793787491948,0.20665793787491948,0.0,0.10075115,0.00022874999999999998,0.2715851147969564
20,"              precision    recall  f1-score   support

     class 0   0.989583  0.987526  0.988554       481
     class 1   0.993827  0.987730  0.990769       163
     class 2   0.983908  0.988453  0.986175       433

    accuracy                       0.987929      1077
   macro avg   0.989106  0.987903  0.988499      1077
weighted avg   0.987944  0.987929  0.987933      1077
","[[475   1   5]
 [  0 161   2]
 [  5   0 428]]",0.9879294336118849,0.9879029015882755,0.9803986627242793,0.9879294336118849,0.9884993119956699,0.9879326706547655,0.9879294336118849,0.9879029015882755,0.9879294336118849,0.9879294336118849,0.989106179934724,0.9879439130936615,0.0568925318152552,0.031203463789653763,0.09546466193410771,0.2496662715487691,0.0,0.2496662715487691,0.2067277204049261,0.2067277204049261,0.0,0.10329601,0.00021996788841744354,0.2844576398531596
21,"              precision    recall  f1-score   support

     class 0   0.977366  0.987526  0.982420       481
     class 1   0.981707  0.987730  0.984709       163
     class 2   0.988290  0.974596  0.981395       433

    accuracy                       0.982358      1077
   macro avg   0.982455  0.983284  0.982842      1077
weighted avg   0.982415  0.982358  0.982354      1077
","[[475   2   4]
 [  1 161   1]
 [ 10   1 422]]",0.9823584029712163,0.9832839639439337,0.9713619951297339,0.9823584029712163,0.9828415613939568,0.9823544862287786,0.9823584029712163,0.9832839639439337,0.9823584029712163,0.9823584029712163,0.9824546567812225,0.9824152310083244,0.0572261735859567,0.03943725523418995,0.11184942248740633,0.2605809718465438,0.0,0.2605809718465438,0.20328427910020477,0.20328427910020477,0.0,0.12841213,0.00021088143956176747,0.29809157848358153
22,"              precision    recall  f1-score   support

     class 0   0.983402  0.985447  0.984424       481
     class 1   0.987730  0.987730  0.987730       163
     class 2   0.983796  0.981524  0.982659       433

    accuracy                       0.984215      1077
   macro avg   0.984976  0.984900  0.984938      1077
weighted avg   0.984216  0.984215  0.984215      1077
","[[474   1   6]
 [  1 161   1]
 [  7   1 425]]",0.9842154131847726,0.9849004320731037,0.9743737245647774,0.9842154131847726,0.9849375656332421,0.984214593910643,0.9842154131847726,0.9849004320731037,0.9842154131847726,0.9842154131847726,0.9849762824241818,0.9842157788362764,0.058478087862796596,0.035015479452941076,0.10352273517973763,0.25888943142204573,0.0,0.25888943142204573,0.20275450086123065,0.20275450086123065,0.0,0.12432198,0.00020153492169843002,0.31092156569163004
23,"              precision    recall  f1-score   support

     class 0   0.989562  0.985447  0.987500       481
     class 1   0.987730  0.987730  0.987730       163
     class 2   0.979310  0.983834  0.981567       433

    accuracy                       0.985144      1077
   macro avg   0.985534  0.985670  0.985599      1077
weighted avg   0.985163  0.985144  0.985149      1077
","[[474   0   7]
 [  0 161   2]
 [  5   2 426]]",0.9851439182915506,0.9856702550138275,0.9758860127119,0.9851439182915506,0.9855989605420636,0.9851494272792232,0.9851439182915506,0.9856702550138275,0.9851439182915506,0.9851439182915506,0.9855339976053701,0.9851629549522958,0.0545401352170561,0.03429236673469224,0.10148628940674338,0.25473445363286956,0.0,0.25473445363286956,0.20308637736659302,0.20308637736659302,0.0,0.109142266,0.00019197387012295263,0.3236847877502441
24,"              precision    recall  f1-score   support

     class 0   0.985477  0.987526  0.986501       481
     class 1   0.975610  0.981595  0.978593       163
     class 2   0.981439  0.976905  0.979167       433

    accuracy                       0.982358      1077
   macro avg   0.980842  0.982009  0.981420      1077
weighted avg   0.982360  0.982358  0.982355      1077
","[[475   0   6]
 [  1 160   2]
 [  6   4 423]]",0.9823584029712163,0.9820087971096062,0.9713696882188009,0.9823584029712163,0.9814201526829067,0.982355264411305,0.9823584029712163,0.9820087971096062,0.9823584029712163,0.9823584029712163,0.9808418165340013,0.9823600650841614,0.05771367686367994,0.03565654111879825,0.10523723263911774,0.25562950202121304,0.0,0.25562950202121304,0.20447103267437533,0.20447103267437533,0.0,0.098710775,0.0001822448653175376,0.33630255460739134
25,"              precision    recall  f1-score   support

     class 0   0.989496  0.979210  0.984326       481
     class 1   0.981818  0.993865  0.987805       163
     class 2   0.977064  0.983834  0.980437       433

    accuracy                       0.983287      1077
   macro avg   0.982793  0.985636  0.984189      1077
weighted avg   0.983336  0.983287  0.983289      1077
","[[471   1   9]
 [  0 162   1]
 [  5   2 426]]",0.9832869080779945,0.9856362427098766,0.9728977058256092,0.9832869080779945,0.9841893936974367,0.9832890940042908,0.9832869080779945,0.9856362427098766,0.9832869080779945,0.9832869080779945,0.982792733440332,0.9833357938416061,0.05234039491534764,0.03743310368387369,0.10872302376410756,0.24712278357850354,0.0,0.24712278357850354,0.19893437800438782,0.19893437800438782,0.0,0.12920487,0.0001723953060156406,0.3490894118944804
26,"              precision    recall  f1-score   support

     class 0   0.981405  0.987526  0.984456       481
     class 1   0.993827  0.987730  0.990769       163
     class 2   0.981439  0.976905  0.979167       433

    accuracy                       0.983287      1077
   macro avg   0.985557  0.984054  0.984797      1077
weighted avg   0.983299  0.983287  0.983285      1077
","[[475   0   6]
 [  0 161   2]
 [  9   1 423]]",0.9832869080779945,0.9840537868846573,0.9728523895946763,0.9832869080779945,0.9847972853283733,0.9832849278962186,0.9832869080779945,0.9840537868846573,0.9832869080779945,0.9832869080779945,0.9855568780842399,0.9832985044704021,0.05601905522425414,0.035458557605150494,0.10261640160536077,0.25804514146157603,0.0,0.25804514146157603,0.20303331531192126,0.20303331531192126,0.0,0.13705966,0.00016247317828010642,0.36232460737228395
27,"              precision    recall  f1-score   support

     class 0   0.983333  0.981289  0.982310       481
     class 1   0.969880  0.987730  0.978723       163
     class 2   0.979118  0.974596  0.976852       433

    accuracy                       0.979573      1077
   macro avg   0.977444  0.981205  0.979295      1077
weighted avg   0.979603  0.979573  0.979573      1077
","[[472   2   7]
 [  0 161   2]
 [  8   3 422]]",0.9795728876508821,0.9812049618649317,0.9668785855671487,0.9795728876508821,0.9792951165865388,0.9795728150346287,0.9795728876508821,0.9812049618649317,0.9795728876508821,0.9795728876508821,0.9774437269573265,0.9796025361541774,0.0515923718772921,0.037957089409492585,0.10604317363909845,0.24983787603633204,0.0,0.24983787603633204,0.20166911890632228,0.20166911890632228,0.0,0.1291534,0.00015252682171989365,0.37710813283920286
28,"              precision    recall  f1-score   support

     class 0   0.985447  0.985447  0.985447       481
     class 1   0.987805  0.993865  0.990826       163
     class 2   0.983796  0.981524  0.982659       433

    accuracy                       0.985144      1077
   macro avg   0.985683  0.986945  0.986311      1077
weighted avg   0.985140  0.985144  0.985140      1077
","[[474   1   6]
 [  0 162   1]
 [  7   1 425]]",0.9851439182915506,0.986945421848155,0.9758918828170906,0.9851439182915506,0.9863105443526509,0.985140126866975,0.9851439182915506,0.986945421848155,0.9851439182915506,0.9851439182915506,0.9856827199306873,0.9851401963029225,0.054840764337545506,0.03497374751499208,0.10513633849821459,0.24959713844952267,0.0,0.24959713844952267,0.19669886227501066,0.19669886227501066,0.0,0.11099754,0.00014260469398435938,0.3904746373494466
29,"              precision    recall  f1-score   support

     class 0   0.987500  0.985447  0.986472       481
     class 1   1.000000  0.993865  0.996923       163
     class 2   0.981609  0.986143  0.983871       433

    accuracy                       0.987001      1077
   macro avg   0.989703  0.988485  0.989089      1077
weighted avg   0.987023  0.987001  0.987008      1077
","[[474   0   7]
 [  0 162   1]
 [  6   0 427]]",0.9870009285051068,0.9884850677296022,0.9788908675492238,0.9870009285051068,0.9890888230742548,0.9870081957130906,0.9870009285051068,0.9884850677296022,0.9870009285051068,0.9870009285051068,0.9897030651340996,0.9870234741032455,0.05574672431606942,0.034660388279808926,0.10081485665285303,0.25020759380824303,0.0,0.25020759380824303,0.19929044027077525,0.19929044027077525,0.0,0.11885844,0.0001327551346824624,0.4036776026089986
30,"              precision    recall  f1-score   support

     class 0   0.989451  0.975052  0.982199       481
     class 1   0.958580  0.993865  0.975904       163
     class 2   0.972350  0.974596  0.973472       433

    accuracy                       0.977716      1077
   macro avg   0.973461  0.981171  0.977191      1077
weighted avg   0.977904  0.977716  0.977737      1077
","[[469   1  11]
 [  0 162   1]
 [  5   6 422]]",0.9777158774373259,0.9811709495609806,0.9639229216738826,0.9777158774373259,0.9771914363250813,0.9777374648290494,0.9777158774373259,0.9811709495609806,0.9777158774373259,0.9777158774373259,0.9734605296216001,0.9779037426343521,0.05063442933805591,0.038721402188880365,0.10229415991858473,0.23851399219567512,0.0,0.23851399219567512,0.1958257804967855,0.1958257804967855,0.0,0.1108577,0.00012302612987704736,0.4172149618466695
31,"              precision    recall  f1-score   support

     class 0   0.987526  0.987526  0.987526       481
     class 1   0.981595  0.981595  0.981595       163
     class 2   0.983834  0.983834  0.983834       433

    accuracy                       0.985144      1077
   macro avg   0.984318  0.984318  0.984318      1077
weighted avg   0.985144  0.985144  0.985144      1077
","[[475   1   5]
 [  1 160   2]
 [  5   2 426]]",0.9851439182915506,0.9843182659317771,0.9758827728093379,0.9851439182915506,0.9843182659317771,0.9851439182915506,0.9851439182915506,0.9843182659317771,0.9851439182915506,0.9851439182915506,0.9843182659317771,0.9851439182915506,0.0518017358203099,0.03251975918227085,0.0959066208051359,0.23904018705506225,0.0,0.23904018705506225,0.1953766642040328,0.1953766642040328,0.0,0.08572625,0.00011346507830156998,0.4304783423741659
32,"              precision    recall  f1-score   support

     class 0   0.987500  0.985447  0.986472       481
     class 1   0.993827  0.987730  0.990769       163
     class 2   0.979310  0.983834  0.981567       433

    accuracy                       0.985144      1077
   macro avg   0.986879  0.985670  0.986269      1077
weighted avg   0.985165  0.985144  0.985150      1077
","[[474   0   7]
 [  0 161   2]
 [  6   1 426]]",0.9851439182915506,0.9856702550138275,0.9758752771991129,0.9851439182915506,0.986269491867827,0.9851504679734328,0.9851439182915506,0.9856702550138275,0.9851439182915506,0.9851439182915506,0.9868791684404711,0.9851650013656813,0.05480262322700068,0.03458498192725497,0.10149349726814166,0.2502201185278865,0.0,0.2502201185278865,0.1981954425573349,0.1981954425573349,0.0,0.10505156,0.0001041185604382325,0.4443590402603149
33,"              precision    recall  f1-score   support

     class 0   0.987474  0.983368  0.985417       481
     class 1   0.993827  0.987730  0.990769       163
     class 2   0.979358  0.986143  0.982739       433

    accuracy                       0.985144      1077
   macro avg   0.986886  0.985747  0.986308      1077
weighted avg   0.985172  0.985144  0.985150      1077
","[[473   0   8]
 [  1 161   1]
 [  5   1 427]]",0.9851439182915506,0.9857470772615504,0.975876898266362,0.9851439182915506,0.9863082258810106,0.985150132879982,0.9851439182915506,0.9857470772615504,0.9851439182915506,0.9851439182915506,0.9868862875418539,0.9851724248597321,0.05237661514777238,0.030751039092185708,0.09244215847778786,0.2410023415196052,0.0,0.2410023415196052,0.19306698617966553,0.19306698617966553,0.0,0.08204415,9.503211158255645e-05,0.4576417565345764
34,"              precision    recall  f1-score   support

     class 0   0.991579  0.979210  0.985356       481
     class 1   0.981818  0.993865  0.987805       163
     class 2   0.977117  0.986143  0.981609       433

    accuracy                       0.984215      1077
   macro avg   0.983505  0.986406  0.984923      1077
weighted avg   0.984287  0.984215  0.984220      1077
","[[471   1   9]
 [  0 162   1]
 [  4   2 427]]",0.9842154131847726,0.9864060656506002,0.9744051063972555,0.9842154131847726,0.9849232406622148,0.9842200962643949,0.9842154131847726,0.9864060656506002,0.9842154131847726,0.9842154131847726,0.9835046113306983,0.9842872520903919,0.05137191131966634,0.03311742889872424,0.10171827137919884,0.24856107679969833,0.0,0.24856107679969833,0.19492263444944433,0.19492263444944433,0.0,0.10642553,8.625000000000002e-05,0.47090625762939453
35,"              precision    recall  f1-score   support

     class 0   0.981366  0.985447  0.983402       481
     class 1   0.987578  0.975460  0.981481       163
     class 2   0.979215  0.979215  0.979215       433

    accuracy                       0.981430      1077
   macro avg   0.982720  0.980041  0.981366      1077
weighted avg   0.981441  0.981430  0.981428      1077
","[[474   0   7]
 [  2 159   2]
 [  7   2 424]]",0.9814298978644382,0.980040629582278,0.969826608056884,0.9814298978644382,0.9813662505694998,0.9814281141985655,0.9814298978644382,0.980040629582278,0.9814298978644382,0.9814298978644382,0.9827196266597813,0.9814414320893671,0.05313666731444579,0.03558966469576723,0.10037978223144023,0.24995446283690664,0.0,0.24995446283690664,0.19555561617016792,0.19555561617016792,0.0,0.09436387,7.78150112554186e-05,0.4852568507194519
36,"              precision    recall  f1-score   support

     class 0   0.983368  0.983368  0.983368       481
     class 1   1.000000  0.987730  0.993827       163
     class 2   0.977011  0.981524  0.979263       433

    accuracy                       0.983287      1077
   macro avg   0.986793  0.984207  0.985486      1077
weighted avg   0.983330  0.983287  0.983300      1077
","[[473   0   8]
 [  0 161   2]
 [  8   0 425]]",0.9832869080779945,0.9842074313801031,0.9728475986385983,0.9832869080779945,0.9854859388909568,0.9833004312791854,0.9832869080779945,0.9842074313801031,0.9832869080779945,0.9832869080779945,0.9867931592069524,0.9833295979679612,0.0520951672143892,0.033765987943083824,0.09859162383689403,0.24307653357906278,0.0,0.24307653357906278,0.1971886722665084,0.1971886722665084,0.0,0.104643784,6.976823976609368e-05,0.4989370187123617
37,"              precision    recall  f1-score   support

     class 0   0.985386  0.981289  0.983333       481
     class 1   0.981818  0.993865  0.987805       163
     class 2   0.979215  0.979215  0.979215       433

    accuracy                       0.982358      1077
   macro avg   0.982140  0.984790  0.983451      1077
weighted avg   0.982365  0.982358  0.982354      1077
","[[472   1   8]
 [  0 162   1]
 [  7   2 424]]",0.9823584029712163,0.9847895975214299,0.9713862623855828,0.9823584029712163,0.9834509973275253,0.9823542511191129,0.9823584029712163,0.9847895975214299,0.9823584029712163,0.9823584029712163,0.9821397279043357,0.9823650288569661,0.05253173218877309,0.03709678136184979,0.10560722141331605,0.25023666850911,0.0,0.25023666850911,0.19354757156811261,0.19354757156811261,0.0,0.11159277,6.214888859386275e-05,0.5129504640897115
38,"              precision    recall  f1-score   support

     class 0   0.987421  0.979210  0.983299       481
     class 1   1.000000  0.993865  0.996923       163
     class 2   0.974886  0.986143  0.980482       433

    accuracy                       0.984215      1077
   macro avg   0.987436  0.986406  0.986901      1077
weighted avg   0.984285  0.984215  0.984228      1077
","[[471   0  10]
 [  0 162   1]
 [  6   0 427]]",0.9842154131847726,0.9864060656506002,0.974372648481591,0.9842154131847726,0.9869012733026693,0.9842282758633231,0.9842154131847726,0.9864060656506002,0.9842154131847726,0.9842154131847726,0.9874357427988857,0.9842852890537112,0.04796461980072748,0.034227363260354374,0.10025586140391964,0.2385443288784488,0.0,0.2385443288784488,0.19402173730103592,0.19402173730103592,0.0,0.10942088,5.499407845174223e-05,0.5262609998385112
39,"              precision    recall  f1-score   support

     class 0   0.989518  0.981289  0.985386       481
     class 1   0.981818  0.993865  0.987805       163
     class 2   0.979310  0.983834  0.981567       433

    accuracy                       0.984215      1077
   macro avg   0.983549  0.986329  0.984919      1077
weighted avg   0.984249  0.984215  0.984217      1077
","[[472   1   8]
 [  0 162   1]
 [  5   2 426]]",0.9842154131847726,0.9863292434028773,0.9744016710428078,0.9842154131847726,0.9849193065398806,0.9842167137829743,0.9842154131847726,0.9863292434028773,0.9842154131847726,0.9842154131847726,0.9835487821174222,0.9842486668760766,0.05032208879640296,0.03337487717731427,0.09574731305913249,0.24014704107210486,0.0,0.24014704107210486,0.1947754976388655,0.1947754976388655,0.0,0.12161235,4.833866685554564e-05,0.5393943349520366
40,"              precision    recall  f1-score   support

     class 0   0.985417  0.983368  0.984391       481
     class 1   0.981707  0.987730  0.984709       163
     class 2   0.981524  0.981524  0.981524       433

    accuracy                       0.983287      1077
   macro avg   0.982883  0.984207  0.983542      1077
weighted avg   0.983290  0.983287  0.983287      1077
","[[473   1   7]
 [  1 161   1]
 [  6   2 425]]",0.9832869080779945,0.9842074313801031,0.9728801893602377,0.9832869080779945,0.9835416628833519,0.9832867603430747,0.9832869080779945,0.9842074313801031,0.9832869080779945,0.9832869080779945,0.98288274438749,0.9832903522280347,0.05749409140983194,0.03189596249851002,0.0972124056157846,0.25666383291747846,0.0,0.25666383291747846,0.1956332045558252,0.1956332045558252,0.0,0.11039494,4.221507830157e-05,0.5525579531987508
41,"              precision    recall  f1-score   support

     class 0   0.979339  0.985447  0.982383       481
     class 1   0.987730  0.987730  0.987730       163
     class 2   0.979070  0.972286  0.975666       433

    accuracy                       0.980501      1077
   macro avg   0.982046  0.981821  0.981927      1077
weighted avg   0.980501  0.980501  0.980492      1077
","[[474   0   7]
 [  0 161   2]
 [ 10   2 421]]",0.9805013927576601,0.9818211403102093,0.9683397586111321,0.9805013927576601,0.9819265871519872,0.9804920374104849,0.9805013927576601,0.9818211403102093,0.9805013927576601,0.9805013927576601,0.9820462239222533,0.9805006432436397,0.05219705793570505,0.03552256427358269,0.09817308765872108,0.23682595114874946,0.0,0.23682595114874946,0.1933626242374119,0.1933626242374119,0.0,0.0987985,3.66531462977093e-05,0.5656627257664998
42,"              precision    recall  f1-score   support

     class 0   0.989540  0.983368  0.986444       481
     class 1   0.987805  0.993865  0.990826       163
     class 2   0.979310  0.983834  0.981567       433

    accuracy                       0.985144      1077
   macro avg   0.985552  0.987022  0.986279      1077
weighted avg   0.985165  0.985144  0.985146      1077
","[[473   0   8]
 [  0 162   1]
 [  5   2 426]]",0.9851439182915506,0.9870222440958779,0.9758967386743206,0.9851439182915506,0.9862789070238258,0.9851464128642239,0.9851439182915506,0.9870222440958779,0.9851439182915506,0.9851439182915506,0.9855516572767806,0.985164525235987,0.05406506293866378,0.03290763061884747,0.09645872800324476,0.23967583936884426,0.0,0.23967583936884426,0.19512132692493891,0.19512132692493891,0.0,0.12614186,3.16799680176029e-05,0.5797372659047445
43,"              precision    recall  f1-score   support

     class 0   0.987448  0.981289  0.984359       481
     class 1   0.970060  0.993865  0.981818       163
     class 2   0.976852  0.974596  0.975723       433

    accuracy                       0.980501      1077
   macro avg   0.978120  0.983250  0.980633      1077
weighted avg   0.980556  0.980501  0.980502      1077
","[[472   0   9]
 [  0 162   1]
 [  6   5 422]]",0.9805013927576601,0.9832499516399826,0.968400271609285,0.9805013927576601,0.9806331440524091,0.980502101177827,0.9805013927576601,0.9832499516399826,0.9805013927576601,0.9805013927576601,0.9781198102787142,0.9805561331728209,0.04827481141206853,0.03735173071829373,0.10398729423628016,0.24295080466985766,0.0,0.24295080466985766,0.19483893952871623,0.19483893952871623,0.0,0.13751009,2.731977228592936e-05,0.5943508982658386
44,"              precision    recall  f1-score   support

     class 0   0.989407  0.970894  0.980063       481
     class 1   0.969880  0.987730  0.978723       163
     class 2   0.968109  0.981524  0.974771       433

    accuracy                       0.977716      1077
   macro avg   0.975799  0.980049  0.977852      1077
weighted avg   0.977889  0.977716  0.977732      1077
","[[467   2  12]
 [  0 161   2]
 [  5   3 425]]",0.9777158774373259,0.9800494272220991,0.9638869329041344,0.9777158774373259,0.9778523351779181,0.9777324849422991,0.9777158774373259,0.9800494272220991,0.9777158774373259,0.9777158774373259,0.9757985457136836,0.9778889196158644,0.047952699602228865,0.037601835206279834,0.10413658039820042,0.2369572609272138,0.0,0.2369572609272138,0.19433488167430224,0.19433488167430224,0.0,0.09160162,2.3593801538008064e-05,0.607795524597168
45,"              precision    recall  f1-score   support

     class 0   0.983402  0.985447  0.984424       481
     class 1   0.993827  0.987730  0.990769       163
     class 2   0.981524  0.981524  0.981524       433

    accuracy                       0.984215      1077
   macro avg   0.986251  0.984900  0.985572      1077
weighted avg   0.984225  0.984215  0.984218      1077
","[[474   0   7]
 [  1 161   1]
 [  7   1 425]]",0.9842154131847726,0.9849004320731037,0.9743640365615969,0.9842154131847726,0.9855723854014414,0.9842183591247711,0.9842154131847726,0.9849004320731037,0.9842154131847726,0.9842154131847726,0.9862512998476719,0.9842250925449092,0.0501732214726774,0.03470364562507506,0.09881459428529386,0.2420785110780052,0.0,0.2420785110780052,0.19203039552820356,0.19203039552820356,0.0,0.13061042,2.0520208328789556e-05,0.6210171977678934
46,"              precision    recall  f1-score   support

     class 0   0.985386  0.981289  0.983333       481
     class 1   0.993827  0.987730  0.990769       163
     class 2   0.979358  0.986143  0.982739       433

    accuracy                       0.984215      1077
   macro avg   0.986190  0.985054  0.985614      1077
weighted avg   0.984240  0.984215  0.984220      1077
","[[472   1   8]
 [  1 161   1]
 [  6   0 427]]",0.9842154131847726,0.9850540765685497,0.9743692044080097,0.9842154131847726,0.9856137814365663,0.9842196933875648,0.9842154131847726,0.9850540765685497,0.9842154131847726,0.9842154131847726,0.9861903933177759,0.9842400429049093,0.05012337176123596,0.03307638214954408,0.0949977404862996,0.24158668521932133,0.0,0.24158668521932133,0.19420200351037478,0.19420200351037478,0.0,0.116183355,1.8113966895432688e-05,0.6342798749605815
47,"              precision    recall  f1-score   support

     class 0   0.983402  0.985447  0.984424       481
     class 1   0.981595  0.981595  0.981595       163
     class 2   0.979167  0.976905  0.978035       433

    accuracy                       0.981430      1077
   macro avg   0.981388  0.981316  0.981351      1077
weighted avg   0.981426  0.981430  0.981427      1077
","[[474   1   6]
 [  0 160   3]
 [  8   2 423]]",0.9814298978644382,0.9813157964166055,0.9698514406644441,0.9814298978644382,0.9813511500393086,0.9814269317576919,0.9814298978644382,0.9813157964166055,0.9814298978644382,0.9814298978644382,0.9813880827725875,0.9814259648811887,0.04542192039201587,0.03615414088371027,0.10011252334900514,0.23108332698536016,0.0,0.23108332698536016,0.19401518882889496,0.19401518882889496,0.0,0.09901061,1.6386800204326224e-05,0.6480754057566325
48,"              precision    recall  f1-score   support

     class 0   0.989518  0.981289  0.985386       481
     class 1   0.987578  0.975460  0.981481       163
     class 2   0.977221  0.990762  0.983945       433

    accuracy                       0.984215      1077
   macro avg   0.984772  0.982504  0.983604      1077
weighted avg   0.984280  0.984215  0.984216      1077
","[[472   2   7]
 [  1 159   3]
 [  4   0 429]]",0.9842154131847726,0.9825037428998948,0.974362959664614,0.9842154131847726,0.983604218968095,0.984215802285687,0.9842154131847726,0.9825037428998948,0.9842154131847726,0.9842154131847726,0.9847721387259565,0.9842803164512629,0.04876849861886405,0.032751495799821444,0.0956763252348949,0.23773121563510866,0.0,0.23773121563510866,0.19708439962644325,0.19708439962644325,0.0,0.104651675,1.5347122837975052e-05,0.6614067633946736
49,"              precision    recall  f1-score   support

     class 0   0.991667  0.989605  0.990635       481
     class 1   1.000000  0.987730  0.993827       163
     class 2   0.983945  0.990762  0.987342       433

    accuracy                       0.989786      1077
   macro avg   0.991871  0.989366  0.990601      1077
weighted avg   0.989823  0.989786  0.989794      1077
","[[476   0   5]
 [  0 161   2]
 [  4   0 429]]",0.989786443825441,0.9893657252219997,0.9834079813113955,0.989786443825441,0.990601229369595,0.9897939943175464,0.989786443825441,0.9893657252219997,0.989786443825441,0.989786443825441,0.9918705402650357,0.9898234278591286,0.05699471900503971,0.029712282375719937,0.09226380647282113,0.24599083343819259,0.0,0.24599083343819259,0.1933762403695207,0.1933762403695207,0.0,0.11621808,1.4999999999999999e-05,0.6752912720044454
