parcel_id,truth,pred,correct,effective_pixels,prob_0,prob_1,prob_2,fold,selected_d0
6,0,0,1,9.69035599121037,0.9904075048069221,0.00848777549047669,0.0011047197026011087,0,0.5
7,0,0,1,15.15464352404288,0.9969289303448663,0.0014539865007786286,0.0016170831543549432,0,0.5
10,0,0,1,23.177363817428475,0.9887020189431407,0.00493851874098507,0.006359462315874258,0,0.5
15,0,0,1,18.62344528930301,0.971384183992446,0.0018473403418316284,0.026768475665722435,0,0.5
24,0,0,1,17.1176256180747,0.9556399235584166,0.012818677882051694,0.031541398559531676,0,0.5
25,0,0,1,10.900717112965355,0.9938409426805099,0.003691979598562106,0.00246707772092798,0,0.5
30,0,0,1,5.776518689970436,0.9972263215193135,0.0019095642015233996,0.0008641142791631963,0,0.5
31,0,0,1,9.756021205258664,0.9967079508535527,0.0024561224706029236,0.0008359266758445659,0,0.5
32,0,0,1,22.909634076573994,0.9514100198066008,0.006177756689149815,0.042412223504249426,0,0.5
37,0,0,1,7.407154562772886,0.9430198149775451,0.05430879691305852,0.002671388109396458,0,0.5
40,0,0,1,22.131230479951732,0.9900286582749179,0.0051673706697476385,0.004803971055334493,0,0.5
41,0,0,1,15.163867884347164,0.9748303976146335,0.0027778446222453314,0.022391757763121155,0,0.5
46,0,0,1,11.639137061792615,0.9952597173375758,0.004025671308018515,0.0007146113544056227,0,0.5
48,0,0,1,18.420868151275243,0.9920285185581689,0.006587361167731571,0.0013841202740994395,0,0.5
53,0,0,1,27.35088395647277,0.9951269081274804,0.0013189642847409489,0.0035541275877786324,0,0.5
54,0,0,1,13.540888006963899,0.957088019539371,0.008267553097843845,0.034644427362785134,0,0.5
55,0,0,1,6.503699179450387,0.9728839078304079,0.001547057746380539,0.025569034423211567,0,0.5
57,0,0,1,22.606022429755978,0.9814800260535991,0.0020288696775339257,0.01649110426886691,0,0.5
63,0,0,1,27.106594476485608,0.9478563410361915,0.004537812664223152,0.047605846299585336,0,0.5
65,0,0,1,9.166646264545419,0.9911834647561909,0.007399428028000397,0.00141710721580872,0,0.5
71,0,0,1,28.908460530520504,0.9920149522403193,0.002252626997808176,0.0057324207618725635,0,0.5
73,0,0,1,16.75068318355599,0.9625393460459906,0.009160656436141773,0.028299997517867565,0,0.5
78,0,0,1,8.791266500521573,0.9958468719283038,0.003397401856963293,0.000755726214733064,0,0.5
83,0,0,1,7.99609009661556,0.9961640100238334,0.003207668087288633,0.000628321888878114,0,0.5
86,0,0,1,17.187460968980332,0.9850357720577958,0.0030647295258791883,0.011899498416324877,0,0.5
88,0,0,1,15.356378185616583,0.9718175888674903,0.00176143994148698,0.02642097119102274,0,0.5
89,0,0,1,8.299303155113856,0.9967902400200662,0.0017714014752101305,0.001438358504723699,0,0.5
94,0,0,1,14.820445459992829,0.985465910029467,0.0037918176980666317,0.010742272272466293,0,0.5
96,0,0,1,23.602713175641135,0.988079489807163,0.00541441695837361,0.006506093234463448,0,0.5
97,0,0,1,22.604909793874636,0.9889126779445484,0.0009782280856779366,0.010109093969773596,0,0.5
102,0,0,1,5.325683433234024,0.9921921169308905,0.0023206248951697078,0.0054872581739397585,0,0.5
104,0,0,1,18.860296394595473,0.9956509293670879,0.0037673437436256917,0.0005817268892864472,0,0.5
116,0,0,1,16.188275286469235,0.9767976561663031,0.003917952566743244,0.01928439126695374,0,0.5
120,0,0,1,27.192895725507523,0.9825293929163507,0.005364158938559356,0.012106448145090026,0,0.5
121,0,0,1,13.272926923010875,0.9959683889192357,0.001370991365326459,0.0026606197154379874,0,0.5
126,0,0,1,16.507852073402297,0.991282475107912,0.002399605828093117,0.006317919063994935,0,0.5
128,0,0,1,10.622752913104332,0.9957691325350304,0.003169719399807711,0.001061148065161696,0,0.5
135,0,0,1,22.85929573856851,0.9888167879830317,0.005858210605756443,0.005325001411211763,0,0.5
139,0,0,1,21.859014488917307,0.9781096574522363,0.0007682815119813853,0.02112206103578232,0,0.5
142,0,0,1,1.777116460187953,0.9903090078576748,0.0072585082938443094,0.002432483848481031,0,0.5
146,0,0,1,9.228325327915808,0.9856977370760895,0.008418442642827848,0.005883820281082549,0,0.5
148,0,0,1,20.54243538578531,0.9092435501596826,0.006070202689491459,0.08468624715082597,0,0.5
155,0,0,1,15.853081416789083,0.9828952582997693,0.0017726276834834568,0.015332114016747334,0,0.5
156,0,0,1,12.273541020623698,0.994440281769113,0.004937087068828439,0.0006226311620585223,0,0.5
160,0,0,1,19.76866730029434,0.9638091753188186,0.0029588188114660604,0.03323200586971538,0,0.5
161,0,0,1,4.341146314096627,0.9966014061906745,0.0027166381419599026,0.000681955667365632,0,0.5
163,0,0,1,7.428477921756171,0.9767681949007168,0.004095641954019761,0.01913616314526364,0,0.5
175,0,0,1,9.673198026873331,0.9973558948107047,0.0013204879477765742,0.0013236172415187044,0,0.5
178,0,0,1,9.978847134776169,0.9567098391396114,0.004220280708855913,0.03906988015153258,0,0.5
181,0,0,1,20.873391748894413,0.8972618141867832,0.031796062323633655,0.07094212348958322,0,0.5
182,0,0,1,7.586057256341357,0.9937735236013655,0.005627273666679969,0.0005992027319545144,0,0.5
190,0,0,1,10.428175457466494,0.972024373679583,0.003073705414611041,0.02490192090580594,0,0.5
193,0,0,1,16.774335894258435,0.9603655160149033,0.007236196510051251,0.03239828747504552,0,0.5
199,0,0,1,9.787882667200655,0.9963797566373485,0.0026136612549423643,0.0010065821077092877,0,0.5
209,0,0,1,5.916628078525416,0.9745730208841751,0.002771829744557819,0.02265514937126698,0,0.5
214,0,0,1,9.454977913910925,0.9964513965625421,0.002963350911974012,0.0005852525254839743,0,0.5
217,0,0,1,15.90926796498416,0.9961597252352751,0.0031556539226598374,0.0006846208420650149,0,0.5
219,0,0,1,12.603840612546957,0.9958825832464371,0.0031668866753566784,0.0009505300782062483,0,0.5
220,0,0,1,26.724403033409626,0.9795402209928084,0.003238697492716733,0.017221081514474844,0,0.5
223,0,0,1,19.001877870775328,0.9458627910334573,0.0032249461738057686,0.05091226279273688,0,0.5
226,0,0,1,23.615506103715838,0.8896895830561182,0.0813424669699046,0.02896794997397723,0,0.5
230,0,0,1,16.650519650523645,0.9716165454112566,0.015585240177390207,0.012798214411353176,0,0.5
231,0,0,1,13.605814055356678,0.9920932692697647,0.006869802765440755,0.0010369279647945014,0,0.5
232,0,0,1,6.75182299610481,0.9030168013926532,0.08174155822944677,0.01524164037790003,0,0.5
237,0,0,1,6.871695689459702,0.9966282357296051,0.0026881844042476017,0.0006835798661473278,0,0.5
270,1,1,1,7.840829641328421,0.06678205753542305,0.7383493305487263,0.19486861191585064,0,0.5
275,1,1,1,11.104540338020769,0.0020280753473616697,0.9960220261962272,0.0019498984564112524,0,0.5
315,1,1,1,9.017331277114058,0.004892838311226282,0.9613340508644995,0.03377311082427419,0,0.5
338,1,1,1,3.2839479409396835,0.0030056419390538324,0.9831517710699677,0.013842586990978576,0,0.5
366,1,1,1,4.058494201021363,0.0025382879376397794,0.9888195088082365,0.00864220325412376,0,0.5
393,1,1,1,14.635282246405936,0.0025546970054010215,0.9297332424106554,0.06771206058394358,0,0.5
466,1,0,0,19.51280456112107,0.9936578966102576,0.0009092230562301856,0.005432880333512159,0,0.5
471,1,1,1,4.832554674190714,0.0033829711814159463,0.9836655834497993,0.012951445368784894,0,0.5
503,2,2,1,11.489151426128434,0.0020933497385344853,0.005708384783655583,0.99219826547781,0,0.5
504,2,2,1,42.69856368888991,0.0026003813653298195,0.012579110288725642,0.9848205083459446,0,0.5
513,2,2,1,58.977807285198125,0.0056294211856579065,0.009895586589128083,0.984474992225214,0,0.5
515,2,2,1,16.314018890009997,0.005054425289794307,0.010033568380958582,0.9849120063292471,0,0.5
517,2,2,1,4.022655964021289,0.002494771107221055,0.03225878241743719,0.9652464464753417,0,0.5
526,2,2,1,9.046657688704448,0.06666133309332799,0.018127719211437444,0.9152109476952346,0,0.5
527,2,2,1,26.93115278695589,0.014881464806906703,0.00781742311623588,0.9773011120768574,0,0.5
544,2,2,1,15.060338799175199,0.006653108470596934,0.009531304866465128,0.9838155866629379,0,0.5
546,2,2,1,2.163576578156647,0.0027931126839934968,0.0023529669913569693,0.9948539203246496,0,0.5
548,2,2,1,60.24931914266612,0.002723767816103759,0.007740836161899201,0.989535396021997,0,0.5
550,2,2,1,16.314018890009997,0.005054425289794307,0.010033568380958582,0.9849120063292471,0,0.5
556,2,2,1,38.066611126343126,0.002451604285863039,0.01473634548567397,0.982812050228463,0,0.5
558,2,2,1,52.86529606104315,0.005998553357673122,0.02581543053743096,0.9681860161048959,0,0.5
564,2,2,1,45.391198042300715,0.06539251804868003,0.05908207314541123,0.8755254088059088,0,0.5
565,2,2,1,9.74859538426971,0.002980094012211609,0.01623359335316363,0.9807863126346247,0,0.5
590,2,2,1,6.9171605668286205,0.004679918785126408,0.00785758061176917,0.9874625006031044,0,0.5
591,2,2,1,41.04781927141678,0.010777917844753687,0.033507383267660173,0.9557146988875862,0,0.5
600,2,2,1,2.5292173809008878,0.002049433906375173,0.006157141678435914,0.9917934244151889,0,0.5
609,2,2,1,3.126954369798896,0.010203154685989105,0.00439448942290199,0.9854023558911089,0,0.5
612,2,2,1,8.492028964197011,0.007691935928110469,0.17454380123875018,0.8177642628331393,0,0.5
624,2,2,1,27.716889585719322,0.08669749740140287,0.04115067747715095,0.8721518251214462,0,0.5
634,2,2,1,13.96196025882253,0.0033385640922033184,0.006570561521061268,0.9900908743867354,0,0.5
636,2,2,1,13.474355882926986,0.004485555889575075,0.007380944300129447,0.9881334998102954,0,0.5
637,2,2,1,28.65376892017224,0.010606833383116698,0.0980002461555983,0.891392920461285,0,0.5
645,2,2,1,23.88526463424922,0.003099750483472259,0.026230000932396667,0.9706702485841311,0,0.5
649,2,2,1,6.5169257180424705,0.000984576055051266,0.02713403410877515,0.9718813898361736,0,0.5
651,2,2,1,14.234642432129258,0.0016264393727635433,0.028312643546654463,0.9700609170805821,0,0.5
660,2,2,1,58.845292177772244,0.01265799765289997,0.006668292819123824,0.9806737095279763,0,0.5
665,2,2,1,3.5840494204460938,0.0019084603904670839,0.010334299301889163,0.9877572403076438,0,0.5
667,2,2,1,25.864788165480626,0.05933371959718052,0.022835702660504408,0.917830577742315,0,0.5
678,2,2,1,58.977807285198125,0.0056294211856579065,0.009895586589128083,0.984474992225214,0,0.5
687,2,2,1,5.573495016131164,0.005053343355001636,0.02372629826542425,0.9712203583795741,0,0.5
690,2,2,1,41.04781927141678,0.010777917844753687,0.033507383267660173,0.9557146988875862,0,0.5
693,2,2,1,46.10305431972104,0.0027433611282493605,0.0075316490399722595,0.9897249898317785,0,0.5
697,2,2,1,41.18941723671024,0.026377797285591427,0.01583973502510589,0.9577824676893028,0,0.5
700,2,2,1,14.374923604793954,0.008452634173662727,0.020588863323882812,0.9709585025024544,0,0.5
701,2,2,1,58.845292177772244,0.01265799765289997,0.006668292819123824,0.9806737095279763,0,0.5
707,2,2,1,51.642132979327364,0.055668518973483266,0.011831364388577383,0.9325001166379394,0,0.5
710,2,2,1,27.348688386713523,0.014592975022814498,0.023377833373678585,0.9620291916035069,0,0.5
713,2,2,1,7.395592356639905,0.0018843621282124993,0.009177037681508552,0.9889386001902789,0,0.5
719,0,0,1,22.36578615087722,0.9800998815779364,0.010762603876537534,0.009137514545526068,0,0.5
725,0,0,1,7.352503104205294,0.9937206671719514,0.00559384130477345,0.0006854915232751543,0,0.5
731,0,0,1,30.054767254335378,0.9871556309992661,0.0059929442689606064,0.006851424731773482,0,0.5
737,0,0,1,6.914491812635294,0.9971280819466084,0.002027093577685467,0.0008448244757062178,0,0.5
740,0,0,1,18.7677728222543,0.9911581571710908,0.007533507818273449,0.0013083350106358363,0,0.5
741,0,0,1,4.733902687495132,0.9944656212315997,0.004999776868220547,0.0005346019001798278,0,0.5
745,0,0,1,4.8752065231673125,0.9961196139878572,0.002901209762788833,0.0009791762493540051,0,0.5
748,0,0,1,16.07594559477572,0.9868344298208601,0.0012960624957278047,0.011869507683412191,0,0.5
750,0,0,1,4.363642038564272,0.9953401934467001,0.0015433888849911025,0.003116417668308783,0,0.5
755,0,0,1,6.377309152301808,0.9893908001192405,0.00982671993272154,0.0007824799480379362,0,0.5
759,0,0,1,9.954370629055175,0.9970470697321424,0.0017736464122030408,0.0011792838556545266,0,0.5
763,0,0,1,18.442010432117787,0.9959615397542285,0.003460822820611054,0.0005776374251603996,0,0.5
765,0,0,1,18.662912806016667,0.9947163553795331,0.003332686179362731,0.0019509584411043013,0,0.5
767,0,0,1,10.66771762721587,0.977264556776978,0.0010279012067710288,0.02170754201625111,0,0.5
768,0,0,1,17.79160317198722,0.9901094920598228,0.0030422923821828676,0.006848215557994477,0,0.5
771,0,0,1,18.274745434643933,0.9891759824471006,0.0023725150035368327,0.008451502549362649,0,0.5
774,0,0,1,22.490158203448303,0.9961126968037795,0.0014348313043247814,0.0024524718918958,0,0.5
777,0,0,1,26.21911917944468,0.9679732820512352,0.007222598906967831,0.02480411904179696,0,0.5
782,0,0,1,8.419325648785641,0.9975486005434575,0.0015471201100233265,0.0009042793465192821,0,0.5
789,0,0,1,21.02271720463668,0.9217746285204265,0.06271131873117762,0.015514052748396009,0,0.5
794,0,0,1,24.296048160673813,0.9872090563835575,0.003233359695768866,0.009557583920673615,0,0.5
797,0,0,1,7.6439876114077006,0.9970103753372929,0.0019514559498174772,0.0010381687128896747,0,0.5
798,0,0,1,22.185878476668986,0.9957712398241364,0.0016338763055274597,0.002594883870336094,0,0.5
799,0,0,1,5.768341472480299,0.9950113024150143,0.0031355802963326323,0.0018531172886529306,0,0.5
800,0,0,1,22.04089410537519,0.9329356001276657,0.024607048058894337,0.04245735181343995,0,0.5
801,0,0,1,7.187159518461675,0.9949863712058582,0.004133338006564245,0.0008802907875777034,0,0.5
808,0,0,1,7.893260376596609,0.9966362578355035,0.0025684650087028607,0.0007952771557936227,0,0.5
810,0,0,1,9.880343460493135,0.9938665520257838,0.005482830280398776,0.0006506176938174781,0,0.5
812,0,0,1,16.29079090460052,0.9849334486612347,0.004513766598566615,0.010552784740198906,0,0.5
815,0,0,1,12.137210138199748,0.9861244214782452,0.012665405922297293,0.0012101725994575776,0,0.5
816,0,0,1,9.23149961159635,0.9732227705872492,0.002959793933625609,0.023817435479125185,0,0.5
818,0,0,1,13.445231574011732,0.9839584912442341,0.004174696173160449,0.011866812582605404,0,0.5
869,1,1,1,1.730342455822294,0.006289429029419315,0.9797451905546253,0.013965380415955568,0,0.5
914,1,1,1,7.742958631530304,0.002487433974892945,0.9947434561587946,0.00276910986631255,0,0.5
915,1,1,1,3.845231153047104,0.001468822942321998,0.9920953738812219,0.00643580317645601,0,0.5
936,2,2,1,6.178850077407215,0.0023566418817881976,0.016989364837296652,0.9806539932809151,0,0.5
938,2,2,1,45.6517671275026,0.007965188684680066,0.008918444881113707,0.9831163664342062,0,0.5
944,2,2,1,4.657553206524859,0.0077071455221645975,0.006238541293472028,0.9860543131843634,0,0.5
949,2,2,1,60.24931914266612,0.002723767816103759,0.007740836161899201,0.989535396021997,0,0.5
963,2,2,1,1.0,0.001810194549428259,0.0036370241506863835,0.9945527812998853,0,0.5
971,2,2,1,52.53500793023141,0.008736506504793207,0.03856200773719385,0.952701485758013,0,0.5
980,2,2,1,1.525906407372755,0.0018859633936113417,0.023554558539465233,0.9745594780669233,0,0.5
982,2,2,1,11.150980082102718,0.006578120432741887,0.031775667723102786,0.9616462118441552,0,0.5
988,2,2,1,6.876625113141814,0.11410349897532199,0.03415849225444055,0.8517380087702375,0,0.5
994,2,2,1,13.568269005854017,0.04325671402857653,0.024092812221299,0.9326504737501244,0,0.5
999,2,2,1,17.618812183281108,0.04020965561880885,0.013543600562661752,0.9462467438185295,0,0.5
1001,2,2,1,65.32654642515219,0.011635711867002336,0.07251528691033149,0.9158490012226661,0,0.5
1011,2,2,1,1.936391659443665,0.012001826419853225,0.026549422617178645,0.9614487509629681,0,0.5
0,0,0,1,16.623859621425005,0.9942492226184791,0.0033168258683085677,0.0024339515132123534,1,0.5
4,0,0,1,15.00468093933746,0.986804762732411,0.0018479370118688221,0.011347300255720196,1,0.5
5,0,0,1,8.256952418604593,0.9905628372538644,0.008206409140055042,0.001230753606080583,1,0.5
11,0,0,1,13.568416796665987,0.9892552069818831,0.009407250470882474,0.0013375425472344701,1,0.5
16,0,0,1,25.51421570944811,0.9964855182771775,0.0025603470707908746,0.0009541346520315676,1,0.5
18,0,0,1,16.339614231900594,0.9656813519326589,0.029715000195508007,0.004603647871833254,1,0.5
23,0,0,1,16.76321602187132,0.9410700176043876,0.013175145174240371,0.045754837221372094,1,0.5
27,0,0,1,9.888426347696186,0.9937884449649331,0.003127682848118263,0.003083872186948485,1,0.5
28,0,0,1,8.179683333964592,0.9790801147467011,0.009900436966557047,0.01101944828674167,1,0.5
33,0,0,1,5.891581074527446,0.9926420272585635,0.003381786422491763,0.003976186318944703,1,0.5
38,0,0,1,8.718782077334552,0.9896964962681869,0.0031514721375715126,0.007152031594241443,1,0.5
42,0,0,1,6.222416655934996,0.9965949909726328,0.001667004366215243,0.0017380046611520075,1,0.5
43,0,0,1,22.26079894093005,0.9795855971783209,0.01660954569145539,0.0038048571302237402,1,0.5
52,0,0,1,9.727138862607097,0.9941652094807081,0.0015195393288636929,0.004315251190428295,1,0.5
59,0,0,1,18.095916103135043,0.9960398075863862,0.0024479545974360477,0.0015122378161778192,1,0.5
60,0,0,1,16.521465877159443,0.9746681205257215,0.006490629612428121,0.018841249861850456,1,0.5
61,0,0,1,19.320020203108463,0.9780870519512107,0.015863456213633484,0.00604949183515572,1,0.5
66,0,0,1,17.86577933688835,0.9965402255257575,0.0018897810548088336,0.0015699934194335593,1,0.5
74,0,0,1,6.237561735454424,0.9916276847433338,0.003507475958443267,0.004864839298222851,1,0.5
76,0,0,1,17.029789136118904,0.9964869896978842,0.0018037739599222858,0.0017092363421935903,1,0.5
92,0,0,1,6.522477071026124,0.9828308231378321,0.0051106566479586875,0.012058520214209284,1,0.5
93,0,0,1,6.059306496268694,0.9635320478011333,0.015757305693457867,0.020710646505409006,1,0.5
108,0,0,1,4.762309284349271,0.946553758653219,0.043689710136876427,0.009756531209904608,1,0.5
110,0,0,1,3.8506500222574696,0.9928134165085422,0.0027926036072961633,0.00439397988416165,1,0.5
111,0,0,1,33.87075835189766,0.9883190236970734,0.010962164935101765,0.0007188113678248521,1,0.5
112,0,0,1,17.948412874319,0.9353846103727003,0.002357376922019413,0.062258012705280294,1,0.5
115,0,0,1,23.754296054904092,0.9860961921252345,0.01288908374761553,0.00101472412715009,1,0.5
123,0,0,1,4.2456913627196755,0.9430268846552369,0.04951919372298365,0.007453921621779593,1,0.5
125,0,0,1,18.09360535415205,0.996168858481561,0.0024854785241509585,0.0013456629942881547,1,0.5
129,0,0,1,17.318463416772403,0.9953129354791377,0.0032043687340656316,0.0014826957867966715,1,0.5
137,0,0,1,19.549315810416935,0.9968000457564549,0.0014492016650681477,0.0017507525784769002,1,0.5
143,0,0,1,9.59978278798577,0.9940194862932002,0.0036069128536994595,0.0023736008531003686,1,0.5
145,0,0,1,9.83312499414259,0.9967039045340064,0.001757024003013891,0.00153907146297979,1,0.5
159,0,0,1,3.958482270547682,0.983359094648655,0.004139957276349513,0.01250094807499551,1,0.5
164,0,0,1,7.600848228477871,0.8881222713008867,0.008099608487191908,0.10377812021192129,1,0.5
165,0,0,1,17.073449002163425,0.9886896494391142,0.007658737325031123,0.003651613235854636,1,0.5
166,0,0,1,7.321755324913747,0.9894349040039795,0.004593343132088154,0.005971752863932289,1,0.5
170,0,0,1,5.039615251786365,0.9891905574113342,0.008792046443290392,0.0020173961453752143,1,0.5
172,0,0,1,20.95683164670313,0.9955236849127422,0.0028690832700952232,0.0016072318171626342,1,0.5
176,0,0,1,8.870524284562391,0.9892245041069473,0.00564424106961118,0.005131254823441567,1,0.5
179,0,0,1,9.388995960997047,0.9917299065059625,0.0017418563435890636,0.006528237150448311,1,0.5
180,0,0,1,7.280110647420249,0.992730443187361,0.0010178006067603769,0.00625175620587858,1,0.5
188,0,0,1,8.94623878693787,0.9928196838659208,0.006010621669295459,0.0011696944647837234,1,0.5
194,0,0,1,3.43825380256948,0.9724855387691143,0.023090513664600503,0.004423947566285201,1,0.5
200,0,0,1,3.1666138956049035,0.983750789892661,0.005737258361138605,0.010511951746200518,1,0.5
205,0,0,1,5.589413239437613,0.98993776572303,0.004365027704979653,0.005697206571990259,1,0.5
216,0,0,1,14.685632994002018,0.9950179115505597,0.002653954779149893,0.0023281336702903658,1,0.5
229,0,0,1,6.396482374970299,0.9542196291519598,0.02098903610523935,0.02479133474280085,1,0.5
241,0,0,1,10.669747500952978,0.9917172620339542,0.003230451264159069,0.005052286701886904,1,0.5
261,1,2,0,1.7215176677217,0.00483328436596098,0.04708343327343841,0.9480832823606007,1,0.5
267,1,1,1,4.8816974414223715,0.0012779263143121813,0.9273661194657612,0.07135595421992658,1,0.5
321,1,1,1,9.352647428364325,0.0007290696695607289,0.8914339954076778,0.10783693492276143,1,0.5
335,1,1,1,1.6667479934205731,0.002429558855996747,0.9693067441377999,0.0282636970062033,1,0.5
342,1,1,1,17.009538808983947,0.07690474181527192,0.7991772950211039,0.12391796316362415,1,0.5
386,1,1,1,16.134902633453315,0.0018344467770232556,0.9475127791326844,0.05065277409029223,1,0.5
391,1,1,1,4.764847368413953,0.0007392115320210179,0.9936389306663549,0.005621857801623954,1,0.5
401,1,1,1,3.2913197159154444,0.0010887242064492625,0.989627060185738,0.009284215607812802,1,0.5
411,1,1,1,1.3393322614688303,0.001294334576342235,0.7711130826934004,0.22759258273025745,1,0.5
432,1,1,1,13.190752753004087,0.0006570928171993942,0.9962924324285881,0.00305047475421243,1,0.5
478,1,1,1,2.1595237722757537,0.0012504760637215265,0.8543730214420874,0.14437650249419107,1,0.5
491,1,1,1,14.430091238392718,0.0008771397841753425,0.9945889500084777,0.004533910207346921,1,0.5
497,1,1,1,7.435402279760027,0.047925982244042556,0.8035368907553864,0.14853712700057092,1,0.5
506,2,2,1,65.41812148708503,0.0011487338894061439,0.006929968720391826,0.991921297390202,1,0.5
507,2,2,1,20.97085428497225,0.001739384924981174,0.02035992821907881,0.97790068685594,1,0.5
514,2,2,1,17.000778598003144,0.0005638846582961978,0.010265392454867087,0.9891707228868368,1,0.5
516,2,2,1,9.1987820173207,0.0014148186904563412,0.021469857889345183,0.9771153234201984,1,0.5
518,2,2,1,5.711008785108699,0.000982852198590423,0.004283478068181727,0.994733669733228,1,0.5
529,2,2,1,62.91102471034182,0.02263682547212387,0.00840114594459349,0.9689620285832827,1,0.5
532,2,2,1,31.86692305427198,0.0010841523534645945,0.004290997956302646,0.9946248496902327,1,0.5
538,2,2,1,18.49221356733113,0.0004838201504284407,0.004949932752720268,0.9945662470968513,1,0.5
541,2,2,1,13.935826296763013,0.0009472830609435761,0.006863342717712428,0.992189374221344,1,0.5
549,2,2,1,27.47567504225069,0.005100091368418417,0.007605750414775641,0.987294158216806,1,0.5
554,2,2,1,27.47567504225069,0.005100091368418417,0.007605750414775641,0.987294158216806,1,0.5
562,2,2,1,1.0,0.0006078498825893474,0.0018403785860122196,0.9975517715313984,1,0.5
570,2,2,1,13.7317914599749,0.001224965394106057,0.0071207778876351685,0.9916542567182588,1,0.5
573,2,2,1,7.176307806197604,0.0009544803310733045,0.004136665698717765,0.994908853970209,1,0.5
576,2,2,1,5.202161334245768,0.000955824291815418,0.004039551523968008,0.9950046241842165,1,0.5
578,2,2,1,23.34941470209192,0.0008631656570584911,0.0041357450305697496,0.9950010893123719,1,0.5
582,2,2,1,50.31285009363818,0.006370106912575525,0.029687809266778855,0.9639420838206456,1,0.5
584,2,2,1,25.43496683681278,0.03470128444459294,0.0038344633985550195,0.961464252156852,1,0.5
597,2,2,1,20.80122439138437,0.0049227170241773624,0.014295068332004132,0.9807822146438184,1,0.5
603,2,2,1,1.777954417887826,0.0006485578144673517,0.002671721672269982,0.9966797205132628,1,0.5
607,2,2,1,6.189093354604716,0.08121812629575018,0.012069828659305917,0.9067120450449438,1,0.5
608,2,2,1,14.008280609312118,0.0009509094675015919,0.004150412573388344,0.9948986779591101,1,0.5
610,2,2,1,23.130371371791348,0.001095468281135228,0.005829535855430506,0.9930749958634343,1,0.5
613,2,2,1,23.088784706590882,0.0009580239416200937,0.004680201182102495,0.9943617748762774,1,0.5
615,2,2,1,1.8182815434124686,0.0006288774408607373,0.0025044696946294348,0.9968666528645097,1,0.5
616,2,2,1,43.872207699407,0.007586618072519143,0.0357416274345631,0.9566717544929176,1,0.5
619,2,2,1,43.58199112610335,0.0019237334015909837,0.005989566641508371,0.9920866999569006,1,0.5
622,2,2,1,6.585831138135512,0.0059787286763765615,0.06536388705042756,0.9286573842731958,1,0.5
626,2,2,1,31.602190498017276,0.0069412416540095105,0.006386779968595078,0.9866719783773954,1,0.5
627,2,2,1,57.58342178556645,0.06267691340632593,0.026335144846575,0.9109879417470992,1,0.5
630,2,2,1,69.31491448308707,0.03465941977939906,0.013912173720793711,0.9514284064998072,1,0.5
631,2,2,1,17.000778598003144,0.0005638846582961978,0.010265392454867087,0.9891707228868368,1,0.5
632,2,2,1,2.674513220814045,0.0008457903791344304,0.003206275402881465,0.9959479342179842,1,0.5
633,2,2,1,6.8692203808336645,0.0008926726718839369,0.003799570983628716,0.9953077563444873,1,0.5
647,2,2,1,61.242214295164445,0.0018450203030646963,0.003343040759884924,0.9948119389370503,1,0.5
657,2,2,1,9.52999242051479,0.001009913954701026,0.004288910381939634,0.9947011756633594,1,0.5
669,2,2,1,61.242214295164445,0.0018450203030646963,0.003343040759884924,0.9948119389370503,1,0.5
670,2,2,1,10.630741345569248,0.0010888045805058485,0.004538937441145211,0.9943722579783488,1,0.5
683,2,2,1,8.141099085587822,0.02805290770937514,0.005688914909649467,0.9662581773809754,1,0.5
688,2,2,1,66.50460600436398,0.011045639147919917,0.0060866122002372,0.9828677486518429,1,0.5
695,2,2,1,10.190687093163895,0.0010871522034063927,0.005219166554082642,0.993693681242511,1,0.5
702,2,2,1,20.846541254500256,0.0009772128982184851,0.004704690945604438,0.9943180961561772,1,0.5
703,2,2,1,61.94824113591969,0.013242429119890623,0.027278114048729665,0.9594794568313796,1,0.5
705,2,2,1,15.818187332170227,0.001004278711194196,0.004495868367295526,0.9944998529215102,1,0.5
712,2,2,1,41.508950902493574,0.033354852278719725,0.008451375319461963,0.9581937724018184,1,0.5
717,0,0,1,9.927127773030655,0.9903926428853908,0.008103835512576794,0.0015035216020324864,1,0.5
720,0,0,1,5.180180581111712,0.992620553805581,0.00333171397235969,0.004047732222059409,1,0.5
724,0,0,1,3.7111755495435634,0.9474511817523787,0.04992931104385364,0.0026195072037675997,1,0.5
726,0,0,1,9.124639557895623,0.9308274930864412,0.05276347714310636,0.016409029770452357,1,0.5
727,0,0,1,13.150820143446866,0.9906954466977232,0.005684598836007486,0.0036199544662693555,1,0.5
729,0,0,1,9.445860076921502,0.9929329997016845,0.005765637702996998,0.0013013625953184871,1,0.5
733,0,0,1,12.758660980427445,0.9835927661026164,0.013776476485021024,0.002630757412362484,1,0.5
746,0,0,1,9.238104222133122,0.9921795920186347,0.0031729606022205103,0.004647447379144745,1,0.5
751,0,0,1,10.279268869444882,0.9642785945679918,0.014349232938950178,0.021372172493058037,1,0.5
758,0,0,1,15.691973262619802,0.9867390385594272,0.010212198264510558,0.0030487631760621847,1,0.5
761,0,0,1,11.575370983809256,0.9932635217648405,0.004948102701946794,0.0017883755332128081,1,0.5
762,0,0,1,8.66108464657771,0.9905090644606636,0.002970165401395129,0.006520770137941298,1,0.5
764,0,0,1,18.63057801425948,0.9883223067457747,0.008711987040094786,0.002965706214130499,1,0.5
769,0,0,1,19.463020039325446,0.9549159615486004,0.029656067211412892,0.015427971239986765,1,0.5
770,0,0,1,15.81100414080019,0.9800774652468812,0.01609551605731974,0.003827018695799083,1,0.5
775,0,0,1,8.406578141602077,0.9925090683677336,0.00458080800727754,0.0029101236249888833,1,0.5
792,0,0,1,18.657408295086704,0.9960648538248477,0.0024821885470064546,0.0014529576281458172,1,0.5
795,0,0,1,13.776491416842841,0.9951123771440334,0.002249121480588631,0.0026385013753779563,1,0.5
796,0,0,1,23.042450701489287,0.9473209214283407,0.047405143749466194,0.005273934822193141,1,0.5
803,0,0,1,5.065779174569826,0.9947019767229862,0.00308344878845313,0.002214574488560763,1,0.5
811,0,0,1,7.474773988560915,0.9797687051870849,0.016969620118890933,0.003261674694024149,1,0.5
814,0,0,1,12.031562227933577,0.9892854465490916,0.008557909221206956,0.0021566442297015175,1,0.5
823,1,2,0,1.9472023631917232,0.003752361335761753,0.018083123576100403,0.9781645150881378,1,0.5
834,1,2,0,2.8456623659165863,0.0032397093032878297,0.13374942887884617,0.8630108618178659,1,0.5
842,1,1,1,2.8883124428972393,0.0006056226720516166,0.992573016473081,0.006821360854867426,1,0.5
865,1,1,1,3.663143907172403,0.0030990485223988343,0.830600737988164,0.16630021348943705,1,0.5
868,1,1,1,7.302662822455685,0.0007062333843834813,0.9908806188338871,0.00841314778172954,1,0.5
874,1,1,1,1.6710332255601918,0.0032616214164340584,0.6039842293565021,0.3927541492270638,1,0.5
891,1,1,1,1.0,0.0009988380919651457,0.9587828902027291,0.040218271705305765,1,0.5
899,1,1,1,11.767421902833442,0.002761869697538263,0.7650750825931886,0.23216304770927326,1,0.5
911,1,1,1,2.1266422133678264,0.0010291021562748364,0.9922896342076192,0.006681263636106056,1,0.5
913,1,1,1,9.579500337286033,0.0008605855840087929,0.973159742223613,0.025979672192378376,1,0.5
918,1,2,0,3.077991311805253,0.003749200238276774,0.17742913550384992,0.8188216642578734,1,0.5
920,1,1,1,7.435605851230921,0.0009373310985700494,0.9505620372999886,0.04850063160144143,1,0.5
931,2,2,1,43.872207699407,0.007586618072519143,0.0357416274345631,0.9566717544929176,1,0.5
937,2,2,1,66.50460600436398,0.011045639147919917,0.0060866122002372,0.9828677486518429,1,0.5
941,2,2,1,23.341482876484182,0.0012695376130741696,0.0029693223941410145,0.9957611399927848,1,0.5
943,2,2,1,9.306980146321864,0.0009058564623182328,0.0042786704387075165,0.9948154730989742,1,0.5
951,2,2,1,7.375177884884046,0.0008296210854149856,0.0037192858985382695,0.9954510930160466,1,0.5
966,2,2,1,54.03419187715731,0.012632111424496642,0.01082474344525458,0.9765431451302489,1,0.5
976,2,2,1,7.392302815268767,0.0010354351524504122,0.004345138628237793,0.9946194262193118,1,0.5
979,2,2,1,39.66841218053109,0.012566442232725628,0.00543460494823633,0.981998952819038,1,0.5
981,2,2,1,10.540901440957768,0.0022868664407637725,0.04782149551651556,0.9498916380427208,1,0.5
985,2,2,1,8.45943413964465,0.0008451524159683993,0.004402045348696875,0.9947528022353348,1,0.5
986,2,2,1,42.35463238053742,0.0032531650586129237,0.019004330008513363,0.9777425049328737,1,0.5
990,2,2,1,2.9486783505056113,0.0006434344727377624,0.0023134989181118554,0.9970430666091503,1,0.5
1005,2,2,1,2.9107416610199452,0.0007048183964389928,0.003117397534684291,0.9961777840688767,1,0.5
1006,2,2,1,1.9992758864630582,0.0008831911023030587,0.0039992463347943395,0.9951175625629027,1,0.5
1008,2,2,1,1.0,0.014190395019063475,0.0029670641970414025,0.9828425407838951,1,0.5
1010,2,2,1,16.951977654263743,0.0008854391914559719,0.004440930964429891,0.994673629844114,1,0.5
1012,2,2,1,4.141152899130768,0.0007256477844122238,0.003368277903238118,0.9959060743123497,1,0.5
1019,2,2,1,6.52839318535428,0.0009020308192193859,0.0037169401924813626,0.9953810289882993,1,0.5
9,0,2,0,11.103270060423265,0.04793537034955497,0.17136877337675854,0.7806958562736865,2,0.5
12,0,0,1,7.960692427192424,0.9772437222732342,0.01777677342522407,0.0049795043015416944,2,0.5
13,0,0,1,8.889188671075619,0.9738640441929088,0.021655843264655587,0.004480112542435463,2,0.5
19,0,0,1,11.232807922283394,0.9946663548457766,0.0031353890546071744,0.002198256099616197,2,0.5
20,0,0,1,6.122292021951659,0.9806821031176969,0.012854573172487904,0.006463323709815219,2,0.5
22,0,0,1,7.222001112171084,0.9909368690939437,0.002038740109056,0.007024390797000257,2,0.5
29,0,0,1,22.4404858884974,0.9945961960095825,0.0027229770890628796,0.002680826901354587,2,0.5
36,0,0,1,15.161217340735094,0.9947445493969577,0.0022425755396613435,0.0030128750633811145,2,0.5
39,0,0,1,10.913998644553532,0.9794139065125101,0.01498537338288082,0.005600720104609077,2,0.5
44,0,0,1,17.654364461000895,0.9955385243275457,0.0026004231161801577,0.0018610525562741302,2,0.5
51,0,0,1,17.578519464563637,0.9941894290234399,0.0018315349820830424,0.003979035994477056,2,0.5
56,0,0,1,12.422045802305925,0.9857664197793956,0.0014483899787727861,0.012785190241831508,2,0.5
62,0,0,1,15.502778768854116,0.9958855098370009,0.0019102345840485756,0.002204255578950442,2,0.5
67,0,0,1,18.557372950357355,0.9063400048148192,0.00368358439864322,0.08997641078653758,2,0.5
72,0,0,1,5.878590390686996,0.9600619463195527,0.031418076815425376,0.008519976865022002,2,0.5
77,0,0,1,6.114014898200007,0.9808808960019034,0.01299096515204596,0.0061281388460505655,2,0.5
79,0,0,1,5.2730576579697175,0.9523918489981265,0.016465803334879382,0.031142347666994228,2,0.5
80,0,0,1,21.086950476396034,0.9914566917626382,0.005697921875359304,0.0028453863620025144,2,0.5
81,0,0,1,24.091499818355928,0.9942622029259284,0.003294504126312182,0.0024432929477594934,2,0.5
82,0,0,1,12.804606247843093,0.9711951003174425,0.0016201860724722817,0.02718471361008534,2,0.5
84,0,0,1,18.522756198653486,0.9606682363159148,0.008776300425642255,0.030555463258442966,2,0.5
90,0,0,1,8.110061925662677,0.995572250106817,0.002440542969115225,0.00198720692406765,2,0.5
98,0,0,1,7.351007726674668,0.9928251041531926,0.005584591021493912,0.0015903048253135222,2,0.5
103,0,0,1,17.898326873458846,0.9904202771576326,0.0028381563393992935,0.006741566502968023,2,0.5
105,0,0,1,18.037411723506658,0.9953441258378943,0.0024851505612845017,0.002170723600821103,2,0.5
106,0,0,1,12.993833540108993,0.9963815743140927,0.0016932713473547176,0.0019251543385525893,2,0.5
109,0,0,1,12.917427125126245,0.9525306546500448,0.01815657991306422,0.029312765436890965,2,0.5
113,0,0,1,17.058103949998163,0.984281201619378,0.01024216527477501,0.005476633105846974,2,0.5
117,0,0,1,7.075809282627482,0.9914964116524442,0.006246511047986979,0.002257077299568737,2,0.5
119,0,0,1,9.263760737863505,0.9899180860557005,0.0022464777617693275,0.00783543618253015,2,0.5
122,0,0,1,11.99279334454157,0.9898735516044241,0.0017897252488068226,0.008336723146769047,2,0.5
127,0,0,1,18.641505255840098,0.9845742259027078,0.0019280988155121943,0.013497675281780051,2,0.5
130,0,0,1,10.045765727871427,0.963228016376283,0.029134123050463236,0.007637860573253615,2,0.5
132,0,0,1,17.699662149302156,0.9808077823122172,0.002938280241326284,0.0162539374464565,2,0.5
134,0,0,1,12.540400943260403,0.9927168402676765,0.0052524133593991745,0.0020307463729242513,2,0.5
151,0,0,1,10.633654143203083,0.9879835242719349,0.003076673162854938,0.0089398025652102,2,0.5
153,0,0,1,12.644814925641901,0.9960189427365829,0.0021073311004059926,0.001873726163011134,2,0.5
157,0,0,1,16.099481744801142,0.9884477614816014,0.004775341430643078,0.006776897087755533,2,0.5
158,0,0,1,20.45198312390305,0.9746743178427857,0.02280414318279208,0.0025215389744220836,2,0.5
167,0,0,1,6.439781066860546,0.993977721862979,0.004097105235659411,0.0019251729013615685,2,0.5
168,0,0,1,14.761360524955261,0.9943052295756158,0.0028036969200355235,0.0028910735043486437,2,0.5
173,0,0,1,24.885595664002626,0.9945787632417199,0.002770206844919444,0.0026510299133605283,2,0.5
183,0,0,1,20.96728258821058,0.9689116434123695,0.029391049243988297,0.0016973073436422563,2,0.5
191,0,0,1,6.180602207332348,0.9953802545585978,0.00239025169277271,0.002229493748629623,2,0.5
196,0,0,1,11.771104218569377,0.9805652052835563,0.014973341913972541,0.004461452802471132,2,0.5
201,0,0,1,29.141482383125137,0.9341875972448934,0.0021092083769205278,0.0637031943781859,2,0.5
207,0,0,1,9.53095846056315,0.9947830118987846,0.0017786934936712873,0.003438294607544099,2,0.5
210,0,0,1,20.30394014659653,0.9779559393070927,0.0028117978765145888,0.01923226281639272,2,0.5
211,0,0,1,15.83606562976685,0.9944726073040318,0.0023293387894660904,0.0031980539065021053,2,0.5
213,0,2,0,9.430736795420797,0.1524634399057302,0.023403478412188827,0.8241330816820811,2,0.5
218,0,0,1,12.773594362717429,0.9879119496861909,0.001990146737988852,0.010097903575820188,2,0.5
222,0,0,1,22.059354416011452,0.9751897193079619,0.023330624589704935,0.00147965610233301,2,0.5
227,0,0,1,12.62781452049323,0.9839578973691325,0.012692199355744595,0.003349903275122833,2,0.5
234,0,0,1,59.83854710007066,0.9918506049035201,0.005708774647863125,0.002440620448616746,2,0.5
235,0,0,1,19.305440612673895,0.99415230536417,0.004184590940516096,0.001663103695313813,2,0.5
244,0,0,1,26.593067710653713,0.9929203052854304,0.004327733866135437,0.00275196084843412,2,0.5
251,1,1,1,3.700617545374582,0.003628964324819786,0.6066997708288778,0.3896712648463023,2,0.5
265,1,1,1,3.9711551999788526,0.00011639865748343848,0.9993438703710313,0.0005397309714853032,2,0.5
268,1,1,1,3.7299647507602978,7.624939366025039e-05,0.9988151822514422,0.0011085683548976693,2,0.5
276,1,1,1,21.311817716578187,0.0002266454870093495,0.9993527100809889,0.0004206444320017266,2,0.5
283,1,1,1,4.928941877870468,0.0001542747248635241,0.9995090809757836,0.0003366442993529439,2,0.5
285,1,1,1,5.25814951092369,0.00011011600367858015,0.9991752471672735,0.0007146368290481266,2,0.5
286,1,1,1,5.123563762538664,0.00012846247170418643,0.9991388776581134,0.0007326598701825869,2,0.5
287,1,1,1,6.422656120948991,9.165076724883715e-05,0.9993487458227787,0.0005596034099725221,2,0.5
305,1,1,1,6.084998854435914,0.0002108385083528119,0.999457751682494,0.00033140980915317335,2,0.5
312,1,1,1,12.15527912996301,0.022589008520362757,0.9770353048156201,0.00037568666401723255,2,0.5
316,1,1,1,11.90503288582089,0.016831150283482907,0.9830202606927299,0.00014858902378724702,2,0.5
328,1,1,1,21.320505431312288,0.000179594000570912,0.9948184782374964,0.005001927761932626,2,0.5
332,1,1,1,7.764071324004097,9.885167092370179e-05,0.9982389584522393,0.0016621898768369434,2,0.5
339,1,1,1,5.086104697221721,0.00010041601478298528,0.999382535993146,0.0005170479920709781,2,0.5
341,1,1,1,5.7422406496472345,0.00011295793931278993,0.9994303941095435,0.0004566479511437291,2,0.5
343,1,1,1,7.218996184719743,0.000628355207025217,0.9817626618319367,0.017608982961038078,2,0.5
346,1,1,1,8.059882311383447,0.0001753826706843751,0.9640978748610586,0.03572674246825715,2,0.5
348,1,1,1,4.865980687161682,8.418822233733279e-05,0.9990147119830924,0.0009010997945701128,2,0.5
353,1,1,1,5.057885088676207,0.0002235084273382752,0.9972346923407656,0.0025417992318963537,2,0.5
355,1,1,1,15.933431949903415,0.0006978254785139378,0.9988806917721639,0.00042148274932232385,2,0.5
364,1,1,1,3.2268838633633843,0.00015823061021350804,0.9996581875637669,0.00018358182601964035,2,0.5
365,1,1,1,6.814347665153547,0.0001532578391731542,0.9995089440134066,0.0003377981474203452,2,0.5
369,1,1,1,15.360115966833954,0.011621181466186023,0.9879656417052048,0.0004131768286091937,2,0.5
372,1,1,1,11.173615229378152,0.011470229933294756,0.9783273172743269,0.010202452792378344,2,0.5
376,1,1,1,8.783485299693258,9.509810356283691e-05,0.996664358514918,0.0032405433815191793,2,0.5
382,1,1,1,15.797664064487888,0.07879814407210906,0.7115650066337134,0.20963684929417772,2,0.5
392,1,1,1,3.318757831666215,0.00012650539320223795,0.9992686127563358,0.0006048818504619319,2,0.5
396,1,1,1,7.396624885615922,0.00012954332388219247,0.9995953943791238,0.00027506229699393337,2,0.5
400,1,1,1,4.379696858918277,0.00027319807680125345,0.7134592381489808,0.2862675637742179,2,0.5
403,1,1,1,8.032523490794002,0.00022471329219668934,0.9993092802177787,0.000466006490024541,2,0.5
406,1,1,1,4.919892309301654,0.00018620965719956135,0.9955089184846648,0.004304871858135526,2,0.5
409,1,1,1,10.678434150226844,8.208799225349609e-05,0.9987037399876066,0.001214172020139931,2,0.5
412,1,1,1,10.191875180607303,8.83548819495574e-05,0.9992401328150714,0.0006715123029789578,2,0.5
415,1,1,1,6.946332191423345,0.0001240028938089305,0.9992521873386626,0.0006238097675283677,2,0.5
418,1,1,1,3.2018201679177944,8.830676861612885e-05,0.9987698171190833,0.0011418761123005632,2,0.5
422,1,1,1,5.899099499451213,0.00010625498708985652,0.9941153075984801,0.005778437414430001,2,0.5
423,1,1,1,12.070428163302292,0.000587471324412208,0.988839781574506,0.01057274710108178,2,0.5
425,1,1,1,10.228463569812291,0.00011792681669901737,0.9993181260726403,0.0005639471106608866,2,0.5
429,1,1,1,1.8663166109432432,9.320082817768384e-05,0.9994618954169501,0.00044490375487232287,2,0.5
435,1,1,1,3.545981473850379,0.00013640401865588995,0.9988229041945115,0.0010406917868326581,2,0.5
436,1,1,1,6.405436682426596,0.0002019421605349655,0.9980012548078715,0.001796803031593531,2,0.5
444,1,1,1,5.376234668949467,0.00014587040069983744,0.9992066208589107,0.0006475087403894119,2,0.5
445,1,1,1,18.03841901950906,0.00016638321078443972,0.9695177523565507,0.030315864432664864,2,0.5
452,1,1,1,5.769997318515355,9.69650299864256e-05,0.9991957429756609,0.0007072919943526702,2,0.5
455,1,1,1,2.808146018167731,0.00025498596635414286,0.9995425737329089,0.00020244030073702395,2,0.5
465,1,1,1,6.653313042502851,0.000777653618014221,0.9748973032405425,0.02432504314144324,2,0.5
480,1,1,1,8.174979933676894,0.0004338278529724618,0.9961015383161661,0.0034646338308613727,2,0.5
489,1,1,1,14.11897911998186,0.00019390506273729682,0.9959033426081637,0.0039027523290989545,2,0.5
496,1,1,1,8.004365918680053,0.00012525160235886314,0.9987427768342424,0.0011319715633987299,2,0.5
499,1,1,1,2.4410500454992223,9.017637733318468e-05,0.9989906472960273,0.0009191763266395937,2,0.5
500,1,1,1,7.772413567447652,0.00011580510547747423,0.9985704765844307,0.001313718310091855,2,0.5
511,2,2,1,1.990197307692365,0.00022146474700417666,0.022988825817339128,0.9767897094356567,2,0.5
525,2,2,1,2.923047862331799,0.00015059250474541656,0.001701763860043665,0.9981476436352108,2,0.5
539,2,2,1,6.2298196628792075,0.0013322570598733958,0.04878243741704442,0.9498853055230821,2,0.5
540,2,2,1,13.559195995812846,0.0017153851328271105,0.0018168156445574467,0.9964677992226153,2,0.5
552,2,2,1,22.826038029789135,0.0007391025699866868,0.07684548995359412,0.9224154074764191,2,0.5
560,2,2,1,6.188684200835431,0.11263019405727791,0.011160248937255148,0.876209557005467,2,0.5
566,2,2,1,1.9555244656119686,0.0006053851844909688,0.00017139608054473468,0.9992232187349642,2,0.5
572,2,2,1,19.209199616019507,0.000695363707275149,0.05475010141922666,0.9445545348734982,2,0.5
594,2,2,1,24.820302212021293,0.0006325663514067868,0.001841882619371937,0.9975255510292212,2,0.5
595,2,2,1,59.85164700935164,0.0005926367878824652,0.02670055120153926,0.9727068120105783,2,0.5
602,2,2,1,4.859202176317826,0.001206058387595594,0.023104864636346388,0.9756890769760581,2,0.5
611,2,2,1,62.71742713115914,0.006092614262520159,0.005363079173038572,0.9885443065644414,2,0.5
618,2,2,1,68.67558333115412,0.0013717010233841214,0.0064581809836764086,0.9921701179929394,2,0.5
621,2,2,1,67.12215442720837,0.1013687876958048,0.016332914557205248,0.88229829774699,2,0.5
635,2,2,1,7.925008015055492,0.0007858534445376882,0.0009229522936891844,0.998291194261773,2,0.5
639,2,2,1,13.042017608535826,0.0007465556512152255,0.0005031842416584562,0.9987502601071264,2,0.5
642,2,2,1,57.42725767664466,0.002454606467730571,0.09328607953572313,0.9042593139965464,2,0.5
646,2,2,1,26.41028414921018,0.0006085020449864617,0.0013873414063920709,0.9980041565486215,2,0.5
650,2,2,1,42.55442685560987,0.18707364439274385,0.13364036837050183,0.6792859872367543,2,0.5
656,2,2,1,4.117930554384956,0.00022787939663499837,0.003126527626877632,0.9966455929764872,2,0.5
661,2,2,1,21.871697389325348,0.000511040424111782,0.0013952968954886232,0.9980936626803996,2,0.5
662,2,2,1,13.551441976365329,0.0019126540465298888,0.0005250123109121184,0.9975623336425579,2,0.5
664,2,2,1,11.52890300765807,0.0006871732855716926,0.13060856300083587,0.8687042637135924,2,0.5
666,2,2,1,1.0,0.0012995715035462267,0.0002879196084233162,0.9984125088880305,2,0.5
672,2,2,1,3.8417938285400766,0.00025218991808645977,0.007405081409935884,0.9923427286719777,2,0.5
681,2,2,1,10.902944075201674,0.00041838768279949944,0.00038556107433448776,0.9991960512428661,2,0.5
682,2,2,1,1.0,0.00037898466569162136,0.010325823361498407,0.98929519197281,2,0.5
689,2,2,1,15.462724655376167,0.002751060289850524,0.03626326439698062,0.9609856753131689,2,0.5
692,2,2,1,68.67558333115412,0.0013717010233841214,0.0064581809836764086,0.9921701179929394,2,0.5
711,2,2,1,1.0600475624988803,0.0010187898443709737,0.08592095279057575,0.9130602573650534,2,0.5
714,2,2,1,4.592123626078908,0.0003790628573495082,0.004065558620821975,0.9955553785218284,2,0.5
715,0,0,1,27.586438653089076,0.9885731007104218,0.0031025268549225763,0.008324372434655506,2,0.5
718,0,0,1,20.61265352061115,0.9941797936875002,0.002398870673599529,0.0034213356389002324,2,0.5
721,0,0,1,12.7011517722982,0.9961108437669428,0.001882693230803539,0.002006463002253748,2,0.5
722,0,0,1,8.71916390269894,0.9783537048737706,0.01772210562251465,0.003924189503714733,2,0.5
728,0,0,1,22.785170447689733,0.992846569777341,0.002255559239389674,0.0048978709832693595,2,0.5
732,0,0,1,21.581785067071852,0.959764965258726,0.002334974601541251,0.03790006013973277,2,0.5
735,0,0,1,8.597892760060324,0.9835084202298668,0.012651406265685863,0.0038401735044473794,2,0.5
738,0,0,1,7.068292022306699,0.9911289689907409,0.007205825408556353,0.0016652056007026945,2,0.5
749,0,0,1,25.138558235807878,0.9837470916227454,0.0023251717641183988,0.013927736613136217,2,0.5
753,0,0,1,24.63569044859316,0.9876027712009392,0.00921722170085254,0.003180007098208103,2,0.5
760,0,0,1,10.223624909167192,0.9943102921213578,0.0030650760079088753,0.002624631870733341,2,0.5
766,0,0,1,12.729156769947812,0.9928751675889653,0.0029078413818220254,0.0042169910292126495,2,0.5
772,0,0,1,20.154028062571555,0.9707662136318242,0.0019887814473950475,0.027245004920780583,2,0.5
773,0,0,1,22.849491026139525,0.9767000926393867,0.021734251960898638,0.001565655399714783,2,0.5
776,0,0,1,22.134077865133975,0.9912813522535492,0.002983375527786273,0.005735272218664644,2,0.5
778,0,0,1,23.318479653141587,0.99432265575431,0.002947423215573782,0.0027299210301161424,2,0.5
779,0,0,1,8.985267871510098,0.9807715579607263,0.01033757020465538,0.008890871834618305,2,0.5
780,0,0,1,21.245708471326715,0.9906585346383822,0.0037840361926893685,0.005557429168928415,2,0.5
781,0,0,1,21.0,0.9924056245338336,0.0025190493771969896,0.005075326088969251,2,0.5
783,0,0,1,5.361744485214661,0.9847251102138601,0.012923758852078946,0.002351130934060885,2,0.5
785,0,0,1,15.058700431572781,0.9841280199714565,0.010531849601943281,0.005340130426600364,2,0.5
787,0,0,1,27.997562215409307,0.9936221975993244,0.002526689804191938,0.0038511125964838127,2,0.5
788,0,0,1,21.03753573239114,0.9922197260370252,0.0020077607033518003,0.005772513259622861,2,0.5
790,0,0,1,11.562259834148652,0.9962827236082451,0.0020642821963416814,0.0016529941954132935,2,0.5
793,0,0,1,7.646849543787885,0.9908398889602635,0.007782794079953867,0.0013773169597826474,2,0.5
802,0,0,1,33.89974873055779,0.9836454597678278,0.013413417632613426,0.0029411225995587915,2,0.5
804,0,0,1,12.33586913323864,0.9910641540952506,0.005671178400322478,0.0032646675044270316,2,0.5
805,0,0,1,2.9521742346534077,0.9940206144285085,0.0028102414470232893,0.0031691441244681177,2,0.5
806,0,0,1,14.411603888014037,0.9871589959904057,0.00842789702718888,0.004413106982405464,2,0.5
817,0,0,1,5.607711472773925,0.9729676180947002,0.023628638787800235,0.00340374311749951,2,0.5
824,1,1,1,19.526213686237142,0.00015865358102807133,0.99945433926976,0.00038700714921184473,2,0.5
833,1,1,1,10.793884555815113,0.0001321725019611212,0.999487653900858,0.00038017359718073296,2,0.5
837,1,1,1,4.433181823628491,0.00010501560096009656,0.9994279917199468,0.00046699267909323293,2,0.5
839,1,1,1,8.618992197723635,8.620701719486367e-05,0.998360912836837,0.0015528801459680636,2,0.5
841,1,1,1,7.731439878006904,0.00030136318351983206,0.9347234303957801,0.0649752064207001,2,0.5
844,1,1,1,9.34204017523123,0.00047650075809755547,0.9464899603237198,0.053033538918182584,2,0.5
845,1,1,1,6.025376800968559,0.00024096700155097156,0.9903177201965877,0.00944131280186135,2,0.5
847,1,1,1,3.7639792727314476,0.00015880056958385622,0.995575460007292,0.0042657394231239605,2,0.5
849,1,1,1,13.712690193824221,0.002722869439028254,0.9969521482318968,0.00032498232907488586,2,0.5
850,1,1,1,1.8842169407121083,0.00014023975309526815,0.9996121499968108,0.00024761025009381767,2,0.5
851,1,1,1,4.638430714155911,0.007336242576541042,0.9766973730048993,0.01596638441855965,2,0.5
859,1,1,1,15.338535604211211,0.0002442709071569932,0.9994671460677208,0.00028858302512219043,2,0.5
863,1,1,1,1.879110283184697,0.00020185728847675445,0.9989966688459734,0.0008014738655498647,2,0.5
876,1,1,1,19.339325578073414,0.020678362219520446,0.9787220105706832,0.0005996272097964514,2,0.5
879,1,1,1,3.4450013821467893,0.000244333358077396,0.9989412503227258,0.0008144163191967327,2,0.5
881,1,1,1,6.662991503721704,0.00011931219980335901,0.9911396106259848,0.008741077174211997,2,0.5
883,1,1,1,4.119950430031133,0.000310119335784633,0.9995207742902579,0.00016910637395750242,2,0.5
892,1,1,1,10.03689461788089,0.00010653760907588548,0.9990824512247778,0.0008110111661463105,2,0.5
895,1,1,1,9.852382356659161,0.00042152996154099355,0.9988915342550821,0.0006869357833768581,2,0.5
902,1,1,1,6.959464534297506,8.720832987204004e-05,0.9992151558240446,0.000697635846083366,2,0.5
905,1,1,1,7.964016974198157,0.00019229509766101332,0.9995419074647075,0.00026579743763166226,2,0.5
907,1,1,1,12.193947007876755,0.0001042952105921382,0.9992605176472888,0.0006351871421189663,2,0.5
917,1,1,1,11.658025196612446,9.937441756100387e-05,0.9991141235885345,0.0007865019939045081,2,0.5
919,1,1,1,8.104090740288513,0.00016781370651406072,0.999658152069728,0.00017403422375805928,2,0.5
921,1,1,1,17.50397437516534,0.00017759940724763846,0.9995895727895907,0.00023282780316173117,2,0.5
925,1,1,1,13.239841159155734,0.00021362136887711873,0.9995708007594784,0.00021557787164457588,2,0.5
929,1,1,1,2.7276159511440876,0.11039467576403618,0.7988504823547914,0.09075484188117235,2,0.5
933,2,2,1,31.501912123262557,0.001613090932822932,0.04572642690402594,0.9526604821631512,2,0.5
940,2,2,1,9.006532272109132,0.0007718871695432056,0.0008560423959396071,0.9983720704345173,2,0.5
946,2,2,1,61.75876467687422,0.001815726183618189,0.00346247217352114,0.9947218016428606,2,0.5
956,2,2,1,56.92624140614126,0.07659517361966395,0.045818395341350016,0.877586431038986,2,0.5
964,2,2,1,8.838458683713688,0.00044994864598277013,0.004321830690110807,0.9952282206639064,2,0.5
967,2,2,1,7.497197888842706,0.0009480555386483516,0.000590618018009101,0.9984613264433425,2,0.5
973,2,2,1,69.43058677555264,0.0010791192339841373,0.01981958249785554,0.9791012982681604,2,0.5
991,2,2,1,64.66328257195649,0.004014045271678035,0.0014971124855320045,0.9944888422427899,2,0.5
993,2,2,1,64.66328257195649,0.004014045271678035,0.0014971124855320045,0.9944888422427899,2,0.5
1002,2,2,1,9.329337353110951,0.0007812775909626671,0.11863207589699053,0.8805866465120469,2,0.5
1013,2,2,1,5.481880650348663,0.005196860674810275,0.0029061732399262444,0.9918969660852636,2,0.5
1015,2,2,1,17.400895517659993,0.0011742470867367645,0.03583908080094143,0.9629866721123218,2,0.5
1017,2,2,1,56.51073946225908,0.0005434736114608979,0.0013948119494982408,0.9980617144390409,2,0.5
1020,2,2,1,9.225173698904788,0.0006246278654480965,0.004100576179741956,0.9952747959548099,2,0.5
2,0,0,1,32.99271368762549,0.8210926256529474,0.03978330588605456,0.13912406846099792,3,0.5
8,0,0,1,18.478662529495377,0.9985579048181186,0.00036018732168783754,0.0010819078601937131,3,0.5
14,0,0,1,13.179541080789077,0.996132126146991,0.00017214793780558884,0.0036957259152034408,3,0.5
17,0,0,1,7.1959755464491675,0.9954554431843619,0.00034520048128219963,0.0041993563343559,3,0.5
26,0,0,1,12.611198932276523,0.8446818548257042,0.00037978587504916274,0.15493835929924657,3,0.5
45,0,0,1,8.826382672462177,0.9933726143316804,0.005015034754295942,0.001612350914023664,3,0.5
50,0,0,1,18.748523469287335,0.9448323838153402,0.02006080031902037,0.035106815865639504,3,0.5
68,0,0,1,19.171106580539096,0.9959964157557215,0.0017729109519659854,0.0022306732923124367,3,0.5
69,0,0,1,12.043792741091899,0.9962022740872246,0.001835512218554072,0.00196221369422117,3,0.5
70,0,0,1,5.761869736178625,0.9976939234616948,0.00030112226082708684,0.002004954277478146,3,0.5
75,0,0,1,10.707174532948814,0.9982352281036464,0.0006215791439212669,0.001143192752432308,3,0.5
85,0,0,1,8.21022522548281,0.9943784577851285,0.0002460380695390611,0.005375504145332552,3,0.5
101,0,0,1,16.480136691073703,0.9974137481842666,0.00026688954916284955,0.0023193622665705167,3,0.5
107,0,0,1,5.7234053105498015,0.926942776915182,0.0006704092286391637,0.07238681385617873,3,0.5
118,0,0,1,12.42434700782505,0.9978812173341458,0.00040063892245589426,0.001718143743398189,3,0.5
136,0,0,1,11.136345736423557,0.9982691814819101,0.0006128591643108599,0.0011179593537791088,3,0.5
138,0,0,1,9.406472206589614,0.994431931312376,0.00020485416357643164,0.005363214524047653,3,0.5
140,0,0,1,10.586973010211253,0.9982992786805489,0.0004030362940770565,0.001297685025374071,3,0.5
144,0,0,1,20.432277660651387,0.9938313259253897,0.00026656333252548305,0.005902110742084726,3,0.5
149,0,0,1,5.02918308262695,0.9973403829895313,0.0003180748145667987,0.002341542195901972,3,0.5
150,0,0,1,20.932200450516724,0.9974133144715783,0.0002786677376670284,0.0023080177907547034,3,0.5
152,0,0,1,8.580381899958597,0.9949629702989105,0.0037717871273952913,0.001265242573694329,3,0.5
169,0,0,1,19.23570123582909,0.9932695865274043,0.005281701196115634,0.0014487122764799845,3,0.5
171,0,0,1,13.05045800299688,0.9983140753898401,0.0007331969625575079,0.0009527276476025047,3,0.5
174,0,0,1,11.448977564969653,0.9987601520401311,0.00044372166108081113,0.0007961262987880103,3,0.5
177,0,0,1,8.16191200256797,0.9958713762062696,0.00021783522750765396,0.003910788566222749,3,0.5
185,0,0,1,17.903750775326387,0.9950812863517907,0.001333807603233557,0.003584906044975816,3,0.5
187,0,0,1,10.174830178447218,0.9934631115028328,0.0001872300193424322,0.006349658477824608,3,0.5
189,0,0,1,17.673025551135026,0.9951666853103642,0.0002577566087567146,0.00457555808087897,3,0.5
192,0,0,1,13.168241616790722,0.9944789883563093,0.004632478412866769,0.0008885332308237952,3,0.5
204,0,0,1,5.682353937089293,0.998565400328019,0.0006690561675465107,0.0007655435044344789,3,0.5
206,0,0,1,8.777116311234945,0.9954501968718739,0.0002480068151060128,0.004301796313020204,3,0.5
208,0,0,1,36.40209724761884,0.8328180984960016,0.033866556111278416,0.13331534539272,3,0.5
215,0,0,1,11.809662981575954,0.995138912188231,0.0035769222549624463,0.0012841655568065335,3,0.5
224,0,0,1,10.173314242135154,0.9466147111040569,0.04016171771578379,0.013223571180159346,3,0.5
225,0,0,1,14.787574528554174,0.9933276446939702,0.005501853752694454,0.0011705015533353233,3,0.5
238,0,0,1,8.315365109583857,0.9949943198563581,0.00031633575504808986,0.00468934438859378,3,0.5
239,0,0,1,7.522025355273371,0.9955088561809768,0.00030345190076282847,0.004187691918260385,3,0.5
240,0,0,1,15.922208302133011,0.9974998834333986,0.0014162540368724249,0.0010838625297289602,3,0.5
243,0,0,1,14.188768035071169,0.9921867674256699,0.00015212092524336543,0.007661111649086747,3,0.5
245,0,0,1,6.653965182035837,0.9608263482953475,0.015578800459091454,0.023594851245561033,3,0.5
246,0,0,1,27.361732707287484,0.9970982677787097,0.00016619005205378094,0.002735542169236558,3,0.5
254,1,1,1,9.141181167593386,0.00020889158343999475,0.8729170146110415,0.12687409380551853,3,0.5
256,1,1,1,11.713480877022613,0.09809161084516436,0.8801972019186763,0.02171118723615926,3,0.5
264,1,1,1,5.9745616150404,0.0002108493357745961,0.9988716564046694,0.0009174942595559842,3,0.5
278,1,1,1,16.764727875974106,0.0009164366417444631,0.9958983698527537,0.003185193505501972,3,0.5
296,1,1,1,14.704531367305066,0.10243799732445244,0.7962171631615395,0.10134483951400822,3,0.5
304,1,1,1,27.163274527341354,0.0001157075555218661,0.997823855203255,0.002060437241223146,3,0.5
317,1,1,1,16.129852799333644,0.00021400825549263244,0.9973615899674507,0.0024244017770566903,3,0.5
318,1,1,1,6.328187808972906,0.00010473790609519586,0.9987933551810924,0.0011019069128125239,3,0.5
324,1,1,1,22.974647116602117,0.0007061250751487281,0.992886701883185,0.006407173041666461,3,0.5
352,1,1,1,9.787294915500834,0.0007413973220596908,0.985600321323625,0.013658281354315398,3,0.5
354,1,1,1,12.348225974884766,0.00014418254390967825,0.857735603975615,0.14212021348047527,3,0.5
357,1,1,1,10.442793462724442,0.0005232091297762781,0.9991537408647435,0.0003230500054802395,3,0.5
358,1,1,1,24.293203719315073,0.007273285928125077,0.9864578872001885,0.006268826871686453,3,0.5
368,1,1,1,9.929495617525642,0.00017889292872051425,0.9965458979538263,0.00327520911745316,3,0.5
377,1,1,1,6.107095096817273,0.0003583088537858353,0.9968978929759637,0.002743798170250425,3,0.5
384,1,1,1,8.614817276934456,0.0003891282698997898,0.9946373267524052,0.004973544977694888,3,0.5
394,1,1,1,8.956031420304297,0.001324228485459281,0.9983688068999808,0.0003069646145598557,3,0.5
398,1,1,1,9.976402851851248,0.02714443413280171,0.9498561812315156,0.02299938463568264,3,0.5
402,1,0,0,3.094374711127663,0.9988229894503614,0.0003016153166120616,0.0008753952330263624,3,0.5
405,1,1,1,9.47957973645376,0.08964663382205401,0.9020272985343355,0.008326067643610447,3,0.5
420,1,1,1,9.327618692834008,0.00040158804470374676,0.9985718995049412,0.001026512450354985,3,0.5
421,1,1,1,10.159112754407042,0.0024020023165523315,0.7547163655407151,0.24288163214273256,3,0.5
440,1,1,1,8.747638288448952,0.00013268679576081772,0.9926176774075252,0.007249635796714118,3,0.5
450,1,1,1,13.421742860615254,0.00018366695961224684,0.9973480078960114,0.002468325144376352,3,0.5
462,1,1,1,12.575519272787064,0.00048286402099400943,0.9985706582556576,0.0009464777233483176,3,0.5
470,1,1,1,15.577936339719658,0.00010021142766323688,0.9977765286789149,0.002123259893421884,3,0.5
474,1,1,1,7.814636082728669,7.903236406963594e-05,0.9923185056870609,0.007602461948869471,3,0.5
479,1,1,1,15.63363050045769,0.0005626194928304389,0.974269063372362,0.02516831713480766,3,0.5
481,1,2,0,9.989887538013898,0.010765016182905348,0.41563835046725933,0.5735966333498353,3,0.5
482,1,1,1,5.674349633394944,0.0010339972809761755,0.9986390449697907,0.00032695774923319253,3,0.5
488,1,1,1,11.301524679468887,0.0008715298319782606,0.9972666317403698,0.0018618384276520073,3,0.5
494,1,1,1,11.54066172271344,0.0001376233255608691,0.9660414946913569,0.033820881983082134,3,0.5
508,2,2,1,44.6023460269528,0.0033775112678155494,0.006022991227602899,0.9905994975045815,3,0.5
519,2,2,1,11.737413771226695,0.001587147452779939,0.0027513748246513698,0.9956614777225687,3,0.5
520,2,2,1,11.629117507818338,0.00024437394185775996,0.002546789543614514,0.9972088365145277,3,0.5
530,2,2,1,61.733352981773024,0.006625435042622672,0.0006633106024151344,0.9927112543549623,3,0.5
542,2,2,1,33.814469969640285,0.020800488972896162,0.011328262988560255,0.9678712480385435,3,0.5
547,2,2,1,28.412583347921053,0.01288075825568637,0.06754260984622569,0.9195766318980878,3,0.5
551,2,2,1,60.662834624429394,0.02077414249778305,0.011504360183461782,0.9677214973187551,3,0.5
555,2,2,1,60.662834624429394,0.02077414249778305,0.011504360183461782,0.9677214973187551,3,0.5
557,2,2,1,8.535549264726496,0.0005494655271415773,0.002583236171775146,0.9968672983010832,3,0.5
569,2,2,1,38.9097777859319,0.09930054827360947,0.051721817843147194,0.8489776338832433,3,0.5
574,2,2,1,15.260122383755482,0.004711932231374303,0.01774662819890575,0.97754143956972,3,0.5
581,2,2,1,11.562355341756408,0.0002977905969576326,0.011418168693441548,0.9882840407096009,3,0.5
583,2,2,1,22.424367055608393,0.0006555301644051605,0.012279556628810391,0.9870649132067844,3,0.5
585,2,2,1,10.789242046408319,0.00029703306800578074,0.0020390418493370674,0.9976639250826572,3,0.5
592,2,2,1,13.2534164996904,0.0002628293790853094,0.005192959339383146,0.9945442112815315,3,0.5
598,2,2,1,9.957083193937068,0.001058251623066644,0.021555154727619732,0.9773865936493137,3,0.5
599,2,2,1,32.63775981242049,0.06816692108544323,0.07843928328219199,0.8533937956323647,3,0.5
614,2,2,1,31.226069950747284,0.0057012982955955485,0.011089240476051115,0.9832094612283534,3,0.5
629,2,2,1,59.31141480731601,0.03205087076459406,0.0006913982781608373,0.9672577309572451,3,0.5
638,2,2,1,44.96573685775866,0.00026282688832064623,0.0005016104868569371,0.9992355626248224,3,0.5
641,2,2,1,6.182615036309234,0.07252172734267635,0.013530477468338022,0.9139477951889856,3,0.5
652,2,2,1,27.763219110531388,0.09956287750841816,0.014234654552994138,0.8862024679385878,3,0.5
654,2,2,1,21.5838920021982,0.0031991687561131023,0.06862544999826865,0.9281753812456183,3,0.5
658,2,2,1,27.083855711210287,0.1313491336102475,0.008879440460638812,0.8597714259291136,3,0.5
674,2,2,1,8.092125559582282,0.00037975444725664014,0.0018643669071442984,0.997755878645599,3,0.5
679,2,2,1,41.88196067650929,0.05947209633435238,0.025692125757164706,0.9148357779084829,3,0.5
680,2,2,1,17.201036835524604,0.0003201050413315246,0.004574494141860284,0.9951054008168082,3,0.5
696,2,2,1,56.47465629700407,0.00119674381227613,0.008355729949560674,0.9904475262381632,3,0.5
708,2,2,1,61.733352981773024,0.006625435042622672,0.0006633106024151344,0.9927112543549623,3,0.5
709,2,2,1,4.381605209199592,0.0008111025366842749,0.013634346595983317,0.9855545508673323,3,0.5
736,0,0,1,6.307392834102722,0.9712965001750891,0.001925607333023966,0.026777892491887,3,0.5
739,0,0,1,20.423043177289887,0.9880051807492461,0.0003665527652381452,0.011628266485515706,3,0.5
754,0,0,1,12.401767354525216,0.985622531702002,0.0058440791735983495,0.008533389124399816,3,0.5
756,0,0,1,26.88085188431476,0.9949250857166773,0.00018547859935449734,0.004889435683968115,3,0.5
757,0,0,1,16.71935327654034,0.9909597205353909,0.00020322714534826605,0.008837052319260876,3,0.5
786,0,0,1,26.403066782336914,0.9922320367952834,0.0001570443464102544,0.007610918858306463,3,0.5
791,0,0,1,15.15049221311308,0.9903915390356749,0.0003732371891217375,0.009235223775203442,3,0.5
809,0,0,1,11.514473822200964,0.9943863674443293,0.00473107295386228,0.0008825596018083304,3,0.5
813,0,0,1,18.582842557748066,0.9605852519381222,0.016927172904132766,0.022487575157745115,3,0.5
829,1,1,1,5.901451211883143,0.00021397718608647694,0.9991788363335657,0.0006071864803477617,3,0.5
831,1,1,1,7.845709613982514,0.00010399572747697702,0.9994046638436638,0.0004913404288592706,3,0.5
832,1,1,1,9.200130992490006,0.01722164716640238,0.9769626713887659,0.005815681444831635,3,0.5
835,1,1,1,9.332541792623541,0.00021413021699697777,0.9850683245344981,0.01471754524850491,3,0.5
838,1,1,1,9.196827904126382,0.0012130612985088837,0.8296944820069395,0.1690924566945515,3,0.5
848,1,1,1,11.509560667277547,0.0003453933341273362,0.9992988634608865,0.0003557432049863561,3,0.5
855,1,1,1,13.107610823754966,0.00014818685834128254,0.9964480277514081,0.003403785390250692,3,0.5
880,1,1,1,4.5973460762390665,9.555118793501595e-05,0.9851141772466567,0.014790271565408372,3,0.5
903,1,1,1,15.45702811250041,0.0011355252473656404,0.8537439303665069,0.14512054438612731,3,0.5
922,1,1,1,11.761915451369205,0.00019175928653374986,0.9751033533995567,0.024704887313909525,3,0.5
928,1,1,1,7.3084889280587,0.00010809680296048341,0.9952480785885003,0.004643824608539298,3,0.5
935,2,2,1,49.856851555867166,0.002376641497410386,0.004100273944811944,0.9935230845577777,3,0.5
950,2,2,1,10.287233979725094,0.0003568400715887765,0.005183807951530628,0.9944593519768806,3,0.5
957,2,2,1,24.62304494819781,0.006706520299620083,0.025085733772423863,0.968207745927956,3,0.5
974,2,2,1,41.07041119588843,0.014513956891831327,0.04486747870096226,0.9406185644072065,3,0.5
995,2,2,1,33.45161641511893,0.0007248935075190239,0.0021313025068083785,0.9971438039856725,3,0.5
1007,2,2,1,4.972082937666252,0.0003502939510553439,0.003552761428181869,0.9960969446207628,3,0.5
1009,2,2,1,24.433045834169036,0.016099396182332932,0.00041039706543417973,0.9834902067522329,3,0.5
1014,2,2,1,2.690220238819463,0.00039430610911547786,0.00019322360648288067,0.9994124702844015,3,0.5
1016,2,2,1,24.433045834169036,0.016099396182332932,0.00041039706543417973,0.9834902067522329,3,0.5
21,0,0,1,10.784526469743899,0.9674914244576287,0.02471933460699752,0.007789240935373937,4,0.5
35,0,0,1,7.3659791255705835,0.980038204293303,0.011696477721239239,0.008265317985457854,4,0.5
58,0,0,1,5.690944752515174,0.9649902875865936,0.007969672555756657,0.02704003985764977,4,0.5
64,0,0,1,11.138391469298806,0.9882612377959664,0.009078958738202539,0.002659803465830917,4,0.5
87,0,0,1,19.920573699623905,0.9743890919588623,0.018345176041110255,0.007265732000027555,4,0.5
91,0,0,1,8.599764225269663,0.7858122803942685,0.020900277166257333,0.1932874424394741,4,0.5
95,0,0,1,4.824089476701205,0.933460023582477,0.039306477962047316,0.027233498455475756,4,0.5
99,0,0,1,14.256806856972036,0.9844129467840574,0.011334105455771378,0.004252947760171182,4,0.5
100,0,0,1,13.917544990071212,0.9765393865699553,0.005040462057273855,0.018420151372770976,4,0.5
114,0,0,1,86.55566713029972,0.8106810020705808,0.07395960517477665,0.11535939275464241,4,0.5
124,0,0,1,4.435505737611089,0.9885174741557784,0.00870596495621152,0.002776560888009986,4,0.5
131,0,0,1,21.15793467407856,0.989296410981425,0.0078870079145288,0.002816581104046226,4,0.5
141,0,0,1,6.7309172784793505,0.9112204569021,0.008602738091427652,0.08017680500647224,4,0.5
162,0,0,1,4.233085338008983,0.9724090028576997,0.01174376659157383,0.015847230550726326,4,0.5
184,0,0,1,63.46996097058001,0.7031758013980397,0.12923653402638294,0.16758766457557744,4,0.5
186,0,0,1,14.426455653628883,0.9651642608104527,0.010566086876701093,0.024269652312846154,4,0.5
195,0,0,1,9.86082761100197,0.9652692648483209,0.01601171353264912,0.01871902161903008,4,0.5
197,0,0,1,16.97072003895645,0.9843205113507609,0.012835507215120905,0.0028439814341181327,4,0.5
198,0,0,1,18.820585564618135,0.98721927065519,0.009949015655645392,0.0028317136891645336,4,0.5
202,0,0,1,10.023477411819709,0.9496067777239185,0.03862403636182989,0.01176918591425166,4,0.5
203,0,0,1,14.576376571642278,0.9823751545213649,0.00706022392734983,0.01056462155128518,4,0.5
212,0,0,1,31.008049269787055,0.9670984464508542,0.008890772157604157,0.02401078139154175,4,0.5
221,0,0,1,7.8162955367624285,0.9859062200553845,0.004961576591442147,0.009132203353173355,4,0.5
228,0,0,1,5.032562716784783,0.9824421270837247,0.005069727218620094,0.012488145697655334,4,0.5
233,0,0,1,6.251445479745838,0.7643866835469048,0.007682511829087981,0.2279308046240072,4,0.5
242,0,0,1,5.320688733950151,0.9536616868076021,0.020307739383570386,0.02603057380882745,4,0.5
258,1,1,1,12.065898651014646,0.01526010536694686,0.9658568797078319,0.01888301492522131,4,0.5
260,1,1,1,27.300668147923297,0.0021399296466797137,0.990502374066743,0.007357696286577324,4,0.5
279,1,1,1,13.68683361126958,0.007061717324478313,0.9430768913873387,0.04986139128818282,4,0.5
281,1,1,1,14.634081730674552,0.0017365176277201924,0.9928654764979811,0.005398005874298848,4,0.5
284,1,1,1,7.023592458511468,0.0020215402879776223,0.8961489975904299,0.10182946212159262,4,0.5
294,1,1,1,8.126348323986056,0.002168348987655144,0.9753144236636125,0.02251722734873227,4,0.5
299,1,1,1,8.79568829668682,0.0015185183558102673,0.989561079958487,0.00892040168570279,4,0.5
307,1,1,1,30.667322330672526,0.0022802822289532086,0.9894343928345857,0.008285324936461017,4,0.5
311,1,1,1,3.368648744682286,0.0018568487831936485,0.9883505073039287,0.009792643912877732,4,0.5
320,1,1,1,15.428515035050937,0.0020406752313201866,0.9705191095362579,0.027440215232421957,4,0.5
326,1,1,1,28.8004926945482,0.0015760531676123628,0.9915960079355192,0.006827938896868611,4,0.5
327,1,1,1,5.842009610727838,0.001535675913010164,0.9887522596741467,0.009712064412843223,4,0.5
334,1,1,1,1.4159226963838039,0.0027783129738240928,0.9867031853131394,0.010518501713036484,4,0.5
344,1,1,1,18.093926454112623,0.0015007208974700693,0.9901648053039201,0.00833447379860978,4,0.5
347,1,1,1,11.105583883434782,0.005588414951770844,0.9837842924981497,0.010627292550079593,4,0.5
350,1,1,1,9.209529239803379,0.001999512734773153,0.9850897761270184,0.012910711138208427,4,0.5
360,1,1,1,8.689698478478096,0.002477249239669361,0.98625037697125,0.01127237378908084,4,0.5
370,1,1,1,30.048809377750466,0.0019998106415232103,0.9877721216674126,0.010228067691064198,4,0.5
378,1,1,1,20.133762853301953,0.00459463481735746,0.9769013084938297,0.018504056688812883,4,0.5
383,1,1,1,16.012803588114192,0.0018858278794738218,0.9924109702332372,0.005703201887289074,4,0.5
388,1,1,1,6.177858064524785,0.0018448561696987398,0.847201632221406,0.15095351160889509,4,0.5
390,1,1,1,32.78015818057571,0.002062918292022047,0.9917771365621016,0.006159945145876253,4,0.5
397,1,1,1,18.176927964404857,0.00166820529885721,0.9922668569130609,0.006064937788081903,4,0.5
408,1,1,1,15.768471767739646,0.0016903280549075332,0.9924652160047823,0.00584445594031005,4,0.5
413,1,1,1,24.62234546369324,0.0017972341609195613,0.990729093465515,0.007473672373565539,4,0.5
414,1,1,1,1.5204465864413628,0.009064163028107192,0.9077913469095502,0.0831444900623426,4,0.5
424,1,1,1,4.8084776646123135,0.0019260932215439783,0.9935670580859124,0.004506848692543646,4,0.5
439,1,1,1,15.128097548642124,0.0018281391977551021,0.9888829071825024,0.00928895361974256,4,0.5
443,1,1,1,11.363152799884721,0.005436436641315886,0.9212331358501967,0.0733304275084875,4,0.5
448,1,1,1,19.338843964132334,0.002289332761620392,0.9913240239764445,0.006386643261935201,4,0.5
457,1,1,1,24.312180938435247,0.001964061980166547,0.9920621782356831,0.005973759784150367,4,0.5
459,1,1,1,15.003674227895198,0.0030029216513376353,0.912333468686734,0.08466360966192846,4,0.5
460,1,1,1,13.388799818322624,0.0018146482182301246,0.993899035128376,0.004286316653393819,4,0.5
464,1,1,1,15.646343724917744,0.001931921624701406,0.9850074820416308,0.013060596333667912,4,0.5
468,1,1,1,6.140683301492718,0.0016515690822243132,0.9877746756719079,0.010573755245867712,4,0.5
469,1,1,1,17.648038567746237,0.0022816433615446517,0.9879673317621278,0.009751024876327508,4,0.5
485,1,1,1,8.09936667632727,0.006174982043069642,0.9896222751311337,0.0042027428257967875,4,0.5
487,1,1,1,25.135467629761468,0.002009200200677933,0.9911123815057228,0.006878418293599412,4,0.5
501,1,1,1,16.327817443604395,0.004408711596156055,0.9865864368356375,0.00900485156820641,4,0.5
502,1,1,1,3.0087112600541572,0.001899938827004565,0.9922135792214736,0.005886481951521798,4,0.5
505,2,2,1,5.09589777709447,0.003325667946277613,0.021669246862995102,0.9750050851907273,4,0.5
523,2,2,1,28.244369252624015,0.006548228790763894,0.0434367035692664,0.9500150676399697,4,0.5
534,2,2,1,15.823419231441685,0.036476989959438204,0.04181624824157401,0.9217067617989878,4,0.5
536,2,2,1,18.962093794951127,0.00628128168707673,0.0049099747639725555,0.9888087435489508,4,0.5
537,2,2,1,35.36319614690458,0.01541346444783915,0.04599935727261141,0.9385871782795494,4,0.5
543,2,2,1,11.950731715469622,0.006159693043959338,0.04862219786002202,0.9452181090960187,4,0.5
561,2,2,1,18.952300257417022,0.03909215126761593,0.05529448523045545,0.9056133635019286,4,0.5
563,2,2,1,59.473987443551366,0.009934089229992624,0.011189851305074841,0.9788760594649326,4,0.5
567,2,2,1,31.70776299968067,0.00681097078683838,0.03214347500037963,0.961045554212782,4,0.5
577,2,2,1,44.12748636959732,0.010312763645456087,0.00418017291837168,0.9855070634361722,4,0.5
580,2,2,1,8.85517566850299,0.02363521023652178,0.14590513758589835,0.8304596521775799,4,0.5
586,2,2,1,4.075402405651955,0.0058519720028204466,0.09354018447473927,0.9006078435224404,4,0.5
589,2,2,1,5.274382224804361,0.007594495074335025,0.004355436357360067,0.9880500685683049,4,0.5
596,2,2,1,21.591962271219042,0.02734170470954494,0.010799128344127015,0.9618591669463281,4,0.5
617,2,2,1,59.7403034175524,0.006428341157473241,0.004987709505845204,0.9885839493366816,4,0.5
620,2,2,1,21.860691161271195,0.007068146260047839,0.016506277102068128,0.976425576637884,4,0.5
623,2,2,1,11.831778892981124,0.004857620261325697,0.007602302592185259,0.9875400771464891,4,0.5
625,2,2,1,3.864201376607735,0.015293922655718648,0.004243758885759653,0.9804623184585217,4,0.5
628,2,2,1,10.770287280700632,0.022121216537418012,0.013822422537121182,0.9640563609254607,4,0.5
644,2,2,1,11.578313258356378,0.004917424826506952,0.015796870612953522,0.9792857045605395,4,0.5
648,2,2,1,61.72664044321217,0.006516797042483214,0.004553494911999739,0.988929708045517,4,0.5
653,2,2,1,46.214523505631604,0.016611221183711982,0.027205041438000423,0.9561837373782877,4,0.5
663,2,2,1,34.48675261351926,0.06466476568359175,0.03281054478014975,0.9025246895362586,4,0.5
668,2,2,1,59.473987443551366,0.009934089229992624,0.011189851305074841,0.9788760594649326,4,0.5
671,2,2,1,12.274644910020479,0.07551162840410995,0.008335344587282353,0.9161530270086078,4,0.5
673,2,2,1,2.237249949273011,0.005566981706347654,0.013394538669635135,0.9810384796240171,4,0.5
684,2,2,1,56.7333062805289,0.025231031181239854,0.02050600680125181,0.9542629620175084,4,0.5
694,2,2,1,30.99291368057698,0.09815119917710421,0.04110249012704025,0.8607463106958556,4,0.5
698,2,2,1,28.244369252624015,0.006548228790763894,0.0434367035692664,0.9500150676399697,4,0.5
699,2,2,1,8.401646208063834,0.006891370949114655,0.01348892513195283,0.9796197039189326,4,0.5
706,2,2,1,3.0843850477785133,0.00337981414970068,0.04417879557027328,0.9524413902800261,4,0.5
747,0,0,1,16.30800945524918,0.9830766413052152,0.014265939638518936,0.0026574190562658733,4,0.5
752,0,0,1,18.91519501099442,0.9537252980380093,0.0231191192495413,0.023155582712449427,4,0.5
807,0,0,1,5.830853387039153,0.9725440785489236,0.019927628784149085,0.007528292666927306,4,0.5
820,0,0,1,31.192106904654864,0.7928051744182205,0.18779724791563887,0.01939757766614058,4,0.5
825,1,1,1,18.169850668367697,0.0017744483139657318,0.9899473521080521,0.008278199577982108,4,0.5
858,1,1,1,33.58575594463125,0.002039382014519238,0.9896769508227224,0.008283667162758331,4,0.5
860,1,1,1,16.66348030938829,0.006505199363702955,0.9395546675656133,0.05394013307068376,4,0.5
871,1,1,1,6.474249263619231,0.0033506781823294278,0.9928407394257269,0.003808582391943806,4,0.5
884,1,1,1,6.636462870064739,0.00196617807247714,0.9875082337416577,0.01052558818586502,4,0.5
896,1,1,1,5.8799962360935325,0.004961230618405111,0.8539129900797993,0.1411257793017957,4,0.5
897,1,1,1,17.57689795144868,0.004590819288846179,0.981889332144801,0.01351984856635285,4,0.5
906,1,1,1,14.20471299969985,0.0017722491175624505,0.9916919574683469,0.006535793414090635,4,0.5
912,1,1,1,5.038431465982638,0.0014280313664239079,0.9893288565195307,0.009243112114045512,4,0.5
916,1,1,1,21.17873066404036,0.00187687762864723,0.989105729835976,0.009017392535376747,4,0.5
927,1,1,1,20.546701803076093,0.0018044565276862062,0.9826785336926824,0.015517009779631325,4,0.5
932,2,2,1,35.65426693498749,0.016281440533085945,0.09030591623803384,0.8934126432288803,4,0.5
942,2,2,1,17.684700416882755,0.008293724412109217,0.007754063787941218,0.9839522117999495,4,0.5
945,2,2,1,17.338685432791767,0.005146643091305882,0.010424364252656701,0.9844289926560376,4,0.5
947,2,2,1,19.950685773930637,0.04269019767603433,0.010902223917847996,0.9464075784061178,4,0.5
955,2,2,1,32.460993153568516,0.23425845610972648,0.03805245952890717,0.7276890843613663,4,0.5
958,2,2,1,43.90503784239068,0.04246790415068089,0.012285813882867487,0.9452462819664517,4,0.5
961,2,2,1,21.860691161271195,0.007068060217108519,0.01650421596887162,0.9764277238140199,4,0.5
968,2,2,1,27.89916426815849,0.0197693717428763,0.08091379683830507,0.8993168314188186,4,0.5
970,2,2,1,12.274644910020479,0.07551162840410995,0.008335344587282353,0.9161530270086078,4,0.5
975,2,2,1,46.214523505631604,0.016611221183711982,0.027205041438000423,0.9561837373782877,4,0.5
983,2,2,1,5.348501054670693,0.019105437513258095,0.47020688072497024,0.5106876817617718,4,0.5
992,2,2,1,43.90503784239068,0.04246790415068089,0.012285813882867487,0.9452462819664517,4,0.5
997,2,2,1,17.39108373670937,0.010198459413230334,0.04827727825026483,0.9415242623365048,4,0.5
1000,2,2,1,50.59960256215251,0.005747020234818145,0.0049254955350815305,0.9893274842301004,4,0.5
1003,2,2,1,37.148506075628916,0.03441716063229188,0.07221492799506697,0.893367911372641,4,0.5
1004,2,2,1,6.316334548975387,0.005646882233475726,0.01008788507537918,0.9842652326911451,4,0.5
1018,2,2,1,2.237249949273011,0.005566981706347654,0.013394538669635135,0.9810384796240171,4,0.5
