path,bytes,sha256
checkpoints/fixed/runs/2021_2022/seed_2025/T0_standard/LSTM/Best_model,151397,2bebd2cb1054f687567dd04224ea955b4d5b609126addd20d04d89247d923db7
checkpoints/fixed/runs/2021_2022/seed_2025/T0_standard/LSTM/calibration_temperature.txt,12,0335b7c1ce12890dbd1d1893077f93b7cc097907865b1b1bcf409ff30081cf21
checkpoints/fixed/runs/2021_2022/seed_2025/T0_standard/LSTM/min_Max.txt,216,c881d94cbe63ce1632dd48c52d937b330fcdf97878a532f0c07eeac4ae1284e0
checkpoints/fixed/runs/2021_2022/seed_2025/T0_standard/STSMamba/Best_model,1826908,d59ca9c35cfebbeab3cbe1a03e3910126e79afed472d24e199cb345508506249
checkpoints/fixed/runs/2021_2022/seed_2025/T0_standard/STSMamba/calibration_temperature.txt,12,ef04758385834c50de210c8247640ad00a7adb01c1fb54ae5816bb294fbead8d
checkpoints/fixed/runs/2021_2022/seed_2025/T0_standard/STSMamba/min_Max.txt,216,c881d94cbe63ce1632dd48c52d937b330fcdf97878a532f0c07eeac4ae1284e0
checkpoints/fixed/runs/2021_2022/seed_2025/T0_standard/TempCNN/Best_model,160354,265e3c16c1ae9173b395f27483423836c471342d469bb5a298e5439625200729
checkpoints/fixed/runs/2021_2022/seed_2025/T0_standard/TempCNN/calibration_temperature.txt,12,d75f7bce651245bf0cc652aea1223490dc98408928687a17c61951f0e2f0af3a
checkpoints/fixed/runs/2021_2022/seed_2025/T0_standard/TempCNN/min_Max.txt,216,c881d94cbe63ce1632dd48c52d937b330fcdf97878a532f0c07eeac4ae1284e0
checkpoints/fixed/runs/2021_2022/seed_2025/T0_standard/VanillaTransformer/Best_model,285858,f0bd670a69a8cf8b01097bee20f230a62a8e0cc0895325ac2126e3b30c020b75
checkpoints/fixed/runs/2021_2022/seed_2025/T0_standard/VanillaTransformer/calibration_temperature.txt,12,bd27bbace53e5a5334d355a329d5a1ea492e929907888aed421588280d428f82
checkpoints/fixed/runs/2021_2022/seed_2025/T0_standard/VanillaTransformer/min_Max.txt,216,c881d94cbe63ce1632dd48c52d937b330fcdf97878a532f0c07eeac4ae1284e0
checkpoints/fixed/runs/2021_2022/seed_2025/T0_standard/XGBoost/Best_model,2929068,39be4a4148cfd0fdc61e5cc4144b4463513db865dc2c22412d4e99d4f452d7e7
checkpoints/fixed/runs/2021_2022/seed_2025/T0_standard/XGBoost/calibration_temperature.txt,12,9793bdee20b98b3a9504972f461287c0a2fdce93149172e4afc245b9fc9913fb
checkpoints/fixed/runs/2021_2022/seed_2025/T0_standard/XGBoost/min_Max.txt,216,c881d94cbe63ce1632dd48c52d937b330fcdf97878a532f0c07eeac4ae1284e0
checkpoints/fixed/runs/2021_2022/seed_2026/T0_standard/LSTM/Best_model,151397,c8f5ba621c240c0a2f5cc2b1be6184eb1b8ab282c951df6e694be9ba969cb793
checkpoints/fixed/runs/2021_2022/seed_2026/T0_standard/LSTM/calibration_temperature.txt,12,bfd0d62a647f071c680a150ef24cd22ee92c24d3a51ce11e7038044642d4d856
checkpoints/fixed/runs/2021_2022/seed_2026/T0_standard/LSTM/min_Max.txt,216,c881d94cbe63ce1632dd48c52d937b330fcdf97878a532f0c07eeac4ae1284e0
checkpoints/fixed/runs/2021_2022/seed_2026/T0_standard/STSMamba/Best_model,1826908,9921dc405b584ac2102ee5fbe6bc7dd735eda0ff76ba57db59013e6e5aa13b97
checkpoints/fixed/runs/2021_2022/seed_2026/T0_standard/STSMamba/calibration_temperature.txt,12,75b93a89c12ca47ce668a568308a2121bf3a7aef073dab8d6e92bfd4e72e3791
checkpoints/fixed/runs/2021_2022/seed_2026/T0_standard/STSMamba/min_Max.txt,216,c881d94cbe63ce1632dd48c52d937b330fcdf97878a532f0c07eeac4ae1284e0
checkpoints/fixed/runs/2021_2022/seed_2026/T0_standard/TempCNN/Best_model,160354,cf278ad98d392d620c4e03e78f3c0cb34c7bbaad5a229e88c6e1e5892e8b2a7f
checkpoints/fixed/runs/2021_2022/seed_2026/T0_standard/TempCNN/calibration_temperature.txt,12,de68483f592ba7240faaa15c374f85042aff94f7eaeece954f7b8df9cbe4b9ae
checkpoints/fixed/runs/2021_2022/seed_2026/T0_standard/TempCNN/min_Max.txt,216,c881d94cbe63ce1632dd48c52d937b330fcdf97878a532f0c07eeac4ae1284e0
checkpoints/fixed/runs/2021_2022/seed_2026/T0_standard/VanillaTransformer/Best_model,285858,776fa3608eb9844f0ca0133175660f67f076cc06198af3ba8e8b02859597f6df
checkpoints/fixed/runs/2021_2022/seed_2026/T0_standard/VanillaTransformer/calibration_temperature.txt,12,fddb1da8a0fd03a56b2b8b3c2cf65a73d0ce842ffb93561c3051075e2d9725ae
checkpoints/fixed/runs/2021_2022/seed_2026/T0_standard/VanillaTransformer/min_Max.txt,216,c881d94cbe63ce1632dd48c52d937b330fcdf97878a532f0c07eeac4ae1284e0
checkpoints/fixed/runs/2021_2022/seed_2026/T0_standard/XGBoost/Best_model,2964012,a0dd8edf8f17dc49a7e65bed271742aea73fb703fc3a42f4b18b11c4130f339f
checkpoints/fixed/runs/2021_2022/seed_2026/T0_standard/XGBoost/calibration_temperature.txt,12,b16341fa6861008bfda5b17037251edc7a2dfbbf6408d42f73869b2cda65d388
checkpoints/fixed/runs/2021_2022/seed_2026/T0_standard/XGBoost/min_Max.txt,216,c881d94cbe63ce1632dd48c52d937b330fcdf97878a532f0c07eeac4ae1284e0
checkpoints/fixed/runs/2021_2022/seed_2027/T0_standard/LSTM/Best_model,151397,ed8d47af0dcceaa12c42e84009a8401bf86b4b2ae8049d5f1e122d2885702c99
checkpoints/fixed/runs/2021_2022/seed_2027/T0_standard/LSTM/calibration_temperature.txt,12,5ad225d0409a2c3b798c6cc91448f7373c55a566f76c07831ee63ceba8eab10a
checkpoints/fixed/runs/2021_2022/seed_2027/T0_standard/LSTM/min_Max.txt,216,c881d94cbe63ce1632dd48c52d937b330fcdf97878a532f0c07eeac4ae1284e0
checkpoints/fixed/runs/2021_2022/seed_2027/T0_standard/STSMamba/Best_model,1826908,f00f04e9d8105c2f0200452f106b832b68b5b3fa200d1d30c8167b31c5f07d19
checkpoints/fixed/runs/2021_2022/seed_2027/T0_standard/STSMamba/calibration_temperature.txt,12,a976945ae245d093ff0a7093a08776b193fe9c3edc2ee8abbf63995793179cf1
checkpoints/fixed/runs/2021_2022/seed_2027/T0_standard/STSMamba/min_Max.txt,216,c881d94cbe63ce1632dd48c52d937b330fcdf97878a532f0c07eeac4ae1284e0
checkpoints/fixed/runs/2021_2022/seed_2027/T0_standard/TempCNN/Best_model,160354,90833e634b81a008738e63149678e36d80a200d4ae08edc39e204d135e542bf5
checkpoints/fixed/runs/2021_2022/seed_2027/T0_standard/TempCNN/calibration_temperature.txt,12,da1dcb57c2087a1be117d448586d65154ec359693c5fce3c6d1a6a4427d1524e
checkpoints/fixed/runs/2021_2022/seed_2027/T0_standard/TempCNN/min_Max.txt,216,c881d94cbe63ce1632dd48c52d937b330fcdf97878a532f0c07eeac4ae1284e0
checkpoints/fixed/runs/2021_2022/seed_2027/T0_standard/VanillaTransformer/Best_model,285858,93017d4d66005ed513b961036631b68aad14b699075b5ac0d12beab2ad46ed58
checkpoints/fixed/runs/2021_2022/seed_2027/T0_standard/VanillaTransformer/calibration_temperature.txt,12,8b4d1b957d9aa4534e3fcc49c45964e800f34559a2d337642884dbefaaa2428d
checkpoints/fixed/runs/2021_2022/seed_2027/T0_standard/VanillaTransformer/min_Max.txt,216,c881d94cbe63ce1632dd48c52d937b330fcdf97878a532f0c07eeac4ae1284e0
checkpoints/fixed/runs/2021_2022/seed_2027/T0_standard/XGBoost/Best_model,3012460,dcb564763ceac4213fa084f1ecb75f091c403bfc6686f35486bfce48fe11f145
checkpoints/fixed/runs/2021_2022/seed_2027/T0_standard/XGBoost/calibration_temperature.txt,12,7f45b27dd35f026d243a9f20380fd31ed3beb24739ef54a51e40b4d18361462b
checkpoints/fixed/runs/2021_2022/seed_2027/T0_standard/XGBoost/min_Max.txt,216,c881d94cbe63ce1632dd48c52d937b330fcdf97878a532f0c07eeac4ae1284e0
checkpoints/fixed/runs/2021_2022/seed_3407/T0_standard/LSTM/Best_model,151397,39dc77713f4edc21696bbd5fd27e8796b24e19b452255e4fcbb6cf658c09d504
checkpoints/fixed/runs/2021_2022/seed_3407/T0_standard/LSTM/calibration_temperature.txt,12,88df6f71b0e66d35743d6d6219694b4a51b00ed11c9fc6881ee88812263dc661
checkpoints/fixed/runs/2021_2022/seed_3407/T0_standard/LSTM/min_Max.txt,216,c881d94cbe63ce1632dd48c52d937b330fcdf97878a532f0c07eeac4ae1284e0
checkpoints/fixed/runs/2021_2022/seed_3407/T0_standard/STSMamba/Best_model,1826908,5a5ace9ff52836167c27695b11fb219689713742df5f5bcade7f915475b280a9
checkpoints/fixed/runs/2021_2022/seed_3407/T0_standard/STSMamba/calibration_temperature.txt,12,6b87a84984b2098917ca3cb60641b995aacda50534673fcd0cea7225985fd136
checkpoints/fixed/runs/2021_2022/seed_3407/T0_standard/STSMamba/min_Max.txt,216,c881d94cbe63ce1632dd48c52d937b330fcdf97878a532f0c07eeac4ae1284e0
checkpoints/fixed/runs/2021_2022/seed_3407/T0_standard/TempCNN/Best_model,160354,e6ddbc91c417da2c5b2a914bcd40232d7f47739b5d5a868c51cb500c81d03171
checkpoints/fixed/runs/2021_2022/seed_3407/T0_standard/TempCNN/calibration_temperature.txt,12,64bf819386862c9681ee641a5a2296e45754ff41cb4ea10b1236721d363d4f00
checkpoints/fixed/runs/2021_2022/seed_3407/T0_standard/TempCNN/min_Max.txt,216,c881d94cbe63ce1632dd48c52d937b330fcdf97878a532f0c07eeac4ae1284e0
checkpoints/fixed/runs/2021_2022/seed_3407/T0_standard/VanillaTransformer/Best_model,285858,6ce46ac8f302073c87313759f898bab3876aa38ed12bd86dbb76b29c96ab352b
checkpoints/fixed/runs/2021_2022/seed_3407/T0_standard/VanillaTransformer/calibration_temperature.txt,12,7403ca501daafd0b1204ba39c69c31dffed1fe3782c8dfb3cb9565f3d1dff61c
checkpoints/fixed/runs/2021_2022/seed_3407/T0_standard/VanillaTransformer/min_Max.txt,216,c881d94cbe63ce1632dd48c52d937b330fcdf97878a532f0c07eeac4ae1284e0
checkpoints/fixed/runs/2021_2022/seed_3407/T0_standard/XGBoost/Best_model,3026028,cdf3597f58c44aacff52beaa4fc60aa5c7137bc5ce89e307f6e372ddf93c8c80
checkpoints/fixed/runs/2021_2022/seed_3407/T0_standard/XGBoost/calibration_temperature.txt,12,13fef6d3889a3ef95ddfcc6ff73186e4e95fb49c9f96b0a12d12762f72a4e835
checkpoints/fixed/runs/2021_2022/seed_3407/T0_standard/XGBoost/min_Max.txt,216,c881d94cbe63ce1632dd48c52d937b330fcdf97878a532f0c07eeac4ae1284e0
checkpoints/fixed/runs/2021_2022/seed_42/T0_standard/LSTM/Best_model,151397,4f8dcef6e6aa07059b0a04edf54ed0386904cd759550f92c9167486d09a30f57
checkpoints/fixed/runs/2021_2022/seed_42/T0_standard/LSTM/calibration_temperature.txt,12,dfd957436717b661734fb4a1cf63932c8ae1cf15b8bc25f5f90efcd5b9bbe5d6
checkpoints/fixed/runs/2021_2022/seed_42/T0_standard/LSTM/min_Max.txt,216,c881d94cbe63ce1632dd48c52d937b330fcdf97878a532f0c07eeac4ae1284e0
checkpoints/fixed/runs/2021_2022/seed_42/T0_standard/STSMamba/Best_model,1826908,1dd53262ee6f151b190881399e103d23096207fb87f3f28e13938097fa221bfd
checkpoints/fixed/runs/2021_2022/seed_42/T0_standard/STSMamba/calibration_temperature.txt,12,b6a6df4b7a95b408545c922f1943eadaa3c4cabc0a144651dbab588d4d843768
checkpoints/fixed/runs/2021_2022/seed_42/T0_standard/STSMamba/min_Max.txt,216,c881d94cbe63ce1632dd48c52d937b330fcdf97878a532f0c07eeac4ae1284e0
checkpoints/fixed/runs/2021_2022/seed_42/T0_standard/TempCNN/Best_model,160354,d91d6110d803b4ba6f6e64f849829376ef4340b190868573948a1da7c138a6e5
checkpoints/fixed/runs/2021_2022/seed_42/T0_standard/TempCNN/calibration_temperature.txt,12,75a745e3c15d683fc6d81494bcbddf81cf2d307be78510f2e09853da501d6d0a
checkpoints/fixed/runs/2021_2022/seed_42/T0_standard/TempCNN/min_Max.txt,216,c881d94cbe63ce1632dd48c52d937b330fcdf97878a532f0c07eeac4ae1284e0
checkpoints/fixed/runs/2021_2022/seed_42/T0_standard/VanillaTransformer/Best_model,285858,f761d235c462151d91be97cb62a85f911f4088b329f7b33784206eb456341178
checkpoints/fixed/runs/2021_2022/seed_42/T0_standard/VanillaTransformer/calibration_temperature.txt,12,e06f07fd35986df5174de15bc54cb1bef20615f334072db1aff3cf9dbe30d0f4
checkpoints/fixed/runs/2021_2022/seed_42/T0_standard/VanillaTransformer/min_Max.txt,216,c881d94cbe63ce1632dd48c52d937b330fcdf97878a532f0c07eeac4ae1284e0
checkpoints/fixed/runs/2021_2022/seed_42/T0_standard/XGBoost/Best_model,3016492,620579375ba04927be127eddf866cf857e1db0142bcfd7b32582f19bb9a5549e
checkpoints/fixed/runs/2021_2022/seed_42/T0_standard/XGBoost/calibration_temperature.txt,12,600a1d81fb362ba9a24064345d1d4afdc28aa18284315fe74511d7d1288f4e47
checkpoints/fixed/runs/2021_2022/seed_42/T0_standard/XGBoost/min_Max.txt,216,c881d94cbe63ce1632dd48c52d937b330fcdf97878a532f0c07eeac4ae1284e0
checkpoints/fixed/runs/2025_2026/seed_2025/T0_standard/LSTM/Best_model,151397,b7e95d20f5db8b0c9601e62c19c3a26fcaff456d100569eb6beb19e6bc7c47d4
checkpoints/fixed/runs/2025_2026/seed_2025/T0_standard/LSTM/calibration_temperature.txt,12,246ec46ab953230f04896e0f5cce818ddc954252bfcd2557239a07748825b42c
checkpoints/fixed/runs/2025_2026/seed_2025/T0_standard/LSTM/min_Max.txt,212,87ba4c4e89903bfbccffde801d087493ae606aeea5dc4d41cf20004005f0ede7
checkpoints/fixed/runs/2025_2026/seed_2025/T0_standard/STSMamba/Best_model,1826908,7b5347e3f3bf675769f682141ac654d6549a34df1d21f9b76080efe35b9417d8
checkpoints/fixed/runs/2025_2026/seed_2025/T0_standard/STSMamba/calibration_temperature.txt,12,c8c1e45ec327d90e7c46d3e65e55d65c9b150fb260abacc306947c692f8a7e45
checkpoints/fixed/runs/2025_2026/seed_2025/T0_standard/STSMamba/min_Max.txt,212,87ba4c4e89903bfbccffde801d087493ae606aeea5dc4d41cf20004005f0ede7
checkpoints/fixed/runs/2025_2026/seed_2025/T0_standard/TempCNN/Best_model,160354,613a9161672ddc03a5757988ca89c0bc1a3373201f15afa5e9e1195b4c206835
checkpoints/fixed/runs/2025_2026/seed_2025/T0_standard/TempCNN/calibration_temperature.txt,12,bb01bdfd27caa20f7e8a1f11996c9f3512549c0cc38df0bf4244071304757131
checkpoints/fixed/runs/2025_2026/seed_2025/T0_standard/TempCNN/min_Max.txt,212,87ba4c4e89903bfbccffde801d087493ae606aeea5dc4d41cf20004005f0ede7
checkpoints/fixed/runs/2025_2026/seed_2025/T0_standard/VanillaTransformer/Best_model,285858,3efbe80e090e3f29a0a0ea3148bb97321606679f9fb9128874d7298ece7197bc
checkpoints/fixed/runs/2025_2026/seed_2025/T0_standard/VanillaTransformer/calibration_temperature.txt,12,581f28eeea6d8d73284c9dde0374f70cbc5c12e4b905e666e604b710396f1909
checkpoints/fixed/runs/2025_2026/seed_2025/T0_standard/VanillaTransformer/min_Max.txt,212,87ba4c4e89903bfbccffde801d087493ae606aeea5dc4d41cf20004005f0ede7
checkpoints/fixed/runs/2025_2026/seed_2025/T0_standard/XGBoost/Best_model,4471020,0f933e76004e4c256b91332b61a6f9eeeaf0c88e491d324e3e3292e1c1d7732b
checkpoints/fixed/runs/2025_2026/seed_2025/T0_standard/XGBoost/calibration_temperature.txt,12,6eb43c4492a81147e537c7f49ab15dcd52938b6a8a497b4460e896fd454cfdec
checkpoints/fixed/runs/2025_2026/seed_2025/T0_standard/XGBoost/min_Max.txt,212,87ba4c4e89903bfbccffde801d087493ae606aeea5dc4d41cf20004005f0ede7
checkpoints/fixed/runs/2025_2026/seed_2026/T0_standard/LSTM/Best_model,151397,d1cfb03297da41a990e33bcf91cd3b0025ba8ae89a0238e84a2e4aa8733794f0
checkpoints/fixed/runs/2025_2026/seed_2026/T0_standard/LSTM/calibration_temperature.txt,12,ec8fba90cd686530c23adfcd14d14b4010d6fae3a330656cf4c13d8d6821325e
checkpoints/fixed/runs/2025_2026/seed_2026/T0_standard/LSTM/min_Max.txt,212,87ba4c4e89903bfbccffde801d087493ae606aeea5dc4d41cf20004005f0ede7
checkpoints/fixed/runs/2025_2026/seed_2026/T0_standard/STSMamba/Best_model,1826908,92b53caeb32bb1a5c57cbd4610cc3b91fc9e2fbb16e9121a96fa4ef0e6dc2521
checkpoints/fixed/runs/2025_2026/seed_2026/T0_standard/STSMamba/calibration_temperature.txt,12,ce42023a72e8d5628fa89cb8c0554272e167c00f6b1867df83d45d675458cdbc
checkpoints/fixed/runs/2025_2026/seed_2026/T0_standard/STSMamba/min_Max.txt,212,87ba4c4e89903bfbccffde801d087493ae606aeea5dc4d41cf20004005f0ede7
checkpoints/fixed/runs/2025_2026/seed_2026/T0_standard/TempCNN/Best_model,160354,1dad485d8e9468e65e5af180c64e96f14f9bc4cab999b3513d757af8a2639d20
checkpoints/fixed/runs/2025_2026/seed_2026/T0_standard/TempCNN/calibration_temperature.txt,12,6de57b9e0c6c8b036888c2184240a8b6fdaa1b5ad09bf0fbba8158619dcec7f8
checkpoints/fixed/runs/2025_2026/seed_2026/T0_standard/TempCNN/min_Max.txt,212,87ba4c4e89903bfbccffde801d087493ae606aeea5dc4d41cf20004005f0ede7
checkpoints/fixed/runs/2025_2026/seed_2026/T0_standard/VanillaTransformer/Best_model,285858,12cc2ad1174902b8cf8feeeb6fb65c7a6620e3f5a10a11495689cc36a0d94a2d
checkpoints/fixed/runs/2025_2026/seed_2026/T0_standard/VanillaTransformer/calibration_temperature.txt,12,5b8684080830aea936a61dea6464e13dc4e87e8ec142216c49007fa83e6c01b5
checkpoints/fixed/runs/2025_2026/seed_2026/T0_standard/VanillaTransformer/min_Max.txt,212,87ba4c4e89903bfbccffde801d087493ae606aeea5dc4d41cf20004005f0ede7
checkpoints/fixed/runs/2025_2026/seed_2026/T0_standard/XGBoost/Best_model,4530668,2422f44caef6b5210a0b610197e8758e4136a9554e1e0575298ad22cbb5caac6
checkpoints/fixed/runs/2025_2026/seed_2026/T0_standard/XGBoost/calibration_temperature.txt,12,e95557d3eed9c5a63a4e92da330172efb0fcb9c70f36d5102f48ca6d7b7f9e29
checkpoints/fixed/runs/2025_2026/seed_2026/T0_standard/XGBoost/min_Max.txt,212,87ba4c4e89903bfbccffde801d087493ae606aeea5dc4d41cf20004005f0ede7
checkpoints/fixed/runs/2025_2026/seed_2027/T0_standard/LSTM/Best_model,151397,00df8f2562385f1188b717e36834e05d7c80eb3324c2e8f486d735216d26bb0b
checkpoints/fixed/runs/2025_2026/seed_2027/T0_standard/LSTM/calibration_temperature.txt,12,74a0f363802d499611cae02728e56df29b78cdb9fc6c5d3fd294c71a5cf650a8
checkpoints/fixed/runs/2025_2026/seed_2027/T0_standard/LSTM/min_Max.txt,212,87ba4c4e89903bfbccffde801d087493ae606aeea5dc4d41cf20004005f0ede7
checkpoints/fixed/runs/2025_2026/seed_2027/T0_standard/STSMamba/Best_model,1826908,c87ef9a3d768235e03d2569fadebd43e2f60468e0eb41c431f66b1bd26fd2bcd
checkpoints/fixed/runs/2025_2026/seed_2027/T0_standard/STSMamba/calibration_temperature.txt,12,3023b290ddecfca9459ec73ea181e2a7b599f3418e221b974bbcf4d4d7ddafaa
checkpoints/fixed/runs/2025_2026/seed_2027/T0_standard/STSMamba/min_Max.txt,212,87ba4c4e89903bfbccffde801d087493ae606aeea5dc4d41cf20004005f0ede7
checkpoints/fixed/runs/2025_2026/seed_2027/T0_standard/TempCNN/Best_model,160354,d88dc8124ae2b1bb982ec0f099aa53f34c67995f85ac75e6d6f4c81d28d6aff8
checkpoints/fixed/runs/2025_2026/seed_2027/T0_standard/TempCNN/calibration_temperature.txt,12,81c87cd264a4c1df35b16893fead161bae1b6f9ee95794c9962e2fd6633b9df4
checkpoints/fixed/runs/2025_2026/seed_2027/T0_standard/TempCNN/min_Max.txt,212,87ba4c4e89903bfbccffde801d087493ae606aeea5dc4d41cf20004005f0ede7
checkpoints/fixed/runs/2025_2026/seed_2027/T0_standard/VanillaTransformer/Best_model,285858,01467814247952410a0c34e6dd7c8f0ac2a383cc1a400c05e7bbc1a0513fe657
checkpoints/fixed/runs/2025_2026/seed_2027/T0_standard/VanillaTransformer/calibration_temperature.txt,12,87621ab0de9818fe1f12e8a69c77452fc16aa867587e518f94bb90fef29d7a5c
checkpoints/fixed/runs/2025_2026/seed_2027/T0_standard/VanillaTransformer/min_Max.txt,212,87ba4c4e89903bfbccffde801d087493ae606aeea5dc4d41cf20004005f0ede7
checkpoints/fixed/runs/2025_2026/seed_2027/T0_standard/XGBoost/Best_model,4315692,4c7eb48247e433a0dd67a873349c89036250614b66c19896bf9d4b215783b94b
checkpoints/fixed/runs/2025_2026/seed_2027/T0_standard/XGBoost/calibration_temperature.txt,12,b549bc89c9470b6ff4e275cc164ec0ad5da91cc7ca642ac655181c62ce850b6f
checkpoints/fixed/runs/2025_2026/seed_2027/T0_standard/XGBoost/min_Max.txt,212,87ba4c4e89903bfbccffde801d087493ae606aeea5dc4d41cf20004005f0ede7
checkpoints/fixed/runs/2025_2026/seed_3407/T0_standard/LSTM/Best_model,151397,2a576e4b69376f8caa282f33ff1899b017d602c5cf953e0305a3dae49a8f796e
checkpoints/fixed/runs/2025_2026/seed_3407/T0_standard/LSTM/calibration_temperature.txt,12,0eb9866c435e107e79185425b3ec554c3e8a9a1a028957c3c676981807f3c635
checkpoints/fixed/runs/2025_2026/seed_3407/T0_standard/LSTM/min_Max.txt,212,87ba4c4e89903bfbccffde801d087493ae606aeea5dc4d41cf20004005f0ede7
checkpoints/fixed/runs/2025_2026/seed_3407/T0_standard/STSMamba/Best_model,1826908,371ba154707dcd543c7fcc89ca95d8b33c239c0b944de045f1d2bb06dac5b43c
checkpoints/fixed/runs/2025_2026/seed_3407/T0_standard/STSMamba/calibration_temperature.txt,12,13d8872011913695768fbdaf87842fb2e4b36cb7632d608916f177c4dee7a6ed
checkpoints/fixed/runs/2025_2026/seed_3407/T0_standard/STSMamba/min_Max.txt,212,87ba4c4e89903bfbccffde801d087493ae606aeea5dc4d41cf20004005f0ede7
checkpoints/fixed/runs/2025_2026/seed_3407/T0_standard/TempCNN/Best_model,160354,0c4041d2df4b4ea30d47d785de727e1c840064671454ee1c91399238237e6ad8
checkpoints/fixed/runs/2025_2026/seed_3407/T0_standard/TempCNN/calibration_temperature.txt,12,2f2724ffcf84dd740720be6edb8f733d976736f63d969640acb14058b1f57d0e
checkpoints/fixed/runs/2025_2026/seed_3407/T0_standard/TempCNN/min_Max.txt,212,87ba4c4e89903bfbccffde801d087493ae606aeea5dc4d41cf20004005f0ede7
checkpoints/fixed/runs/2025_2026/seed_3407/T0_standard/VanillaTransformer/Best_model,285858,fafbd6fa13e4e7279fd3072ad918be77db024e1fa17782ecaaa2a41a47c4f421
checkpoints/fixed/runs/2025_2026/seed_3407/T0_standard/VanillaTransformer/calibration_temperature.txt,12,c3452786d782d450aed889dfe5ec6b77cb63ee0e17e29395f62a48b0db184d48
checkpoints/fixed/runs/2025_2026/seed_3407/T0_standard/VanillaTransformer/min_Max.txt,212,87ba4c4e89903bfbccffde801d087493ae606aeea5dc4d41cf20004005f0ede7
checkpoints/fixed/runs/2025_2026/seed_3407/T0_standard/XGBoost/Best_model,4502060,ca03196838308f33e6962c590aaedabb0a86b36af1ac38de31323e602d989640
checkpoints/fixed/runs/2025_2026/seed_3407/T0_standard/XGBoost/calibration_temperature.txt,12,4fb5b417cea90dea4d837ab776c412a7764990898929522b707b1fb79d2e65ad
checkpoints/fixed/runs/2025_2026/seed_3407/T0_standard/XGBoost/min_Max.txt,212,87ba4c4e89903bfbccffde801d087493ae606aeea5dc4d41cf20004005f0ede7
checkpoints/fixed/runs/2025_2026/seed_42/T0_standard/LSTM/Best_model,151397,0c1ed97d974f391b50ad725df14bc158163e2d694b4be096786f687af07567d4
checkpoints/fixed/runs/2025_2026/seed_42/T0_standard/LSTM/calibration_temperature.txt,12,c76b5da34d08dccde0e09121f4661b9f32422e468a1d0b26be998bbaf35c8878
checkpoints/fixed/runs/2025_2026/seed_42/T0_standard/LSTM/min_Max.txt,212,87ba4c4e89903bfbccffde801d087493ae606aeea5dc4d41cf20004005f0ede7
checkpoints/fixed/runs/2025_2026/seed_42/T0_standard/STSMamba/Best_model,1826908,a4d872fa16bcf68a71472b05c5ac4b0b7204a0fadef31067854917a0d1ac759a
checkpoints/fixed/runs/2025_2026/seed_42/T0_standard/STSMamba/calibration_temperature.txt,12,d41538e0131778e8efbacb77f2a37d2f15bf0fc63105f3d22e55dcf285ff69f0
checkpoints/fixed/runs/2025_2026/seed_42/T0_standard/STSMamba/min_Max.txt,212,87ba4c4e89903bfbccffde801d087493ae606aeea5dc4d41cf20004005f0ede7
checkpoints/fixed/runs/2025_2026/seed_42/T0_standard/TempCNN/Best_model,160354,3bbc55cbdecdc983c59261be7efe7d24e224e4dc7a1f3169f1d4b790aaed9a66
checkpoints/fixed/runs/2025_2026/seed_42/T0_standard/TempCNN/calibration_temperature.txt,12,6b07a158f2faf3d79ead161c4ba0a1c1bec001b1cf0a1e52111403ed577b6f23
checkpoints/fixed/runs/2025_2026/seed_42/T0_standard/TempCNN/min_Max.txt,212,87ba4c4e89903bfbccffde801d087493ae606aeea5dc4d41cf20004005f0ede7
checkpoints/fixed/runs/2025_2026/seed_42/T0_standard/VanillaTransformer/Best_model,285858,87533c8f0f73a9089bd270357f4d3703f137f380f5bc35e93d94433d7217b83e
checkpoints/fixed/runs/2025_2026/seed_42/T0_standard/VanillaTransformer/calibration_temperature.txt,12,18e7f747a02742622162c003c11eff762664e61ebf3a0c31eb8dafc93c371935
checkpoints/fixed/runs/2025_2026/seed_42/T0_standard/VanillaTransformer/min_Max.txt,212,87ba4c4e89903bfbccffde801d087493ae606aeea5dc4d41cf20004005f0ede7
checkpoints/fixed/runs/2025_2026/seed_42/T0_standard/XGBoost/Best_model,4432492,ae0a748dee818aa44af16bb31b234e4e79e68be605445db712d5356c1dae4667
checkpoints/fixed/runs/2025_2026/seed_42/T0_standard/XGBoost/calibration_temperature.txt,12,55531fd3e9cf1ed69f817bf293a71bb4d8c0a5ae89c1d247bcb797fd810cd627
checkpoints/fixed/runs/2025_2026/seed_42/T0_standard/XGBoost/min_Max.txt,212,87ba4c4e89903bfbccffde801d087493ae606aeea5dc4d41cf20004005f0ede7
checkpoints/spatial_cv/2021_2022/LSTM/seed_2025/fold_0/Best_model,151397,fbdefbe31ced8a1c97afd2d0410b20b1501469892b979d2498c8a405e5bcdd17
checkpoints/spatial_cv/2021_2022/LSTM/seed_2025/fold_1/Best_model,151397,511780126d90b46879ab2b1da2e167da47f031498263f3ec76e49603f550b8df
checkpoints/spatial_cv/2021_2022/LSTM/seed_2025/fold_2/Best_model,151397,47144692471d463a94194d900d706227274c4ba275e80cf493ec629e9b835c76
checkpoints/spatial_cv/2021_2022/LSTM/seed_2025/fold_3/Best_model,151397,7a15617fbf7cb7818dcd75c1abec77d9753c0ebf825d6d057ff480f7f1f156fc
checkpoints/spatial_cv/2021_2022/LSTM/seed_2025/fold_4/Best_model,151397,e5e0be9b4c993ca5de807492fd2b88447b36251d89ee472e99ae0435d5bca9ba
checkpoints/spatial_cv/2021_2022/LSTM/seed_2026/fold_0/Best_model,151397,d9e53875ba7e262c29396bad6dde10dfabf6893ce5e856d34580740ad652d690
checkpoints/spatial_cv/2021_2022/LSTM/seed_2026/fold_1/Best_model,151397,fd55a3172ab3ceab57025d42189243315ab3bc3d191bee838bcccd857d7ae982
checkpoints/spatial_cv/2021_2022/LSTM/seed_2026/fold_2/Best_model,151397,3027f2020681e6a9823e8d52ba6140e13930c621d74061a179f3fb71a03fe555
checkpoints/spatial_cv/2021_2022/LSTM/seed_2026/fold_3/Best_model,151397,9ec14c45e80c2671bba850237b75d1eef5f4d88336237a8818e305ec5ed159f3
checkpoints/spatial_cv/2021_2022/LSTM/seed_2026/fold_4/Best_model,151397,bc54b2821eea512487bb64dc588e76c30f8bd673e2e6487e796aca1ee9f28850
checkpoints/spatial_cv/2021_2022/LSTM/seed_2027/fold_0/Best_model,151397,c608d530e9e352de08b5422fb04c972d97583d8cff8c68e707aeeada071f3d58
checkpoints/spatial_cv/2021_2022/LSTM/seed_2027/fold_1/Best_model,151397,31a498c9d2c373b6368e55d39ad84a02bacfc552339ae8125e55673369e4e0d3
checkpoints/spatial_cv/2021_2022/LSTM/seed_2027/fold_2/Best_model,151397,82f858afaff73e65ea45f4e4cc88b33cc94ddf116b44ab1a5a043db70f4b27a3
checkpoints/spatial_cv/2021_2022/LSTM/seed_2027/fold_3/Best_model,151397,661df3d45ab07e3e75d9322d4472d4f0175b4f0eaaaceda4fe31bc65d832a5f9
checkpoints/spatial_cv/2021_2022/LSTM/seed_2027/fold_4/Best_model,151397,07d86c2f98c4696788c50e5faac8b012962774588e2c9b6a1adf65dac8b0619a
checkpoints/spatial_cv/2021_2022/LSTM/seed_3407/fold_0/Best_model,151397,6ff513e72f324138e0e3faa7b3263cc311f06eb665e101a7565e64355eff2f27
checkpoints/spatial_cv/2021_2022/LSTM/seed_3407/fold_1/Best_model,151397,1cc61c51b16b666c5f531304a0814e6cd96abfcb52e91bfb6bb773cb1f1280d3
checkpoints/spatial_cv/2021_2022/LSTM/seed_3407/fold_2/Best_model,151397,b40e641d8761a3b3c9c4ff6be863bb8975f9f4c99bf6c02970615c0e45c6fe9c
checkpoints/spatial_cv/2021_2022/LSTM/seed_3407/fold_3/Best_model,151397,6d74e9d94df4a285a6bea4a2170835ff4768b3f6c7ac39a7bedc068b483c89aa
checkpoints/spatial_cv/2021_2022/LSTM/seed_3407/fold_4/Best_model,151397,daf9663b436ea9c8845de44ce4e3a930a2ca9e588a466a2ae304b7711238ca05
checkpoints/spatial_cv/2021_2022/LSTM/seed_42/fold_0/Best_model,151397,191f9e29266244fecd575488aadaed24d0196862c6ab4fabec8b2fa638950437
checkpoints/spatial_cv/2021_2022/LSTM/seed_42/fold_1/Best_model,151397,9596df4de2b6dbbbfa8e492735459eece493724e74e016b2bc87b5ad96497812
checkpoints/spatial_cv/2021_2022/LSTM/seed_42/fold_2/Best_model,151397,f1293644484eb47d80c93c7bfcd5f4ef7a7f037de95d47f58f4f1046e55c58a0
checkpoints/spatial_cv/2021_2022/LSTM/seed_42/fold_3/Best_model,151397,00dca57f8bacf96da2ec9f6ba713fccc630bd886977ba5b3c6496414d96eea1b
checkpoints/spatial_cv/2021_2022/LSTM/seed_42/fold_4/Best_model,151397,7a166e6faf49c2131708b7a9703f72aa6ed6afe4b8cd2c0f932984bf125be04d
checkpoints/spatial_cv/2021_2022/STSMamba/seed_2025/fold_0/Best_model,1826908,e2274364968af0f595767d4ae7de08ffd4cef781d41330c8161ead86d6267d1f
checkpoints/spatial_cv/2021_2022/STSMamba/seed_2025/fold_1/Best_model,1826908,c3767fa2e93453443574446f9caa848b7d8b8f80624a32dc0b6f212093e111b8
checkpoints/spatial_cv/2021_2022/STSMamba/seed_2025/fold_2/Best_model,1826908,724f443f44ca960953b0e9e691f5acf89bf35b1f9ff01ca73c27e62571f3331f
checkpoints/spatial_cv/2021_2022/STSMamba/seed_2025/fold_3/Best_model,1826908,aa14837a5c6d05d2fba4dfb7985b0b681c203db2d978e1d1500ddb0ff0e7f04e
checkpoints/spatial_cv/2021_2022/STSMamba/seed_2025/fold_4/Best_model,1826908,3c39bdf3e5ecde7d4f4fe9dfd6e73138bf3ccc2d85ebbba9fa0bbcccea140c41
checkpoints/spatial_cv/2021_2022/STSMamba/seed_2026/fold_0/Best_model,1826908,40183eb91152107f43345f91344b693ee4cd359a23cb4af8c9e49ba9a480c052
checkpoints/spatial_cv/2021_2022/STSMamba/seed_2026/fold_1/Best_model,1826908,af8544d486b30f0eb7b93c30fe67795c7db2c79284646e23734b97d7dbaf322b
checkpoints/spatial_cv/2021_2022/STSMamba/seed_2026/fold_2/Best_model,1826908,883d21677d73e8e120555d3d85e625727e1e7ca789241c1edfaed9e878d25f14
checkpoints/spatial_cv/2021_2022/STSMamba/seed_2026/fold_3/Best_model,1826908,6119fa67e70838a3c0b92395fb672ca774aa53a853152d3314cb9f7fc7bfa152
checkpoints/spatial_cv/2021_2022/STSMamba/seed_2026/fold_4/Best_model,1826908,045162d3c29df2fdba58b021dbce2d71ffd3d308cdb639325bd91b3dac798367
checkpoints/spatial_cv/2021_2022/STSMamba/seed_2027/fold_0/Best_model,1826908,e6e116c53156df1c67e619edd3010f39bfcefe1664251b18153b464d6a0a47d5
checkpoints/spatial_cv/2021_2022/STSMamba/seed_2027/fold_1/Best_model,1826908,1d3609de8299b5b82c29382157ea757a64d69741b6277df5c56734e2a58e0e7f
checkpoints/spatial_cv/2021_2022/STSMamba/seed_2027/fold_2/Best_model,1826908,f9aa8439b599038b1cae2961ed8dacb526e42371155fd7c7cf28abed02a82144
checkpoints/spatial_cv/2021_2022/STSMamba/seed_2027/fold_3/Best_model,1826908,798dc53c9ab8ec18afee0835009d322f24cbe92e7e9c6d73e10532eb5fb916b2
checkpoints/spatial_cv/2021_2022/STSMamba/seed_2027/fold_4/Best_model,1826908,94927db3c5aac2fe433f3220dd8f9d89e158fb1a35e69163824f2da2fcb4e768
checkpoints/spatial_cv/2021_2022/STSMamba/seed_3407/fold_0/Best_model,1826908,4cac4b0b0150f5887b933e50f37ad3e1ebdf08fb5839b8270153da950365b90b
checkpoints/spatial_cv/2021_2022/STSMamba/seed_3407/fold_1/Best_model,1826908,cc0e9e7291a8124d41a872dca6dce71fde5696f10fa8636266af37116d20c320
checkpoints/spatial_cv/2021_2022/STSMamba/seed_3407/fold_2/Best_model,1826908,9aaf38d1f2beb6cfc36f6aa82c61190f262810367f17a2c3d4400582123cbdc0
checkpoints/spatial_cv/2021_2022/STSMamba/seed_3407/fold_3/Best_model,1826908,6622d80936920926ecc12d8bc04e1e410fdab51d123446be20efb997f9f3f210
checkpoints/spatial_cv/2021_2022/STSMamba/seed_3407/fold_4/Best_model,1826908,1ae3a59a69f17d7c092ea1928b95a998135b260f9ab38cdb0eef7a6697f8b68c
checkpoints/spatial_cv/2021_2022/STSMamba/seed_42/fold_0/Best_model,1826908,39d46478052d1d93cac42a8a9f66afd99b16f27c0279e93602376ca4e8d10201
checkpoints/spatial_cv/2021_2022/STSMamba/seed_42/fold_1/Best_model,1826908,9683968a33c32215bedc3314ec9af934133d07c96dcd5c33c82b52c149a9d53e
checkpoints/spatial_cv/2021_2022/STSMamba/seed_42/fold_2/Best_model,1826908,574569c1afe51313acfa4f7939776cdd7e39713595eda70e3d75ac300e95f253
checkpoints/spatial_cv/2021_2022/STSMamba/seed_42/fold_3/Best_model,1826908,a28fc28df25adf1e4e85dd8a1bf809ada4e39afeca8ecc6ffc1b47948e19d0a0
checkpoints/spatial_cv/2021_2022/STSMamba/seed_42/fold_4/Best_model,1826908,a406c7ece3631a3e9027bcf84d21635e7891e687c418a187b4b1674c2b13fdb6
checkpoints/spatial_cv/2021_2022/TempCNN/seed_2025/fold_0/Best_model,160354,178df84487112201eda39770411954732644d847c1c1b913b469b38e2c6b71bb
checkpoints/spatial_cv/2021_2022/TempCNN/seed_2025/fold_1/Best_model,160354,e707a0f40b6fe06ccf6178734ef7faaceaf189c686a1577ce169628b7a6f6dcf
checkpoints/spatial_cv/2021_2022/TempCNN/seed_2025/fold_2/Best_model,160354,22bfb870a35f676623f17c9faa7bf8fe9ee9cb1c778ec9aa819d2f11493c77fc
checkpoints/spatial_cv/2021_2022/TempCNN/seed_2025/fold_3/Best_model,160354,809532c458ebfde011b9d397d501d8288f81bd630037ce8451149020a35b2143
checkpoints/spatial_cv/2021_2022/TempCNN/seed_2025/fold_4/Best_model,160354,23bb4aa3b6d223ad1f07ea04cb394dd616fe58297860caa0d1b2e6e7cdaa6a2d
checkpoints/spatial_cv/2021_2022/TempCNN/seed_2026/fold_0/Best_model,160354,f5bd9bceb6e56e630ece7199662e38f4aeabcc61b718f35c306597c1b8dfeec1
checkpoints/spatial_cv/2021_2022/TempCNN/seed_2026/fold_1/Best_model,160354,860f36038c8a87d51e9007306f44974b38f714953ccb989ef51f7125282fd854
checkpoints/spatial_cv/2021_2022/TempCNN/seed_2026/fold_2/Best_model,160354,c9edb1ff6751513f13bbd5baaf114371179a656104fc1ec024d1d1fb5f703054
checkpoints/spatial_cv/2021_2022/TempCNN/seed_2026/fold_3/Best_model,160354,402e5545ea0c6633b6120fb730fdedb9778e7f9e022404c39bcd217e6495c600
checkpoints/spatial_cv/2021_2022/TempCNN/seed_2026/fold_4/Best_model,160354,dcac8b5364b941b55f952524dff0a14b25cf2ba5a4fa6602974a37d10d735048
checkpoints/spatial_cv/2021_2022/TempCNN/seed_2027/fold_0/Best_model,160354,bb9b87d91e6aec0b2b2dbee202c4c8815059c05586039b18c6804afccc41152d
checkpoints/spatial_cv/2021_2022/TempCNN/seed_2027/fold_1/Best_model,160354,197ba2309b605cbc670727f6230afe7deef350901dfc605a6556c850da3dbba8
checkpoints/spatial_cv/2021_2022/TempCNN/seed_2027/fold_2/Best_model,160354,c70d216e23640f1750d39fc18e82e12a5ad4906353456ea774d3c91b0d0e5c36
checkpoints/spatial_cv/2021_2022/TempCNN/seed_2027/fold_3/Best_model,160354,193f711848322daaddb96fcbcc8d5ef1714406d768f7191a6a823e1230f5884a
checkpoints/spatial_cv/2021_2022/TempCNN/seed_2027/fold_4/Best_model,160354,2274053d131e75734b15985b557788bd9836655e2500db13e8fb175e24d821fb
checkpoints/spatial_cv/2021_2022/TempCNN/seed_3407/fold_0/Best_model,160354,9c539e10340b9b1f188989690d7e7b0fa7c29dfb18bd5dae6e4f11bd57d48a09
checkpoints/spatial_cv/2021_2022/TempCNN/seed_3407/fold_1/Best_model,160354,64ccefaa1b867bb58ed18b2d2d1cafb2ffd11f90464dd68c7d2023a589aa8ea0
checkpoints/spatial_cv/2021_2022/TempCNN/seed_3407/fold_2/Best_model,160354,10f14558155dab54d978e6fe7c2adc7009031ed31a63f69d07e45d9dac9c0b75
checkpoints/spatial_cv/2021_2022/TempCNN/seed_3407/fold_3/Best_model,160354,9a6086289b7eb0e26fbe0d7c63445cc872b2a0d712cf14c27192241ded2c6e76
checkpoints/spatial_cv/2021_2022/TempCNN/seed_3407/fold_4/Best_model,160354,a1fd9efcf61995c701689f83418af98d58824542444f2aceb38cff4817c3645e
checkpoints/spatial_cv/2021_2022/TempCNN/seed_42/fold_0/Best_model,160354,9fd9c30f38782dd0d1fe5beb5d2d32ee36dc2d9f966e639bd658afb5bd25d2a3
checkpoints/spatial_cv/2021_2022/TempCNN/seed_42/fold_1/Best_model,160354,a65790373972c51cbd942f912606024a3982b373d31f89d3580dcd6d435e63bf
checkpoints/spatial_cv/2021_2022/TempCNN/seed_42/fold_2/Best_model,160354,6d752a9e00d7c89f8adc367f8f81c1b55aa37f6531750e5bc107451f50bdd4f5
checkpoints/spatial_cv/2021_2022/TempCNN/seed_42/fold_3/Best_model,160354,9d9704f9e6c13875f613a6b44a45ec0b848ba14d7c16180c3f627a8b0671d585
checkpoints/spatial_cv/2021_2022/TempCNN/seed_42/fold_4/Best_model,160354,495e3d562e98aff2f2460d1da3088d91f7263abce3600e481274edfe23c39d4c
checkpoints/spatial_cv/2021_2022/VanillaTransformer/seed_2025/fold_0/Best_model,285858,405dc20cfeee7fdf0ab0bffe5ed7d6a9d877f92e9e9f6e38c42849db7604ca1d
checkpoints/spatial_cv/2021_2022/VanillaTransformer/seed_2025/fold_1/Best_model,285858,08864141b8d377a1824c56a7d8e29aba318695222e08152c56edeabc0318ed11
checkpoints/spatial_cv/2021_2022/VanillaTransformer/seed_2025/fold_2/Best_model,285858,fce2fac12a06aa5d6ab546fa590be3097463189c8108879228439a7507e2cc8d
checkpoints/spatial_cv/2021_2022/VanillaTransformer/seed_2025/fold_3/Best_model,285858,2ca40c6e92ec661c0edb0074c190e90ac5bbb7334540fe7036e2511c9999c267
checkpoints/spatial_cv/2021_2022/VanillaTransformer/seed_2025/fold_4/Best_model,285858,d481575a8a47058f2d6f31082b3ea5a74701fc9ae21a84ce530db8398b9eb975
checkpoints/spatial_cv/2021_2022/VanillaTransformer/seed_2026/fold_0/Best_model,285858,1fe2f630e0fe2cf386ba346e1242f3db1e8105f3fc218c217c8f34b1ea7c09c9
checkpoints/spatial_cv/2021_2022/VanillaTransformer/seed_2026/fold_1/Best_model,285858,4f0ff6624259cb1f6709c748c722f93176c80808b5debb513221a28e436c2ff0
checkpoints/spatial_cv/2021_2022/VanillaTransformer/seed_2026/fold_2/Best_model,285858,4dfafa50eb9a73d536ffb11c950f86647e0b6eadc27145551740c40ec15178ce
checkpoints/spatial_cv/2021_2022/VanillaTransformer/seed_2026/fold_3/Best_model,285858,c91d6b4d25b5565d995d3c199bb06bf1663c188e7456edd2c9908fbc6a2a7ea2
checkpoints/spatial_cv/2021_2022/VanillaTransformer/seed_2026/fold_4/Best_model,285858,8ea36d2627065f9705f345df8a6d403b71db8bcb5aa84b93f37cfb9574237d44
checkpoints/spatial_cv/2021_2022/VanillaTransformer/seed_2027/fold_0/Best_model,285858,8899bbddf75d625228a91e981b766810075decd62c546f62f365b8e635864193
checkpoints/spatial_cv/2021_2022/VanillaTransformer/seed_2027/fold_1/Best_model,285858,1c5f914e6a28ce3b14499ff81f692a4a41fca18206187349b53ca5e4672659ce
checkpoints/spatial_cv/2021_2022/VanillaTransformer/seed_2027/fold_2/Best_model,285858,ed5ed9a845ce034f9dc5110cd9033fcc836f6c169fb755296c6400c97fd496f5
checkpoints/spatial_cv/2021_2022/VanillaTransformer/seed_2027/fold_3/Best_model,285858,8f7149b30a975fcd0163b8e2de18580d7019058e62249b9ea7db7814e063ed23
checkpoints/spatial_cv/2021_2022/VanillaTransformer/seed_2027/fold_4/Best_model,285858,004e7956a6c287e674d5eb01f613fcefadd8d03c7c5cd03faa65590e268a2bee
checkpoints/spatial_cv/2021_2022/VanillaTransformer/seed_3407/fold_0/Best_model,285858,b6377684c389b633bb778a28634162a9b1d2e75118267e17586c160c872a719d
checkpoints/spatial_cv/2021_2022/VanillaTransformer/seed_3407/fold_1/Best_model,285858,f56437de6730a9498d5a4a74ddb9365bbfbb0041ae7179592aab51ff610b05ed
checkpoints/spatial_cv/2021_2022/VanillaTransformer/seed_3407/fold_2/Best_model,285858,459c480cb208c37b42835f83d84c2e4bfbbdfcddd1b83a5f11b137833c5dcca9
checkpoints/spatial_cv/2021_2022/VanillaTransformer/seed_3407/fold_3/Best_model,285858,d4074465384503217798ecbe5721c5745ffe77530a420422c5873ac99e294c03
checkpoints/spatial_cv/2021_2022/VanillaTransformer/seed_3407/fold_4/Best_model,285858,f3c6394e4d371ba8f0c3b9cbdc31fddd6690c40610bcc2b686386726f2702463
checkpoints/spatial_cv/2021_2022/VanillaTransformer/seed_42/fold_0/Best_model,285858,b9a22d1a0ee9e852677da2efbeae987c4a0857f2ab1e35b94ab40d086a0a4706
checkpoints/spatial_cv/2021_2022/VanillaTransformer/seed_42/fold_1/Best_model,285858,d22645ef3af03a0572dc864cb72367640a02a701041addfe1421ac7ce6e60ef8
checkpoints/spatial_cv/2021_2022/VanillaTransformer/seed_42/fold_2/Best_model,285858,ac1c96ef5632e4daf0d7930fd7e9a1282da39db5468cba2d0b9454f2b6902171
checkpoints/spatial_cv/2021_2022/VanillaTransformer/seed_42/fold_3/Best_model,285858,0cfd3e6abde4c3c0151bbe54de78db182310b785e465147d6b62ea114dbfba04
checkpoints/spatial_cv/2021_2022/VanillaTransformer/seed_42/fold_4/Best_model,285858,7d72b71aa61a8eacbf05f28b674cd7ee54e00e9e0da2c6f37ce7a57643fa6441
checkpoints/spatial_cv/2021_2022/XGBoost/seed_2025/fold_0/Best_model,2902956,b6d92e05e6d9c36887f80b85207b212dba15c24f3999014316ba48689647fdb5
checkpoints/spatial_cv/2021_2022/XGBoost/seed_2025/fold_1/Best_model,2958060,45285de3e3b7590e7d3d5e29e035537d9b55670ba905ddbc8a2c083957874a7b
checkpoints/spatial_cv/2021_2022/XGBoost/seed_2025/fold_2/Best_model,2992940,53e8ce978c4ee86311b03e866c40b2045d8165b90cfba1d2be79cf475f52f273
checkpoints/spatial_cv/2021_2022/XGBoost/seed_2025/fold_3/Best_model,3058476,1cf407b78f24905fb864a2a1284ec11f9af7df3f4de70628e7ffc0d4310be717
checkpoints/spatial_cv/2021_2022/XGBoost/seed_2025/fold_4/Best_model,2959660,fc79fd5df8e65b82890cf95ed50a03a326facadbc935aa8a7862fb7bf215ab58
checkpoints/spatial_cv/2021_2022/XGBoost/seed_2026/fold_0/Best_model,2902956,b6d92e05e6d9c36887f80b85207b212dba15c24f3999014316ba48689647fdb5
checkpoints/spatial_cv/2021_2022/XGBoost/seed_2026/fold_1/Best_model,2958060,45285de3e3b7590e7d3d5e29e035537d9b55670ba905ddbc8a2c083957874a7b
checkpoints/spatial_cv/2021_2022/XGBoost/seed_2026/fold_2/Best_model,2992940,53e8ce978c4ee86311b03e866c40b2045d8165b90cfba1d2be79cf475f52f273
checkpoints/spatial_cv/2021_2022/XGBoost/seed_2026/fold_3/Best_model,3058476,1cf407b78f24905fb864a2a1284ec11f9af7df3f4de70628e7ffc0d4310be717
checkpoints/spatial_cv/2021_2022/XGBoost/seed_2026/fold_4/Best_model,2959660,fc79fd5df8e65b82890cf95ed50a03a326facadbc935aa8a7862fb7bf215ab58
checkpoints/spatial_cv/2021_2022/XGBoost/seed_2027/fold_0/Best_model,2902956,b6d92e05e6d9c36887f80b85207b212dba15c24f3999014316ba48689647fdb5
checkpoints/spatial_cv/2021_2022/XGBoost/seed_2027/fold_1/Best_model,2958060,45285de3e3b7590e7d3d5e29e035537d9b55670ba905ddbc8a2c083957874a7b
checkpoints/spatial_cv/2021_2022/XGBoost/seed_2027/fold_2/Best_model,2992940,53e8ce978c4ee86311b03e866c40b2045d8165b90cfba1d2be79cf475f52f273
checkpoints/spatial_cv/2021_2022/XGBoost/seed_2027/fold_3/Best_model,3058476,1cf407b78f24905fb864a2a1284ec11f9af7df3f4de70628e7ffc0d4310be717
checkpoints/spatial_cv/2021_2022/XGBoost/seed_2027/fold_4/Best_model,2959660,fc79fd5df8e65b82890cf95ed50a03a326facadbc935aa8a7862fb7bf215ab58
checkpoints/spatial_cv/2021_2022/XGBoost/seed_3407/fold_0/Best_model,2902956,b6d92e05e6d9c36887f80b85207b212dba15c24f3999014316ba48689647fdb5
checkpoints/spatial_cv/2021_2022/XGBoost/seed_3407/fold_1/Best_model,2958060,45285de3e3b7590e7d3d5e29e035537d9b55670ba905ddbc8a2c083957874a7b
checkpoints/spatial_cv/2021_2022/XGBoost/seed_3407/fold_2/Best_model,2992940,53e8ce978c4ee86311b03e866c40b2045d8165b90cfba1d2be79cf475f52f273
checkpoints/spatial_cv/2021_2022/XGBoost/seed_3407/fold_3/Best_model,3058476,1cf407b78f24905fb864a2a1284ec11f9af7df3f4de70628e7ffc0d4310be717
checkpoints/spatial_cv/2021_2022/XGBoost/seed_3407/fold_4/Best_model,2959660,fc79fd5df8e65b82890cf95ed50a03a326facadbc935aa8a7862fb7bf215ab58
checkpoints/spatial_cv/2021_2022/XGBoost/seed_42/fold_0/Best_model,2902956,b6d92e05e6d9c36887f80b85207b212dba15c24f3999014316ba48689647fdb5
checkpoints/spatial_cv/2021_2022/XGBoost/seed_42/fold_1/Best_model,2958060,45285de3e3b7590e7d3d5e29e035537d9b55670ba905ddbc8a2c083957874a7b
checkpoints/spatial_cv/2021_2022/XGBoost/seed_42/fold_2/Best_model,2992940,53e8ce978c4ee86311b03e866c40b2045d8165b90cfba1d2be79cf475f52f273
checkpoints/spatial_cv/2021_2022/XGBoost/seed_42/fold_3/Best_model,3058476,1cf407b78f24905fb864a2a1284ec11f9af7df3f4de70628e7ffc0d4310be717
checkpoints/spatial_cv/2021_2022/XGBoost/seed_42/fold_4/Best_model,2959660,fc79fd5df8e65b82890cf95ed50a03a326facadbc935aa8a7862fb7bf215ab58
checkpoints/spatial_cv/2025_2026/LSTM/seed_2025/fold_0/Best_model,151397,5e1328630f1c213aab44f9a017e55a626fcfd39e6140e5cdea2227bcfed1ac7c
checkpoints/spatial_cv/2025_2026/LSTM/seed_2025/fold_1/Best_model,151397,aa42586ac49a719cd7484a3f556742c2ca936fa2492079c408962c35758d2783
checkpoints/spatial_cv/2025_2026/LSTM/seed_2025/fold_2/Best_model,151397,e720ded9a63a491e0d75efbcf8985e201a617cf2b7cb4dfd120d4f49ee7c5a33
checkpoints/spatial_cv/2025_2026/LSTM/seed_2025/fold_3/Best_model,151397,73fa02471b189029664ba687320e2cda44766957979c4d61a65d959284156a06
checkpoints/spatial_cv/2025_2026/LSTM/seed_2025/fold_4/Best_model,151397,da2a1647a2ca9f51069c3764e20ee2b05d4fedafd9b8d0058c0bb416433545dd
checkpoints/spatial_cv/2025_2026/LSTM/seed_2026/fold_0/Best_model,151397,8f7787f4251e908392086c8ba633cd1c61bb700edc9a15737dfeed94c974b460
checkpoints/spatial_cv/2025_2026/LSTM/seed_2026/fold_1/Best_model,151397,6e3a0267f8d819b5a27368cadd380780628e24fcfb4f42299900483937a34d98
checkpoints/spatial_cv/2025_2026/LSTM/seed_2026/fold_2/Best_model,151397,411892620d6f4d4ff668e8ed62a542337c70a3ff01fd0caa2f103daa47495893
checkpoints/spatial_cv/2025_2026/LSTM/seed_2026/fold_3/Best_model,151397,e18f28484a2c5045e0b2870ea43553dbdb4e73c6e9e68e1f7ac7eca1a64d71c1
checkpoints/spatial_cv/2025_2026/LSTM/seed_2026/fold_4/Best_model,151397,724a862709df278db8632ca6c1afc10edeec7eb5a2d5a1742185bc017d988a37
checkpoints/spatial_cv/2025_2026/LSTM/seed_2027/fold_0/Best_model,151397,ba0519c0a9277b1d6dd3decf9ae655876263b340fdd39372ac401a8f86965cd7
checkpoints/spatial_cv/2025_2026/LSTM/seed_2027/fold_1/Best_model,151397,9c582e9d75a4534e946ed055d180aa014167f34f8050e7a5f2c7f2acf8de1de0
checkpoints/spatial_cv/2025_2026/LSTM/seed_2027/fold_2/Best_model,151397,d2970cc1cb03b4010c4a438bfd879c89db4592b8746c4bd5aa2ae8ed98a88bdd
checkpoints/spatial_cv/2025_2026/LSTM/seed_2027/fold_3/Best_model,151397,83b5bc838529ec0cfa3bfc4606acb9e3ab0a93559d4b3aa81135805214bb3190
checkpoints/spatial_cv/2025_2026/LSTM/seed_2027/fold_4/Best_model,151397,0a7fa313d3389b696c08b8f042dc11a4fe8177bb3cb49ab6dbf55deb569d5b8a
checkpoints/spatial_cv/2025_2026/LSTM/seed_3407/fold_0/Best_model,151397,6263dbb61400508ef2591c9142867cd0f90f212d98df47a1f01dca5049d65c2b
checkpoints/spatial_cv/2025_2026/LSTM/seed_3407/fold_1/Best_model,151397,cf7abd5666f8ca5debaba378612702a13ea20a04e53c3a89d0174b8089318a36
checkpoints/spatial_cv/2025_2026/LSTM/seed_3407/fold_2/Best_model,151397,89df17c8d99cb0b2e47ed4475eb258c24663bf35d2cafc5afeba8bbc698dbd4b
checkpoints/spatial_cv/2025_2026/LSTM/seed_3407/fold_3/Best_model,151397,838778ad9f0790533bd3024670927b54c216df94f6962cff5a861157dbdb0322
checkpoints/spatial_cv/2025_2026/LSTM/seed_3407/fold_4/Best_model,151397,45c9676c5ca4fc395b56ca23d0bf97dfef949d2b5cb3fbec50f45549691b49be
checkpoints/spatial_cv/2025_2026/LSTM/seed_42/fold_0/Best_model,151397,7b6b5bf04f51c0475df5b4943a6fefef8c9427f6f37b28dab39e3a9a8799f815
checkpoints/spatial_cv/2025_2026/LSTM/seed_42/fold_1/Best_model,151397,372a92a81df333c667b50b6bebbb20340c2431d723cd831b2d1a576e6110d6c4
checkpoints/spatial_cv/2025_2026/LSTM/seed_42/fold_2/Best_model,151397,ef2787114b942764423282a99142198730098cf22495a65b1724534643476c96
checkpoints/spatial_cv/2025_2026/LSTM/seed_42/fold_3/Best_model,151397,db20334a87843bb21bccff7657c17ddd66e198f24c012df191a5b7edca77aeef
checkpoints/spatial_cv/2025_2026/LSTM/seed_42/fold_4/Best_model,151397,53e382653e9306ce91971a0f8e5f1b99830fff6a3c55e169f6d655e9ab7451be
checkpoints/spatial_cv/2025_2026/STSMamba/seed_2025/fold_0/Best_model,1826908,5de429e20c192ebd4e2783f5ed074b8902eeefa5869bafb0c2ff163fc2cb695f
checkpoints/spatial_cv/2025_2026/STSMamba/seed_2025/fold_1/Best_model,1826908,db83c0e43a34536d88f96d7a4f69d21ad0b4843bada7b0dbdf4f23bc42f33fa8
checkpoints/spatial_cv/2025_2026/STSMamba/seed_2025/fold_2/Best_model,1826908,c61583089dc4b92aedb3dc1d8b21303edaa91b77dbda58f5e7e4179a59696cbe
checkpoints/spatial_cv/2025_2026/STSMamba/seed_2025/fold_3/Best_model,1826908,8c230a678c47b8f75a21c33298aeab6df78f2fc0ea729af72bed63ddbe4fb946
checkpoints/spatial_cv/2025_2026/STSMamba/seed_2025/fold_4/Best_model,1826908,26433ea093f4b99e08e5d172178119677e7ca5e32ed6b51a05746761f7809d7c
checkpoints/spatial_cv/2025_2026/STSMamba/seed_2026/fold_0/Best_model,1826908,79b6852fe5293893c10be684139485859ecbeab3c47aacad128b0bf716f05099
checkpoints/spatial_cv/2025_2026/STSMamba/seed_2026/fold_1/Best_model,1826908,f97b16cb8eb47045fbba2318c7ee1199cc955801eee482468a8b4626a65d058e
checkpoints/spatial_cv/2025_2026/STSMamba/seed_2026/fold_2/Best_model,1826908,afc01ba682bb488b11add77a8ef5473d5d7e4d4223b305d0e032ca072558068b
checkpoints/spatial_cv/2025_2026/STSMamba/seed_2026/fold_3/Best_model,1826908,ff92dc109d9d7e33768573347563a0aafc525bc9f8d2bb85458cced208da3b16
checkpoints/spatial_cv/2025_2026/STSMamba/seed_2026/fold_4/Best_model,1826908,32b6b7aee7b1032a4dc96aa4cf115e5477bb5a4c07a0ad4b9ecb55ba1e6dc7cb
checkpoints/spatial_cv/2025_2026/STSMamba/seed_2027/fold_0/Best_model,1826908,91693c37eb2426d28743562295065edfbae396e26eeb855f82a9df0419f2b11f
checkpoints/spatial_cv/2025_2026/STSMamba/seed_2027/fold_1/Best_model,1826908,9daee89eab887433ab8e53274861018041237fde59ebca7cee70aaa2880eed5b
checkpoints/spatial_cv/2025_2026/STSMamba/seed_2027/fold_2/Best_model,1826908,9101c3ce47d932e53926c70cc9f1776184d70e7205b366f460c0993197e739df
checkpoints/spatial_cv/2025_2026/STSMamba/seed_2027/fold_3/Best_model,1826908,b1f0d8a6cfca75a22b8190513694befe890641e821f45ef947a203afe9901430
checkpoints/spatial_cv/2025_2026/STSMamba/seed_2027/fold_4/Best_model,1826908,46b75e69f5cc00bd3d8687ae244fcbd4edbefbf26b8fdd80bf09481678b1e12e
checkpoints/spatial_cv/2025_2026/STSMamba/seed_3407/fold_0/Best_model,1826908,8b9e21906149eee5fc97b445c89ddd45abcccc5026885cef2ba543931d709efc
checkpoints/spatial_cv/2025_2026/STSMamba/seed_3407/fold_1/Best_model,1826908,11e8d6f6453d0d69d063cd95036a6649971ac1356081030f2471b27fc7b58c2c
checkpoints/spatial_cv/2025_2026/STSMamba/seed_3407/fold_2/Best_model,1826908,15cc6ea37280083c97b6517f51f79d4dbc2a45eb0435f42f0318f9c6a232f15b
checkpoints/spatial_cv/2025_2026/STSMamba/seed_3407/fold_3/Best_model,1826908,b78f527bd6707eb25e7d59c066234204e42b819bd0db9418eb300a5ea960e12e
checkpoints/spatial_cv/2025_2026/STSMamba/seed_3407/fold_4/Best_model,1826908,306a5e8f07a18ebb852ff80b95d8ab40952d76ce5409f738455154a50f9ad963
checkpoints/spatial_cv/2025_2026/STSMamba/seed_42/fold_0/Best_model,1826908,47b1f3a04d1fda75de74db0c75bbf9faf94aa733fea56fb7acffc719b73ba3f5
checkpoints/spatial_cv/2025_2026/STSMamba/seed_42/fold_1/Best_model,1826908,ad24e0c3dbd98fec8c06abf6b640b7efecbad39492ed78c19acfb67af1fda936
checkpoints/spatial_cv/2025_2026/STSMamba/seed_42/fold_2/Best_model,1826908,ba31d675b92ccf57a56e4895d02ae054f8d17b7a432a45923c52e73a3fb914b6
checkpoints/spatial_cv/2025_2026/STSMamba/seed_42/fold_3/Best_model,1826908,e1c80c462d9aac921d93094e2386207edf39a13f6b4988712c5193377d7d10b6
checkpoints/spatial_cv/2025_2026/STSMamba/seed_42/fold_4/Best_model,1826908,c844e9f45485f756ab1fd60ce6773ca6a4efaaec913f4a26c45d384d1aa4ab9b
checkpoints/spatial_cv/2025_2026/TempCNN/seed_2025/fold_0/Best_model,160354,dca003de7ea696a6e89e169e16ccd7393ad6e04cb0e4c6fcf2ce38da76a47d91
checkpoints/spatial_cv/2025_2026/TempCNN/seed_2025/fold_1/Best_model,160354,4930ed0871ea2258b60127f5df6f054d107181c3c24ce12b8ddb7c2327eb0f95
checkpoints/spatial_cv/2025_2026/TempCNN/seed_2025/fold_2/Best_model,160354,dff698bed793f09502fe4cad5b0916d270b09fe8f1c8b13bc0a94d9e56a6bb02
checkpoints/spatial_cv/2025_2026/TempCNN/seed_2025/fold_3/Best_model,160354,af47eb3c70a0022db1cdb95f9a8e32700f1b5ef59a9bf4e1730607b78c915b62
checkpoints/spatial_cv/2025_2026/TempCNN/seed_2025/fold_4/Best_model,160354,806a607255c51500a4eaceaea583d1bb232ca6fc603da49dfc35b8a1d3e95d88
checkpoints/spatial_cv/2025_2026/TempCNN/seed_2026/fold_0/Best_model,160354,da9d50ad9bc0e006730af1b09e820acb7c45ed438e0dcc99aaab03c08aca86cc
checkpoints/spatial_cv/2025_2026/TempCNN/seed_2026/fold_1/Best_model,160354,26a6a5e8c52eff0c0753fae6b689e0596be5923eec5910fb7db67e334526a491
checkpoints/spatial_cv/2025_2026/TempCNN/seed_2026/fold_2/Best_model,160354,279620dbfc50e04f90efa8610acb4e1016247f9ab105e8ba6ea3621598d56aa6
checkpoints/spatial_cv/2025_2026/TempCNN/seed_2026/fold_3/Best_model,160354,f03042cc27b33f24c97a549d576e0ee3bab1ea48d6278388368405526067ddb1
checkpoints/spatial_cv/2025_2026/TempCNN/seed_2026/fold_4/Best_model,160354,7b687971a0032d590138fcba91d57097ea49c3af4ba1c4816f0df31f58746932
checkpoints/spatial_cv/2025_2026/TempCNN/seed_2027/fold_0/Best_model,160354,28171af04ce6e966dd0e66fd5d273d52e20ed1841660df9ce4723a8e75807f35
checkpoints/spatial_cv/2025_2026/TempCNN/seed_2027/fold_1/Best_model,160354,f4fd87ea5025407212112842ccac907ede3c1fac0ad01c4476b3cc2f59177523
checkpoints/spatial_cv/2025_2026/TempCNN/seed_2027/fold_2/Best_model,160354,1acc55e8be0f589dfeebbeac7df1f831a4c56472a8e32032fd4831d4429912db
checkpoints/spatial_cv/2025_2026/TempCNN/seed_2027/fold_3/Best_model,160354,f4d3b7057e2d8e7121e7ac279c19cdff0e394e01b303de57317155494d2b7531
checkpoints/spatial_cv/2025_2026/TempCNN/seed_2027/fold_4/Best_model,160354,a2300c3d2f9ced4a7d92f7b166ddba5b7c8e2a98553563f1121c8f405ac9d174
checkpoints/spatial_cv/2025_2026/TempCNN/seed_3407/fold_0/Best_model,160354,77911710929023b3c1fe922da40572b6fdd38f0c52ac76a78d119ad584a331d1
checkpoints/spatial_cv/2025_2026/TempCNN/seed_3407/fold_1/Best_model,160354,459ae69a644f99e79cb18949fb862c36dfe91109cf42e91cb51e85898e615083
checkpoints/spatial_cv/2025_2026/TempCNN/seed_3407/fold_2/Best_model,160354,1f05b427b032eca4a8cfc307a75649329f9cf56b0177a19147849557d360853a
checkpoints/spatial_cv/2025_2026/TempCNN/seed_3407/fold_3/Best_model,160354,7b8a5c1fec5c4772c253353891dacb9038d13cafd857e3b24e7f73d8413de911
checkpoints/spatial_cv/2025_2026/TempCNN/seed_3407/fold_4/Best_model,160354,e7e0ae1cf50aaa5048a43f069764b55898c10baaed5e3369bcfe4f6d07e017a5
checkpoints/spatial_cv/2025_2026/TempCNN/seed_42/fold_0/Best_model,160354,933d3477591eb5086c59abf337e8229a30e8fefbe6be6c31ec8515bbd7a017c1
checkpoints/spatial_cv/2025_2026/TempCNN/seed_42/fold_1/Best_model,160354,fb301baa6e289fae00081ccf11d906e0f34fbc4f6873d870b53d87d13a56227d
checkpoints/spatial_cv/2025_2026/TempCNN/seed_42/fold_2/Best_model,160354,81046c97f57cc1a24d86bf0474ced9d5298c4c8c318aab13cb9c59ca17a93ebf
checkpoints/spatial_cv/2025_2026/TempCNN/seed_42/fold_3/Best_model,160354,f1295a14a1c7b6b0791f86356a347e8f57a13c53f8cbb0e6b6ca72c303925d6b
checkpoints/spatial_cv/2025_2026/TempCNN/seed_42/fold_4/Best_model,160354,9e397f13f7909bcd642b4122d50c0c9520ebebba55db9137351e9c0c92942608
checkpoints/spatial_cv/2025_2026/VanillaTransformer/seed_2025/fold_0/Best_model,285858,e9b8a71c84a3ef648fb1ad1b7c1a4c8b4c1bcd75f2aca6d1fe6156a8df860efb
checkpoints/spatial_cv/2025_2026/VanillaTransformer/seed_2025/fold_1/Best_model,285858,00742307134ed1cd44ebdc844425a23476ef10bee3b8d14445c4299de2c43c45
checkpoints/spatial_cv/2025_2026/VanillaTransformer/seed_2025/fold_2/Best_model,285858,9ce9a56c801fdab8d04246023969425ace666d73567ea5d7da132bb67283edfe
checkpoints/spatial_cv/2025_2026/VanillaTransformer/seed_2025/fold_3/Best_model,285858,91f88df542a1e25b8762e92a74b60b4f0a248d04907657f671c9b980388af19b
checkpoints/spatial_cv/2025_2026/VanillaTransformer/seed_2025/fold_4/Best_model,285858,1b06f2ac1e0088e20f9611c431ac0207aa65ec519598ba6fd265c271fa4d7713
checkpoints/spatial_cv/2025_2026/VanillaTransformer/seed_2026/fold_0/Best_model,285858,e60cee623000085dd271ee9ec1f758801d45fb139d4bbb6cd6a1fa43bfd5c492
checkpoints/spatial_cv/2025_2026/VanillaTransformer/seed_2026/fold_1/Best_model,285858,25c035e9836637bb1e365c7a0c4467848ebcd1c03c7a8392a719b0fd7a0456bc
checkpoints/spatial_cv/2025_2026/VanillaTransformer/seed_2026/fold_2/Best_model,285858,d574d38cbdac7a8bf4ce5b255bdc2e92c68601c5b056d159c13a3233038a7e65
checkpoints/spatial_cv/2025_2026/VanillaTransformer/seed_2026/fold_3/Best_model,285858,8f8cad218564ac7e074e585f704d255854bcbc23ec509721932f7779624f3815
checkpoints/spatial_cv/2025_2026/VanillaTransformer/seed_2026/fold_4/Best_model,285858,92cfb83a2a48df6c8178e25296a6a7ca02696b4f85051eb9d726bf311fc454f0
checkpoints/spatial_cv/2025_2026/VanillaTransformer/seed_2027/fold_0/Best_model,285858,3e643121341b62172533732e7a023ad78e83dc0b83f35d707686f6bc7fc9a58d
checkpoints/spatial_cv/2025_2026/VanillaTransformer/seed_2027/fold_1/Best_model,285858,a2eba32bba208fb196eb575009e154ac275c0384904ed11a4a3d78b1b0851cc0
checkpoints/spatial_cv/2025_2026/VanillaTransformer/seed_2027/fold_2/Best_model,285858,c8183df5156c29a630c2177dc846d23e43676897ccd98c01fd6f0932da1b8595
checkpoints/spatial_cv/2025_2026/VanillaTransformer/seed_2027/fold_3/Best_model,285858,8fa90729c5eef7c2a0afb9a63185a9fa980333ec136f809470b8210cef40f03c
checkpoints/spatial_cv/2025_2026/VanillaTransformer/seed_2027/fold_4/Best_model,285858,cb3856b715e50fd35a0e98634797331e80ec7c69f59bf494e4bce7a480f791b3
checkpoints/spatial_cv/2025_2026/VanillaTransformer/seed_3407/fold_0/Best_model,285858,022b417f117a78dbcf5d2329d0d4d7d38bf39c670822f878cd032b769f9dd4a7
checkpoints/spatial_cv/2025_2026/VanillaTransformer/seed_3407/fold_1/Best_model,285858,6ca252981d85e7d5ba0b02bec0a2b51bc979e4b0e29d6a35d154007db0f8aed0
checkpoints/spatial_cv/2025_2026/VanillaTransformer/seed_3407/fold_2/Best_model,285858,8b136f2d78add004d66ae5a34e25dc75eb1fa3f4997b4bad3d52e63853979aa8
checkpoints/spatial_cv/2025_2026/VanillaTransformer/seed_3407/fold_3/Best_model,285858,4bc2404e4796db9e3d4619b819f7d82e4c8d24c6ea6ff026c2f51b66b6a769ae
checkpoints/spatial_cv/2025_2026/VanillaTransformer/seed_3407/fold_4/Best_model,285858,5cbc070c35394ec222b35981632d49ac01513fa120806455472619c443b5c99a
checkpoints/spatial_cv/2025_2026/VanillaTransformer/seed_42/fold_0/Best_model,285858,a8b88302ec9628263fa1ba86aaa8f4c1353e7ad16a7c9f5470ca22bd235727b5
checkpoints/spatial_cv/2025_2026/VanillaTransformer/seed_42/fold_1/Best_model,285858,8e4d496d6538415fb14b642d73fcae2d3e9713e46b63b7edacb2f4be906d15c3
checkpoints/spatial_cv/2025_2026/VanillaTransformer/seed_42/fold_2/Best_model,285858,a34887f42aa215eb11fe8feb8e15507370fbfecff9a36e7f23a36d882ce344b7
checkpoints/spatial_cv/2025_2026/VanillaTransformer/seed_42/fold_3/Best_model,285858,44088c54f3017ed083a123a2d57cb11d66ef1e2ff15386a86f42935052595c10
checkpoints/spatial_cv/2025_2026/VanillaTransformer/seed_42/fold_4/Best_model,285858,335282466f54075868a901457ca235352571dfbdae932b1dc494e11634e9badd
checkpoints/spatial_cv/2025_2026/XGBoost/seed_2025/fold_0/Best_model,4790188,6eacb9e6a1d7ba4609d25e876bc645997646e57426bee1350d83ba025fb988c7
checkpoints/spatial_cv/2025_2026/XGBoost/seed_2025/fold_1/Best_model,4852588,599aaf5ee8eddd528e02211144cb44fd16f0cb7c7405f5687cf62f595a6ae7a8
checkpoints/spatial_cv/2025_2026/XGBoost/seed_2025/fold_2/Best_model,4732972,f8303a24bc7865415a9ea79f99fea5f9dfbfdc0a86465c807b8f24959ac10dfb
checkpoints/spatial_cv/2025_2026/XGBoost/seed_2025/fold_3/Best_model,4098540,f087d00f5fc17ba615a8a9770f3a346ba82bf54a009947790deb297b010c77d9
checkpoints/spatial_cv/2025_2026/XGBoost/seed_2025/fold_4/Best_model,4680684,6575d91c894ba4212a5d80881c12ece164488a24a41aee1d0538bed68e53d793
checkpoints/spatial_cv/2025_2026/XGBoost/seed_2026/fold_0/Best_model,4790188,6eacb9e6a1d7ba4609d25e876bc645997646e57426bee1350d83ba025fb988c7
checkpoints/spatial_cv/2025_2026/XGBoost/seed_2026/fold_1/Best_model,4852588,599aaf5ee8eddd528e02211144cb44fd16f0cb7c7405f5687cf62f595a6ae7a8
checkpoints/spatial_cv/2025_2026/XGBoost/seed_2026/fold_2/Best_model,4732972,f8303a24bc7865415a9ea79f99fea5f9dfbfdc0a86465c807b8f24959ac10dfb
checkpoints/spatial_cv/2025_2026/XGBoost/seed_2026/fold_3/Best_model,4098540,f087d00f5fc17ba615a8a9770f3a346ba82bf54a009947790deb297b010c77d9
checkpoints/spatial_cv/2025_2026/XGBoost/seed_2026/fold_4/Best_model,4680684,6575d91c894ba4212a5d80881c12ece164488a24a41aee1d0538bed68e53d793
checkpoints/spatial_cv/2025_2026/XGBoost/seed_2027/fold_0/Best_model,4790188,6eacb9e6a1d7ba4609d25e876bc645997646e57426bee1350d83ba025fb988c7
checkpoints/spatial_cv/2025_2026/XGBoost/seed_2027/fold_1/Best_model,4852588,599aaf5ee8eddd528e02211144cb44fd16f0cb7c7405f5687cf62f595a6ae7a8
checkpoints/spatial_cv/2025_2026/XGBoost/seed_2027/fold_2/Best_model,4732972,f8303a24bc7865415a9ea79f99fea5f9dfbfdc0a86465c807b8f24959ac10dfb
checkpoints/spatial_cv/2025_2026/XGBoost/seed_2027/fold_3/Best_model,4098540,f087d00f5fc17ba615a8a9770f3a346ba82bf54a009947790deb297b010c77d9
checkpoints/spatial_cv/2025_2026/XGBoost/seed_2027/fold_4/Best_model,4680684,6575d91c894ba4212a5d80881c12ece164488a24a41aee1d0538bed68e53d793
checkpoints/spatial_cv/2025_2026/XGBoost/seed_3407/fold_0/Best_model,4790188,6eacb9e6a1d7ba4609d25e876bc645997646e57426bee1350d83ba025fb988c7
checkpoints/spatial_cv/2025_2026/XGBoost/seed_3407/fold_1/Best_model,4852588,599aaf5ee8eddd528e02211144cb44fd16f0cb7c7405f5687cf62f595a6ae7a8
checkpoints/spatial_cv/2025_2026/XGBoost/seed_3407/fold_2/Best_model,4732972,f8303a24bc7865415a9ea79f99fea5f9dfbfdc0a86465c807b8f24959ac10dfb
checkpoints/spatial_cv/2025_2026/XGBoost/seed_3407/fold_3/Best_model,4098540,f087d00f5fc17ba615a8a9770f3a346ba82bf54a009947790deb297b010c77d9
checkpoints/spatial_cv/2025_2026/XGBoost/seed_3407/fold_4/Best_model,4680684,6575d91c894ba4212a5d80881c12ece164488a24a41aee1d0538bed68e53d793
checkpoints/spatial_cv/2025_2026/XGBoost/seed_42/fold_0/Best_model,4790188,6eacb9e6a1d7ba4609d25e876bc645997646e57426bee1350d83ba025fb988c7
checkpoints/spatial_cv/2025_2026/XGBoost/seed_42/fold_1/Best_model,4852588,599aaf5ee8eddd528e02211144cb44fd16f0cb7c7405f5687cf62f595a6ae7a8
checkpoints/spatial_cv/2025_2026/XGBoost/seed_42/fold_2/Best_model,4732972,f8303a24bc7865415a9ea79f99fea5f9dfbfdc0a86465c807b8f24959ac10dfb
checkpoints/spatial_cv/2025_2026/XGBoost/seed_42/fold_3/Best_model,4098540,f087d00f5fc17ba615a8a9770f3a346ba82bf54a009947790deb297b010c77d9
checkpoints/spatial_cv/2025_2026/XGBoost/seed_42/fold_4/Best_model,4680684,6575d91c894ba4212a5d80881c12ece164488a24a41aee1d0538bed68e53d793
checkpoints/temporal/2021_2022_to_2025_2026/LSTM/seed_2025/Best_model,151397,aa0e0b4d807e98015c20e0885eadb63a94df971c55a2528749734310a25ee029
checkpoints/temporal/2021_2022_to_2025_2026/LSTM/seed_2026/Best_model,151397,b8695328a0450d3b6211e27777df71b45688e227be316ea3dccbca57275e1c94
checkpoints/temporal/2021_2022_to_2025_2026/LSTM/seed_2027/Best_model,151397,a1b23296c7a22a8ccf6d712135f5705d60e870b78603c4ddf8cc79aa1ab4aa00
checkpoints/temporal/2021_2022_to_2025_2026/LSTM/seed_3407/Best_model,151397,e6ccba4db015871804364f8b41e42cb6ddfcdc5326e1943ec12e6692364c9b76
checkpoints/temporal/2021_2022_to_2025_2026/LSTM/seed_42/Best_model,151397,b075e70b381a7904c61eb4febd740226b595242ec61ba4d99c18eb390d519f36
checkpoints/temporal/2021_2022_to_2025_2026/STSMamba/seed_2025/Best_model,1826908,9516f6e8de6a9b9ff92a5b5899287e7feba21f4b2c832583641dcd800c67e9a2
checkpoints/temporal/2021_2022_to_2025_2026/STSMamba/seed_2026/Best_model,1826908,5f898affa1ad4db4c026a375b72658020005e8f7f5b7f18e429ea3ad85c33c62
checkpoints/temporal/2021_2022_to_2025_2026/STSMamba/seed_2027/Best_model,1826908,0943d1c0d5fe2e9cd71ae6d6991f3e04d2db94376ad1f558cd381ac6b9116674
checkpoints/temporal/2021_2022_to_2025_2026/STSMamba/seed_3407/Best_model,1826908,12811da4de7800e48f7636d45e6293e29f5d90adb7f0ada416f19d1932ddf7e3
checkpoints/temporal/2021_2022_to_2025_2026/STSMamba/seed_42/Best_model,1826908,0e2534fe25b2835f44f9127946e44a0ea40baafc43d2a5e50f45b404b74c8b24
checkpoints/temporal/2021_2022_to_2025_2026/TempCNN/seed_2025/Best_model,160354,e7c8be657a06bd623194009f9879ab9c990f5ed36b1ad27b3f4441b74543b530
checkpoints/temporal/2021_2022_to_2025_2026/TempCNN/seed_2026/Best_model,160354,763c91943ae9b972b16ba8d8e7a13c0fb96dc5ad65156da6aeba324d1f29c5a7
checkpoints/temporal/2021_2022_to_2025_2026/TempCNN/seed_2027/Best_model,160354,9987f1bfc20314bdceae7d45bb3b810259faa0dbb41a4560f8335b4361eab163
checkpoints/temporal/2021_2022_to_2025_2026/TempCNN/seed_3407/Best_model,160354,4f72a5e350ac87e67ec4700155b81050b8af6893e33b511bf48e0812352c5764
checkpoints/temporal/2021_2022_to_2025_2026/TempCNN/seed_42/Best_model,160354,dbad334e1d1a81d22cc0dab700e1e92790a5a2f4dae32cf6cbad4665bf725990
checkpoints/temporal/2021_2022_to_2025_2026/VanillaTransformer/seed_2025/Best_model,285858,237c073421dfb6dafc3fea738fba1c4a17583cc77c938a144ff3307bfb3a6753
checkpoints/temporal/2021_2022_to_2025_2026/VanillaTransformer/seed_2026/Best_model,285858,2f9b008df636f69be9f48c200cf16ddb1d17975264b35bf0af556f47379f660c
checkpoints/temporal/2021_2022_to_2025_2026/VanillaTransformer/seed_2027/Best_model,285858,b048de44829d3b4fb8f4f8b3b2fd924466d6143ea64619b63193c795a1a380f4
checkpoints/temporal/2021_2022_to_2025_2026/VanillaTransformer/seed_3407/Best_model,285858,24f1402ca410a62538ed7065f96012135c18aa41b864ac2cbf1977ae54218c99
checkpoints/temporal/2021_2022_to_2025_2026/VanillaTransformer/seed_42/Best_model,285858,1ac1f5a0ce67da75787e14762aa1150c7fe8f6a37873015fd27c1278b550998c
checkpoints/temporal/2021_2022_to_2025_2026/XGBoost/seed_2025/Best_model,3297260,0ebeb400f44e5fa1db2a7c862c82245e72449320173696a7d47bda82e3d0e24b
checkpoints/temporal/2021_2022_to_2025_2026/XGBoost/seed_2026/Best_model,3297260,0ebeb400f44e5fa1db2a7c862c82245e72449320173696a7d47bda82e3d0e24b
checkpoints/temporal/2021_2022_to_2025_2026/XGBoost/seed_2027/Best_model,3297260,0ebeb400f44e5fa1db2a7c862c82245e72449320173696a7d47bda82e3d0e24b
checkpoints/temporal/2021_2022_to_2025_2026/XGBoost/seed_3407/Best_model,3297260,0ebeb400f44e5fa1db2a7c862c82245e72449320173696a7d47bda82e3d0e24b
checkpoints/temporal/2021_2022_to_2025_2026/XGBoost/seed_42/Best_model,3297260,0ebeb400f44e5fa1db2a7c862c82245e72449320173696a7d47bda82e3d0e24b
checkpoints/temporal/2025_2026_to_2021_2022/LSTM/seed_2025/Best_model,151397,f0aea3f1534c0e6700b89b87470c3c123cdf2fdd45f00897e68d1854e8eda27c
checkpoints/temporal/2025_2026_to_2021_2022/LSTM/seed_2026/Best_model,151397,dff83fb23a28a82d421fe95168a1d12528f52565f6ec12180bbba0a68e6f364b
checkpoints/temporal/2025_2026_to_2021_2022/LSTM/seed_2027/Best_model,151397,a5de5ddfb3246a6b2806ca0b5f5ac89a8aa23156a08ad2700605d1aff683c998
checkpoints/temporal/2025_2026_to_2021_2022/LSTM/seed_3407/Best_model,151397,82c22f23c8db2c581ff4c41858a497f2119f1f311b6ecc924c1dadfe037f67cf
checkpoints/temporal/2025_2026_to_2021_2022/LSTM/seed_42/Best_model,151397,2a985d517457d71f40f9d2655b4d620ef07636b1be03f8e0853dcc2b8ed85ba6
checkpoints/temporal/2025_2026_to_2021_2022/STSMamba/seed_2025/Best_model,1826908,7b3b45914bafbb26dec760be1abd133860164bb18741a7c203b670867a99976d
checkpoints/temporal/2025_2026_to_2021_2022/STSMamba/seed_2026/Best_model,1826908,e35c7dadb85dd723b17f1bdced35d47766f04f52792b0d6e90cc29673d7101c7
checkpoints/temporal/2025_2026_to_2021_2022/STSMamba/seed_2027/Best_model,1826908,02b84569ec1be27066e613722b218d93e9d1ac49618d2c001cb34aee791bf7a5
checkpoints/temporal/2025_2026_to_2021_2022/STSMamba/seed_3407/Best_model,1826908,c9cac1f2d44ad46eb297e8d50805bba3a97a16389746278ecca2ebe75fe55e66
checkpoints/temporal/2025_2026_to_2021_2022/STSMamba/seed_42/Best_model,1826908,ff2c4e22dcf697451ad1d3a3b47f98f7bb1f03c14d087af1b927c2150a9b7bf9
checkpoints/temporal/2025_2026_to_2021_2022/TempCNN/seed_2025/Best_model,160354,07eaad266b6f91dde502b5390c1ea935b8dbd795a404af4b66568be2cc5f0333
checkpoints/temporal/2025_2026_to_2021_2022/TempCNN/seed_2026/Best_model,160354,b0f0e8bbffb54b03f4a162bea58a5b3c2165cc538ce58f0667d9b7df43d94a62
checkpoints/temporal/2025_2026_to_2021_2022/TempCNN/seed_2027/Best_model,160354,36bda76d57874eead8b623b99f1c1ad7cf809b6a487b48f55143c58aa6615435
checkpoints/temporal/2025_2026_to_2021_2022/TempCNN/seed_3407/Best_model,160354,322379771bef8334ac9261d9284263a49a572becb5470c13f2d5f0f0d9787b3c
checkpoints/temporal/2025_2026_to_2021_2022/TempCNN/seed_42/Best_model,160354,980875369e9b78db9ec270ed58a637b6e678ebc423a64fc495e82a21f11f621f
checkpoints/temporal/2025_2026_to_2021_2022/VanillaTransformer/seed_2025/Best_model,285858,bbe2933b2f44a48cee5bca6c4e6abf7d2c7aa99f9a57883fdd490c4b688caaa1
checkpoints/temporal/2025_2026_to_2021_2022/VanillaTransformer/seed_2026/Best_model,285858,8f21fbadbda78d5afc0c246e463715ff1d5570cbc277cd848f020703aeee5d47
checkpoints/temporal/2025_2026_to_2021_2022/VanillaTransformer/seed_2027/Best_model,285858,e97f431927ba6d42b1ffcbee0718d7f2aa11265a405b30dc3155985dd56b76ee
checkpoints/temporal/2025_2026_to_2021_2022/VanillaTransformer/seed_3407/Best_model,285858,ec8f6fdb4388694c57f2f328fe7e1f9418e7aa6243dea830fea41bcd2f9dd826
checkpoints/temporal/2025_2026_to_2021_2022/VanillaTransformer/seed_42/Best_model,285858,6029fde730c303987ade2e24bcb3e11533eb06abfc8bbb1d9cec396e3d38a978
checkpoints/temporal/2025_2026_to_2021_2022/XGBoost/seed_2025/Best_model,5248684,f992c7f2cd91670f757a44dc587e7c2baf57856213ac6b14b8ef6a99a5e7f7c9
checkpoints/temporal/2025_2026_to_2021_2022/XGBoost/seed_2026/Best_model,5248684,f992c7f2cd91670f757a44dc587e7c2baf57856213ac6b14b8ef6a99a5e7f7c9
checkpoints/temporal/2025_2026_to_2021_2022/XGBoost/seed_2027/Best_model,5248684,f992c7f2cd91670f757a44dc587e7c2baf57856213ac6b14b8ef6a99a5e7f7c9
checkpoints/temporal/2025_2026_to_2021_2022/XGBoost/seed_3407/Best_model,5248684,f992c7f2cd91670f757a44dc587e7c2baf57856213ac6b14b8ef6a99a5e7f7c9
checkpoints/temporal/2025_2026_to_2021_2022/XGBoost/seed_42/Best_model,5248684,f992c7f2cd91670f757a44dc587e7c2baf57856213ac6b14b8ef6a99a5e7f7c9
data/raw/image/2021-2022/S1S2_Fusion_2021_2022.tif,8363030072,5b70a43729b5e536f17a458df856f702bf37775eecf6e37b57a5c574265d5916
data/raw/image/2021-2022/S1S2_Fusion_2021_2022.tif.ovr,451761711,d2813cd5b068b9cbd36d9962a1b514d6f2ca97631946d0a7ac95a908eed52618
data/raw/image/2025-2026/Fusion_202511_202605.tif,8479660403,2f439d2488d6fb415eb162618c41349624d21dd4058831f19f9e827fd7c2ce8a
data/raw/image/2025-2026/Fusion_202511_202605.tif.aux.xml,138026,968fcbb1a03e2651e483cac6d0c0cdebbbe6c2719ee9d25b58a5d0fe9faa57c1
data/raw/image/2025-2026/Fusion_202511_202605.tif.ovr,478391795,7aded92b46590af291bbe2f6cabb81928ddb8ab9ab339eaadc8c182d19b5319a
data/raw/image/2025-2026/Fusion_202511_202605.tif.xml,867,780a8b452c668e66dac2f9e7a5c78b53bd2d8915c738173067240bb9cbafe888
data/raw/image/2025-2026/Fusion_202511_202605_parcel_mask.tif,8862059,4903abc520d81f415a439e2f237a58f1850019ca335b010dcab1a9cc74261dd4
data/raw/image/2025-2026/Fusion_202511_202605_parcel_mask.tif.aux.xml,3197,6ece9d4fe368530408712b613901c6fc4c8279ecf9f2072e3c5f958af706d528
data/raw/image/2025-2026/Fusion_202511_202605_parcel_mask.tif.ovr,4038635,42c1dd9a81a6a3d5fe6f2e5b328c8cc74cc8271eefbc271781cc2fdaad112374
data/raw/label/2021-2022/all_parcel/21_22all_parcel.cpg,5,3ad3031f5503a4404af825262ee8232cc04d4ea6683d42c5dd0a2f2a27ac9824
data/raw/label/2021-2022/all_parcel/21_22all_parcel.dbf,1611894,7f010eb66076c054f6c61f943d822f4e18559c508cd5fc8676fc8ba3e6f4cb1b
data/raw/label/2021-2022/all_parcel/21_22all_parcel.prj,145,a02a27b1d1982c8516d83398e85a3c8b1aef1713c13ef4d84d7bde17430c07c4
data/raw/label/2021-2022/all_parcel/21_22all_parcel.sbn,2671524,ac8c7e4d7cbd21ee83682fff7000a28326bdbe8841d516bb76b1f05b09d36ed0
data/raw/label/2021-2022/all_parcel/21_22all_parcel.sbx,81356,23954469baeea6c466ac24d414e570e2caffe56d5ad7d9319fddca8045dd0d40
data/raw/label/2021-2022/all_parcel/21_22all_parcel.shp,166915720,308b9066399465e21611b1e8cc6f5bc2cf2b20869ee416f6dedc6693da64d93c
data/raw/label/2021-2022/all_parcel/21_22all_parcel.shx,2149204,50e74beba3225bead16fc04e8d20506f1e04be9c475e40b76006e15258f03570
data/raw/label/2021-2022/all_parcel/21_22all_parcel.xml,10940,c9b045f37cb389218fdddf1493d3670637383f0aa2de09e70b9a07fcefadeb18
data/raw/label/2021-2022/sample_parcel/21_22sampleparcel.cpg,5,3ad3031f5503a4404af825262ee8232cc04d4ea6683d42c5dd0a2f2a27ac9824
data/raw/label/2021-2022/sample_parcel/21_22sampleparcel.dbf,22668,8f62ce89deca3a58be4757bb3ba041a465d548b4fe0bbc9d9ed801e6d83c3fa8
data/raw/label/2021-2022/sample_parcel/21_22sampleparcel.prj,145,a02a27b1d1982c8516d83398e85a3c8b1aef1713c13ef4d84d7bde17430c07c4
data/raw/label/2021-2022/sample_parcel/21_22sampleparcel.sbn,10516,3d531744c25ef02050479b37c7529bb287fb009bc4a4b597e5784bef3e515bba
data/raw/label/2021-2022/sample_parcel/21_22sampleparcel.sbx,564,a6f10f831df0cba28994762137192b5bc96f52be498bc47271a7efc244ab93ad
data/raw/label/2021-2022/sample_parcel/21_22sampleparcel.shp,1051444,206e9705306c57fd7fc5d5e38bb06f34efa94293c9eaf3c265fea2e3c79602a0
data/raw/label/2021-2022/sample_parcel/21_22sampleparcel.shp.xml,6412,0db7c266c8a0cc008eb7a3d2d8e31352b137b2774ebe445ab29eb30bbfba8b25
data/raw/label/2021-2022/sample_parcel/21_22sampleparcel.shx,8284,300ec585c59fa9988923ae878bfd748da03d90e080e5f9e91c38ebaef99330af
data/raw/label/2025-2026/all_parcel/25_26all_parcel.CPG,5,3ad3031f5503a4404af825262ee8232cc04d4ea6683d42c5dd0a2f2a27ac9824
data/raw/label/2025-2026/all_parcel/25_26all_parcel.dbf,35395154,e0dd429f1d6fc04ef372f815d463f00ccb9e034b17f9cfcd366046e90b0d5736
data/raw/label/2025-2026/all_parcel/25_26all_parcel.prj,145,a02a27b1d1982c8516d83398e85a3c8b1aef1713c13ef4d84d7bde17430c07c4
data/raw/label/2025-2026/all_parcel/25_26all_parcel.sbn,584732,20a7e9a08656a583d571fa7b7c229569434e5c1d8a40df26fbf1f8f54ad445a7
data/raw/label/2025-2026/all_parcel/25_26all_parcel.sbx,21172,f9a21b4e970c9f31ebd50564d8b0ae6236a58c87e88b0e5f8dc2447d9cb85d7c
data/raw/label/2025-2026/all_parcel/25_26all_parcel.shp,21004872,32a7d927a0c1d1baa6cc14e2ea9329e50a79cadd8c11268d57727d0f50a93c8d
data/raw/label/2025-2026/all_parcel/25_26all_parcel.shx,502148,9a149d324bebca4f94e67f7e39a499e2d9ece971ebc5253b674319162e82a66e
data/raw/label/2025-2026/all_parcel/25_26all_parcel.xml,705,f221963918d69d2803894d92be6ac3a00eb06467fb8e12413f691952ddcf7e95
data/raw/label/2025-2026/sample_parcel/25_26sampleparcel.cpg,5,3ad3031f5503a4404af825262ee8232cc04d4ea6683d42c5dd0a2f2a27ac9824
data/raw/label/2025-2026/sample_parcel/25_26sampleparcel.dbf,130907,4bf576ba7ccf3ace4598a846de0039aa4cd3b71c263c1832660d9a1201c42372
data/raw/label/2025-2026/sample_parcel/25_26sampleparcel.prj,145,a02a27b1d1982c8516d83398e85a3c8b1aef1713c13ef4d84d7bde17430c07c4
data/raw/label/2025-2026/sample_parcel/25_26sampleparcel.sbn,4396,f2e4aef4a0dae59db8eb8b8d0f2657cdd3fada00b9eaa6329029ac8eb1ec3f52
data/raw/label/2025-2026/sample_parcel/25_26sampleparcel.sbx,316,c66028932ebd8dc66830a5bb7bebe05d90fc44e708584717792ac4932194aec7
data/raw/label/2025-2026/sample_parcel/25_26sampleparcel.shp,133232,a2897dcbc221a9c100ec202967eb0e3b996f9811bb2c2db14e7ce951b7157861
data/raw/label/2025-2026/sample_parcel/25_26sampleparcel.shp.xml,8200,ac00875595134a626ae9f260f13ea72ae62f3a1746f47c4f3270a0a5e4430a06
data/raw/label/2025-2026/sample_parcel/25_26sampleparcel.shx,3740,eeb0000233cad3e0acbb43f24480acb800292d4f00741c34cd1e698f256704bf
