parcel_id,truth,pred,correct,effective_pixels,prob_0,prob_1,prob_2
0,0,2,0,19.0,0.48152626028678724,0.024771471599577745,0.49370226811363505
2,0,0,1,34.0,0.8359514927541887,0.04184122950947966,0.12220727773633148
4,0,2,0,18.0,0.4670275458312669,0.00608088329518188,0.5268915708735512
5,0,0,1,10.0,0.7640230701569933,0.0463731961998297,0.18960373364317692
6,0,0,1,11.0,0.47639834437342504,0.059943230068480534,0.4636584255580945
7,0,0,1,19.0,0.6492241112381488,0.051542165765882796,0.2992337229959683
8,0,0,1,21.0,0.8308702905531485,0.0166578183646791,0.15247189108217238
9,0,2,0,13.0,0.037324995623610774,0.0381626497593826,0.9245123546170068
10,0,0,1,25.0,0.6518794903829241,0.058450873162746116,0.28966963645432975
11,0,0,1,16.0,0.7188172242332226,0.025505989216355246,0.25567678655042214
12,0,0,1,10.0,0.4954551156499614,0.05234341861523393,0.4522014657348045
13,0,0,1,12.0,0.6614482879322069,0.03888309430753446,0.29966861776025866
14,0,2,0,16.0,0.4612052272336944,0.03507319882776742,0.5037215739385382
15,0,0,1,21.0,0.8503410714714822,0.0241126859963212,0.1255462425321965
16,0,0,1,29.0,0.9138078564312067,0.007772863886970777,0.07841927968182266
17,0,2,0,9.0,0.34488768659488606,0.03050175984569538,0.6246105535594186
18,0,0,1,18.0,0.6986445016419114,0.02506856332998743,0.27628693502810114
19,0,0,1,15.0,0.6250300274364097,0.04196237631388746,0.3330075962497029
20,0,0,1,7.0,0.6341653868854065,0.07247345328385847,0.2933611598307351
21,0,2,0,13.0,0.4211288308335955,0.009703844299132796,0.5691673248672717
22,0,0,1,10.0,0.6495530570566712,0.019683270017231733,0.3307636729260971
23,0,2,0,20.0,0.27447042142731815,0.08587143513852001,0.6396581434341618
24,0,0,1,21.0,0.6275106852634599,0.21551568420809594,0.15697363052844404
25,0,0,1,13.0,0.5964504409199451,0.039924818557110886,0.3636247405229441
26,0,2,0,14.0,0.3130888274687809,0.03170206527500945,0.6552091072562096
27,0,0,1,12.0,0.6191553438433877,0.03161992333199244,0.3492247328246198
28,0,2,0,9.0,0.3180480745122043,0.023983410758027453,0.6579685147297684
29,0,0,1,26.0,0.8934697633973817,0.006642469632816653,0.0998877669698016
30,0,0,1,8.0,0.9059949845019297,0.018505359416100917,0.07549965608196936
31,0,0,1,11.0,0.68952735813945,0.056955109689878644,0.2535175321706714
32,0,0,1,28.0,0.7281241615042806,0.02295867918695912,0.24891715930876038
33,0,0,1,8.0,0.8256371155613426,0.015826197266199115,0.15853668717245833
35,0,2,0,9.0,0.18671998289173897,0.01076171982565217,0.8025182972826088
36,0,0,1,18.0,0.7734589424218415,0.019722654555245096,0.20681840302291343
37,0,2,0,10.0,0.3846002657091037,0.02735521115571126,0.588044523135185
38,0,2,0,10.0,0.3732312317380709,0.048185247275510705,0.5785835209864184
39,0,0,1,13.0,0.5438303084422307,0.14993974614241187,0.3062299454153575
40,0,0,1,26.0,0.707734750771262,0.04960643909289874,0.2426588101358391
41,0,0,1,20.0,0.7878174462558768,0.030323109598776894,0.18185944414534636
42,0,0,1,8.0,0.9304358950451208,0.008362435858745893,0.06120166909613326
43,0,0,1,27.0,0.8191174568766817,0.03509705967987051,0.14578548344344774
44,0,0,1,22.0,0.8914882607705691,0.008820208555877706,0.09969153067355319
45,0,0,1,11.0,0.554987560103621,0.0198526443194177,0.4251597955769612
46,0,0,1,15.0,0.6728264715136141,0.03471142945532777,0.29246209903105813
48,0,2,0,20.0,0.42365357294116723,0.058947613650030845,0.5173988134088019
50,0,0,1,20.0,0.8933707210196126,0.021786201418426205,0.08484307756196129
51,0,0,1,19.0,0.8734657259726446,0.005396395855539568,0.12113787817181579
52,0,2,0,13.0,0.2977705178855512,0.1179117111267813,0.5843177709876676
53,0,0,1,31.0,0.7015712453856388,0.026425041599999855,0.2720037130143614
54,0,2,0,17.0,0.477863767843757,0.03614272971129442,0.4859935024449485
55,0,2,0,8.0,0.33742128066205523,0.05871425296123701,0.6038644663767078
56,0,0,1,16.0,0.563916834387997,0.020946775765972734,0.4151363898460303
57,0,0,1,28.0,0.8226815130055909,0.02774009566391943,0.1495783913304896
58,0,2,0,7.0,0.15800671133423166,0.010504314611493308,0.8314889740542751
59,0,0,1,22.0,0.8015542665194129,0.005957699530234787,0.19248803395035236
60,0,2,0,21.0,0.2423698750428895,0.043930033460202134,0.7137000914969084
61,0,2,0,23.0,0.3362948171578469,0.030442649754622367,0.6332625330875307
62,0,0,1,18.0,0.8254985631540569,0.011742507596097759,0.16275892924984522
63,0,0,1,30.0,0.7530557045466126,0.05715966945266617,0.18978462600072127
64,0,0,1,15.0,0.7950183520108538,0.034950495059279225,0.17003115292986698
65,0,2,0,11.0,0.3580356950454377,0.02273258907027187,0.6192317158842905
66,0,0,1,22.0,0.898137235946666,0.009989780613406081,0.09187298343992807
67,0,0,1,20.0,0.7014359927896138,0.00589926350332622,0.2926647437070601
68,0,0,1,21.0,0.7490609938080821,0.021141646353013018,0.2297973598389049
69,0,0,1,14.0,0.7317769287437759,0.04623784323078767,0.2219852280254365
70,0,2,0,7.0,0.26380713896669117,0.04773784296660807,0.6884550180667007
71,0,0,1,35.0,0.8858370352167666,0.024439240143353372,0.08972372463988006
72,0,2,0,6.0,0.2961996942391914,0.04342818182391283,0.6603721239368957
73,0,0,1,24.0,0.6931378851399214,0.1409405021869229,0.16592161267315575
74,0,0,1,8.0,0.7235097360850545,0.036087168698368116,0.2404030952165773
75,0,2,0,14.0,0.4805132911661614,0.020484511856179673,0.49900219697765896
76,0,0,1,18.0,0.8672745699209933,0.010793402016146104,0.12193202806286055
77,0,2,0,8.0,0.31196899974439224,0.07075689817245127,0.6172741020831565
78,0,0,1,10.0,0.8827542887477798,0.026297556029692647,0.09094815522252761
79,0,2,0,8.0,0.4080846477353744,0.05820171648838915,0.5337136357762364
80,0,2,0,24.0,0.45572840828782024,0.05633786455467429,0.4879337271575054
81,0,0,1,28.0,0.8768265034531122,0.008929825198180391,0.1142436713487074
82,0,2,0,15.0,0.4237724127913862,0.03418290769486791,0.5420446795137459
83,0,0,1,10.0,0.6821424447306289,0.03189795228579714,0.285959602983574
84,0,0,1,21.0,0.5756491506981138,0.047335474925261634,0.3770153743766244
85,0,2,0,10.0,0.38020937953445083,0.040544406304131156,0.579246214161418
86,0,0,1,19.0,0.8011170027040125,0.045528706468245556,0.15335429082774196
87,0,2,0,26.0,0.35174446370098567,0.019044850140572278,0.6292106861584421
88,0,2,0,17.0,0.48391292517701057,0.018710485514831184,0.49737658930815826
89,0,0,1,9.0,0.8997429960280381,0.016241788532291634,0.08401521543967035
90,0,0,1,10.0,0.694811607244896,0.022762057974302707,0.2824263347808013
91,0,2,0,10.0,0.24880039461668393,0.26451442973284484,0.48668517565047115
92,0,0,1,8.0,0.7411049300941378,0.05340610666577777,0.20548896324008448
93,0,2,0,7.0,0.2043300115469512,0.020914036240165277,0.7747559522128836
94,0,2,0,19.0,0.42412757498996934,0.017615558575281284,0.5582568664347495
95,0,2,0,7.0,0.2646961477318886,0.010477948108562231,0.7248259041595493
96,0,0,1,26.0,0.6810883948724304,0.0508010311739655,0.26811057395360405
97,0,0,1,25.0,0.6313765535782391,0.042927714782337596,0.3256957316394233
98,0,0,1,9.0,0.6004526452638419,0.07034791787220158,0.3291994368639565
99,0,0,1,18.0,0.4471384325663277,0.380288790088736,0.17257277734493634
100,0,0,1,16.0,0.47555299063334444,0.17476726600885267,0.34967974335780283
101,0,2,0,18.0,0.42379717692975366,0.052567092825015246,0.523635730245231
102,0,0,1,7.0,0.6764601026238114,0.02031762498879652,0.30322227238739197
103,0,0,1,21.0,0.5554025193616425,0.03332744634034868,0.4112700342980087
104,0,0,1,21.0,0.7792827280804119,0.03162518483197328,0.1890920870876148
105,0,0,1,19.0,0.8625814019969116,0.010576364939675795,0.1268422330634128
106,0,0,1,16.0,0.7688880744455658,0.016835356061392148,0.21427656949304197
107,0,2,0,7.0,0.23980793059282324,0.021671546422945297,0.7385205229842314
108,0,0,1,6.0,0.7835995128028544,0.051232958439917105,0.16516752875722832
109,0,2,0,15.0,0.41516291468383193,0.0540632539970164,0.5307738313191516
110,0,0,1,4.0,0.5983803635440726,0.052887863989621954,0.34873177246630543
111,0,0,1,38.0,0.7050749343219873,0.04186177730475403,0.2530632883732586
112,0,0,1,20.0,0.9279452446438061,0.009607560710690462,0.0624471946455034
113,0,0,1,21.0,0.5454027993701007,0.07192666059448179,0.38267054003541745
114,0,0,1,94.0,0.5077440195711187,0.07913182916543811,0.4131241512634431
115,0,0,1,27.0,0.9222047420547861,0.011871843235320721,0.06592341470989309
116,0,0,1,19.0,0.6577528487627669,0.06565189219361348,0.27659525904361987
117,0,0,1,9.0,0.6195574950544066,0.05935213830234272,0.3210903666432507
118,0,0,1,13.0,0.6251885517549391,0.01472292759395175,0.3600885206511091
119,0,0,1,11.0,0.8682351082742791,0.012353776379837306,0.11941111534588356
120,0,0,1,31.0,0.8019653704969743,0.053453496515251935,0.14458113298777395
121,0,0,1,17.0,0.7983191528926757,0.015138973604009363,0.18654187350331483
122,0,0,1,15.0,0.8014141094003278,0.014014677028147541,0.18457121357152476
123,0,0,1,7.0,0.5875043129148236,0.028174864768958634,0.3843208223162177
124,0,0,1,5.0,0.9158128184120112,0.011119428681288854,0.07306775290669994
125,0,0,1,21.0,0.8579354085217725,0.005347878153483961,0.13671671332474342
126,0,0,1,19.0,0.8830808721946019,0.027989351087262554,0.08892977671813562
127,0,0,1,20.0,0.8926652587237793,0.006902490161272934,0.10043225111494766
128,0,0,1,12.0,0.7308130056059575,0.026690470377054142,0.2424965240169882
129,0,0,1,20.0,0.9262378757726947,0.005972106552139708,0.06779001767516546
130,0,0,1,11.0,0.5271723133304603,0.06663572799671354,0.4061919586728262
131,0,0,1,25.0,0.8169033423053974,0.022109960827335004,0.16098669686726766
132,0,0,1,22.0,0.5922852164908942,0.01942379496222146,0.3882909885468845
134,0,2,0,14.0,0.3636503266521278,0.019859778224098845,0.6164898951237734
135,0,2,0,26.0,0.4094405063811272,0.11167266887689385,0.4788868247419789
136,0,0,1,15.0,0.6763319344418157,0.021061194075169456,0.3026068714830149
137,0,0,1,22.0,0.8834284837717458,0.007879865827125096,0.10869165040112921
138,0,2,0,11.0,0.3965388138093821,0.036931750241936394,0.5665294359486817
139,0,0,1,26.0,0.4797504832426067,0.050059372353084775,0.4701901444043085
140,0,0,1,16.0,0.5591346038790888,0.0370892871775638,0.4037761089433474
141,0,0,1,8.0,0.5039986821935157,0.2312101695063729,0.2647911483001113
142,0,0,1,2.0,0.6053535830364954,0.03769000366918718,0.35695641329431743
143,0,0,1,12.0,0.49748900085971703,0.02281939956114037,0.4796915995791424
144,0,0,1,25.0,0.7395410035049996,0.030759618651054962,0.2296993778439454
145,0,0,1,12.0,0.8827525896249974,0.007433927862998572,0.10981348251200404
146,0,2,0,10.0,0.3986124556583286,0.029859599203684677,0.5715279451379869
148,0,0,1,24.0,0.7485739685096731,0.0447558873688662,0.20667014412146087
149,0,0,1,6.0,0.739034759116674,0.04101863851963125,0.21994660236369465
150,0,2,0,24.0,0.45650210881750064,0.07074279331285954,0.4727550978696398
151,0,0,1,14.0,0.7216481187536882,0.016755046910488337,0.26159683433582354
152,0,0,1,9.0,0.6004694740862696,0.019942338201975218,0.37958818771175523
153,0,0,1,18.0,0.8962323743699138,0.009019817480448214,0.09474780814963799
155,0,0,1,19.0,0.7329664643447658,0.03521690351826194,0.23181663213697232
156,0,0,1,16.0,0.5791515439053916,0.036507792110449355,0.3843406639841591
157,0,0,1,19.0,0.8245790551211489,0.008367249225399644,0.16705369565345135
158,0,0,1,24.0,0.7241861499031522,0.015483797055585702,0.2603300530412621
159,0,2,0,7.0,0.19677255538562533,0.02133270183779855,0.7818947427765761
160,0,2,0,25.0,0.40939221489057387,0.028199318596981594,0.5624084665124446
161,0,0,1,7.0,0.6052924686029615,0.06863759920791351,0.32606993218912517
162,0,2,0,5.0,0.4662268743923083,0.011018266250363874,0.5227548593573279
163,0,0,1,10.0,0.7582069500170849,0.039671135653585946,0.20212191432932913
164,0,2,0,11.0,0.35957901254951824,0.048259418594261326,0.5921615688562205
165,0,2,0,20.0,0.3778225151451752,0.03574258764027178,0.5864348972145529
166,0,0,1,8.0,0.6289112087611862,0.01961255389430614,0.3514762373445076
167,0,0,1,7.0,0.5325795490608711,0.042093445862804606,0.42532700507632426
168,0,0,1,17.0,0.854711339276944,0.010264116155062147,0.13502454456799387
169,0,2,0,21.0,0.4581551727676987,0.0644540693925332,0.47739075783976803
170,0,0,1,6.0,0.8922366762329126,0.017351551308575613,0.0904117724585119
171,0,0,1,14.0,0.6638040794245401,0.01044847608770265,0.3257474444877573
172,0,0,1,24.0,0.8846468425696564,0.005685271278852378,0.10966788615149133
173,0,0,1,27.0,0.8717482027843177,0.00946334528052729,0.11878845193515486
174,0,0,1,13.0,0.8127811346066857,0.009132984826203262,0.17808588056711097
175,0,0,1,11.0,0.8915932083010215,0.019734520620792274,0.08867227107818614
176,0,0,1,10.0,0.669725370340422,0.03554617671147563,0.2947284529481024
177,0,0,1,9.0,0.5940062780188514,0.0280821474843174,0.37791157449683116
178,0,0,1,13.0,0.5279766633587087,0.04971918800628924,0.4223041486350019
179,0,2,0,12.0,0.26897810507433156,0.048898179887628755,0.6821237150380397
180,0,0,1,11.0,0.5949216312964558,0.0912382580174597,0.31384011068608453
181,0,2,0,24.0,0.3377021817702288,0.03931282299777512,0.622984995231996
182,0,0,1,9.0,0.5612021551587963,0.04906567651775058,0.3897321683234531
183,0,0,1,26.0,0.7971101171047149,0.018313706161137124,0.1845761767341479
184,0,2,0,68.0,0.27121163744498666,0.10736585591837261,0.6214225066366407
185,0,0,1,22.0,0.6892295165412966,0.02282755088005583,0.2879429325786474
186,0,2,0,18.0,0.2717743849818925,0.15894393103935264,0.569281683978755
187,0,2,0,13.0,0.40229782994406443,0.04778494599991541,0.5499172240560202
188,0,0,1,10.0,0.8017200897227426,0.07570262536109346,0.12257728491616385
189,0,2,0,19.0,0.4782398607475228,0.03464344966729964,0.48711668958517773
190,0,0,1,13.0,0.82806555738598,0.025773250838350387,0.14616119177566955
191,0,0,1,8.0,0.8516133454748125,0.015921756469968247,0.13246489805521922
192,0,2,0,15.0,0.3267140394468264,0.03039925257428695,0.6428867079788867
193,0,0,1,19.0,0.7249867381931648,0.13412500343760933,0.14088825836922578
194,0,0,1,4.0,0.5225330146504308,0.06866873579324617,0.4087982495563231
195,0,2,0,12.0,0.30251939411104106,0.12391545400272158,0.5735651518862375
196,0,0,1,16.0,0.5470417063723018,0.07151051141129375,0.38144778221640446
197,0,0,1,21.0,0.7748663158891402,0.04455136933172185,0.18058231477913791
198,0,0,1,22.0,0.8468876761147792,0.019400697369894245,0.13371162651532656
199,0,0,1,14.0,0.6701223744272389,0.04765923698691627,0.28221838858584486
200,0,0,1,4.0,0.7049866210368655,0.020878041307919024,0.27413533765521547
201,0,0,1,33.0,0.7507686584109831,0.014911465257294662,0.23431987633172222
202,0,0,1,12.0,0.5066205942447486,0.012755526320573548,0.4806238794346779
203,0,0,1,19.0,0.60563210711476,0.018844584758078747,0.3755233081271612
204,0,2,0,7.0,0.08563902710639441,0.014332490330419796,0.9000284825631858
205,0,2,0,8.0,0.4556599563321877,0.03346796450729194,0.5108720791605204
206,0,0,1,9.0,0.5546390230188254,0.0246366956045425,0.4207242813766322
207,0,0,1,11.0,0.8515662665916086,0.014212615464241844,0.13422111794414965
208,0,0,1,40.0,0.7878760097085159,0.023169696355960386,0.1889542939355237
209,0,0,1,9.0,0.7754634493451658,0.027522729783817243,0.19701382087101688
210,0,0,1,23.0,0.6938551284521324,0.03875482614145372,0.267390045406414
211,0,0,1,18.0,0.6655509910061976,0.021180524539425986,0.3132684844543764
212,0,2,0,35.0,0.2989287455973563,0.15109406293736055,0.5499771914652832
213,0,2,0,11.0,0.07157312675323296,0.035804972320481895,0.8926219009262851
214,0,0,1,13.0,0.757877336208134,0.03816995376199305,0.203952710029873
215,0,2,0,14.0,0.4042232685173137,0.029041073380911102,0.5667356581017753
216,0,2,0,16.0,0.43264967443077407,0.019351061022265394,0.5479992645469605
217,0,0,1,18.0,0.6820390803057005,0.03712528162775204,0.2808356380665473
218,0,0,1,16.0,0.557296563825845,0.06508779268412883,0.37761564349002613
219,0,0,1,14.0,0.8983883520321359,0.023952077291875234,0.07765957067598893
220,0,0,1,30.0,0.7985610454854819,0.04584224122220706,0.15559671329231092
221,0,2,0,10.0,0.30822252941169953,0.026354113227188582,0.6654233573611119
222,0,0,1,25.0,0.8934720913819271,0.01532135123391298,0.09120655738415996
223,0,0,1,20.0,0.8241455981029865,0.02628442133824127,0.14956998055877221
224,0,2,0,13.0,0.3023418740809831,0.1641330121363104,0.5335251137827064
225,0,0,1,19.0,0.5450498612066581,0.022868251844668366,0.4320818869486734
226,0,2,0,26.0,0.4336500501988126,0.06820317252737935,0.49814677727380813
227,0,0,1,15.0,0.5931282841419242,0.05844454850283173,0.3484271673552441
228,0,2,0,8.0,0.37883061011291014,0.0256570182280004,0.5955123716590894
229,0,2,0,8.0,0.23416909845182035,0.03220350707217473,0.7336273944760049
230,0,0,1,19.0,0.8385247270251895,0.0536656132236486,0.10780965975116187
231,0,0,1,17.0,0.7229583257011636,0.05031578989894394,0.22672588439989239
232,0,2,0,7.0,0.0653961895677729,0.009741540637462402,0.9248622697947646
233,0,2,0,8.0,0.31659125917567216,0.32472272440657807,0.3586860164177498
234,0,0,1,64.0,0.8204726392169797,0.014405143427250145,0.16512221735577015
235,0,0,1,22.0,0.6725884680606448,0.03766030392174683,0.2897512280176083
237,0,0,1,10.0,0.5693850518077499,0.028615049449728935,0.4019998987425211
238,0,2,0,10.0,0.40271420057158225,0.06832182760245549,0.5289639718259622
239,0,0,1,9.0,0.5076037326983082,0.06152670938802879,0.4308695579136631
240,0,0,1,18.0,0.5132803779619028,0.04404894240012212,0.442670679637975
241,0,0,1,13.0,0.5629361747036215,0.027532214408647386,0.40953161088773116
242,0,2,0,6.0,0.1697164633484194,0.12483470050849088,0.7054488361430897
243,0,0,1,17.0,0.5290935117625818,0.07279762671362935,0.398108861523789
244,0,0,1,30.0,0.7903347707419395,0.013394158404260597,0.19627107085380005
245,0,2,0,7.0,0.26347518051967833,0.056407670278536465,0.6801171492017851
246,0,2,0,29.0,0.4510115182878191,0.09653338937293178,0.45245509233924924
251,1,2,0,4.0,0.02939423579156659,0.20169369755792704,0.7689120666505064
254,1,1,1,10.0,0.02925185524414312,0.595054558285244,0.375693586470613
256,1,2,0,15.0,0.020995209556894448,0.1347417291789025,0.844263061264203
258,1,2,0,15.0,0.040592091239932626,0.4721561641134578,0.48725174464660975
260,1,1,1,29.0,0.017676216252508162,0.8276169996475117,0.15470678409998037
261,1,2,0,2.0,0.061345908402553384,0.18209405512477086,0.7565600364726758
264,1,1,1,8.0,0.04150589387890085,0.6748809128505806,0.2836131932705186
265,1,1,1,5.0,0.020950486102479897,0.6371314192543763,0.34191809464314366
267,1,2,0,6.0,0.04743965326605554,0.3502309113832008,0.6023294353507437
268,1,1,1,6.0,0.012463674488608826,0.8627489087916518,0.12478741671973947
270,1,2,0,9.0,0.019254991621864597,0.10699055614313803,0.8737544522349974
275,1,2,0,13.0,0.04180864976543069,0.3930822526468122,0.5651090975877572
276,1,1,1,24.0,0.069437445166548,0.5865321181746342,0.34403043665881766
278,1,1,1,20.0,0.030504173955521553,0.6982451579429186,0.27125066810155973
279,1,1,1,15.0,0.06565775075409051,0.5008238301204729,0.4335184191254364
281,1,1,1,18.0,0.015473483871243957,0.873955465751857,0.11057105037689904
283,1,1,1,8.0,0.007238225852529263,0.9535385371437601,0.039223237003710595
284,1,1,1,10.0,0.020586673599659943,0.7541692063990724,0.22524412000126764
285,1,1,1,6.0,0.016776976380448262,0.8595120435055268,0.12371098011402482
286,1,1,1,6.0,0.017841165845317197,0.7563346330624146,0.2258242010922682
287,1,1,1,8.0,0.008367224551965226,0.9344980343449124,0.05713474110312241
294,1,1,1,10.0,0.016990417378576587,0.863203964458177,0.11980561816324636
296,1,1,1,19.0,0.09309357447627548,0.6755143002026078,0.2313921253211167
299,1,1,1,11.0,0.029520914820638598,0.6551127306357153,0.31536635454364603
304,1,1,1,30.0,0.022172852956088947,0.6151465179582125,0.36268062908569865
305,1,1,1,9.0,0.0096963583258449,0.9303602140447234,0.05994342762943172
307,1,1,1,35.0,0.03203377311118168,0.7868682544650079,0.18109797242381048
311,1,1,1,5.0,0.04006261503309231,0.864276653725682,0.09566073124122568
312,1,2,0,16.0,0.057414114473762656,0.41406674435789,0.5285191411683474
315,1,1,1,11.0,0.026482031020050752,0.7485313201958224,0.22498664878412683
316,1,1,1,14.0,0.07453378245646759,0.4826959612649086,0.4427702562786237
317,1,1,1,18.0,0.02728491901078025,0.8766880192827009,0.09602706170651883
318,1,1,1,9.0,0.024778707241763984,0.7288586952521833,0.24636259750605272
320,1,1,1,17.0,0.04901421203554045,0.6251593969148764,0.32582639104958294
321,1,1,1,10.0,0.03845144451247506,0.4915779655614778,0.46997058992604707
324,1,1,1,26.0,0.020747329796536547,0.8365866423806075,0.14266602782285598
326,1,1,1,32.0,0.0373322521762646,0.803879986450082,0.15878776137365344
327,1,1,1,8.0,0.021633110575357564,0.8510912547979744,0.12727563462666805
328,1,1,1,25.0,0.04963651541658672,0.49247906437873495,0.45788442020467823
332,1,1,1,8.0,0.01228087456842534,0.7742040335463434,0.21351509188523135
334,1,1,1,3.0,0.10047719387595061,0.7200565317224703,0.17946627440157914
335,1,2,0,2.0,0.040736126227574415,0.43808173329842054,0.521182140474005
338,1,1,1,5.0,0.03592840563390956,0.5760349569990616,0.3880366373670288
339,1,1,1,6.0,0.01645563465498393,0.8228027460235456,0.16074161932147032
341,1,1,1,8.0,0.011599123062705491,0.942221251041214,0.04617962589608049
342,1,2,0,18.0,0.044679295624682674,0.1925685699464154,0.7627521344289019
343,1,1,1,8.0,0.010845477699897056,0.8929135858066444,0.09624093649345851
344,1,1,1,21.0,0.0217451842875816,0.8196724952168524,0.15858232049556598
346,1,1,1,9.0,0.026560395940649763,0.6792977356027995,0.29414186845655077
347,1,1,1,14.0,0.03723877324757725,0.4982933304334044,0.46446789631901836
348,1,1,1,6.0,0.04440495856393119,0.5135991249909639,0.4419959164451049
350,1,2,0,11.0,0.0632940996329108,0.4275911705524231,0.5091147298146661
352,1,1,1,11.0,0.04087970675954126,0.7200373390426064,0.2390829541978525
353,1,1,1,6.0,0.012857997532698184,0.7398852796682587,0.24725672279904318
354,1,2,0,14.0,0.03009741938826606,0.4229969842894015,0.5469055963223324
355,1,1,1,18.0,0.06432435591131641,0.5024728729222835,0.43320277116640027
357,1,1,1,12.0,0.024929730219998024,0.7972405801140383,0.1778296896659636
358,1,1,1,28.0,0.03902283022937535,0.8040508136495309,0.15692635612109376
360,1,1,1,11.0,0.02998320315384275,0.8559800273025514,0.11403676954360581
364,1,1,1,5.0,0.008824568308897723,0.9446345498647767,0.046540881826325535
365,1,1,1,8.0,0.011771927343643759,0.8862049711477455,0.1020231015086107
366,1,1,1,6.0,0.037800097049732105,0.6560365207034997,0.30616338224676837
368,1,1,1,11.0,0.024060153236494086,0.8610966443893453,0.11484320237416068
369,1,1,1,18.0,0.09674651330852006,0.5578827001077197,0.34537078658376036
370,1,1,1,33.0,0.027736925381395324,0.8473371326274245,0.1249259419911802
372,1,1,1,13.0,0.01791659131097558,0.599639063072766,0.3824443456162584
376,1,1,1,10.0,0.01417005740611167,0.8265171907762251,0.15931275181766322
377,1,1,1,8.0,0.03060942709867014,0.7401738011876003,0.22921677171372956
378,1,2,0,24.0,0.056641501043414304,0.2567150197655598,0.686643479191026
382,1,2,0,17.0,0.029329798825576504,0.4424311827180799,0.5282390184563437
383,1,1,1,18.0,0.021163107060079712,0.7997459981084517,0.1790908948314686
384,1,1,1,11.0,0.026492233838203868,0.7939845481191351,0.1795232180426611
386,1,1,1,19.0,0.036588333079439955,0.5639920093442721,0.39941965757628806
388,1,2,0,7.0,0.040757819605160145,0.4555245346416084,0.5037176457532315
390,1,1,1,37.0,0.04932004176987531,0.7246600838121348,0.22601987441798993
391,1,1,1,5.0,0.01940443977226694,0.9085679235280871,0.07202763669964585
392,1,1,1,4.0,0.015084422871079587,0.7135671043357488,0.2713484727931716
393,1,2,0,17.0,0.021954221564887116,0.3064543478219538,0.6715914306131592
394,1,1,1,12.0,0.0310208472503991,0.7464669729601445,0.22251217978945645
396,1,1,1,9.0,0.009766849413352575,0.9505601172010633,0.03967303338558426
397,1,1,1,19.0,0.07404913219690591,0.5274661174570611,0.3984847503460329
398,1,2,0,12.0,0.01728282938181864,0.1049256673696223,0.8777915032485589
400,1,2,0,7.0,0.02024818309575528,0.33412255403340085,0.6456292628708439
401,1,1,1,4.0,0.039667662508939425,0.7853631631225584,0.17496917436850212
402,1,0,0,5.0,0.59561828818439,0.015489208412439778,0.38889250340317016
403,1,1,1,10.0,0.011636326097258386,0.8739319601268203,0.11443171377592137
405,1,1,1,13.0,0.03540693983394413,0.730552019180078,0.23404104098597808
406,1,1,1,5.0,0.04523346180310084,0.5131576730771851,0.4416088651197141
408,1,1,1,19.0,0.02173569740848223,0.8240908961879705,0.15417340640354718
409,1,1,1,14.0,0.011086227817318784,0.9020306072665932,0.08688316491608793
411,1,2,0,2.0,0.0490673757373415,0.21650520285713787,0.7344274214055206
412,1,1,1,12.0,0.008014441084107676,0.9391846538730839,0.05280090504280834
413,1,1,1,29.0,0.03640531071351419,0.7753441034444727,0.18825058584201304
414,1,2,0,3.0,0.09800982882036081,0.12878222528382569,0.7732079458958134
415,1,1,1,9.0,0.023402400652164864,0.6846332186652588,0.2919643806825763
418,1,1,1,6.0,0.009896434773056802,0.9241687624615345,0.06593480276540875
420,1,1,1,11.0,0.0177117347338972,0.8834223503093954,0.09886591495670724
421,1,1,1,12.0,0.03736267021273587,0.6022529896120895,0.3603843401751746
422,1,1,1,10.0,0.015096643749749521,0.6656282981623598,0.31927505808789064
423,1,1,1,14.0,0.059808320589311424,0.6647818153958431,0.27540986401484546
424,1,1,1,6.0,0.08599550679115087,0.6471248823437006,0.26687961086514844
425,1,1,1,11.0,0.015863653665776155,0.7842756458290354,0.19986070050518834
429,1,1,1,2.0,0.0065425768654826365,0.9490227130583869,0.044434710076130444
432,1,1,1,15.0,0.0386145008272699,0.7279058466052325,0.23347965256749764
435,1,1,1,5.0,0.019403807777981407,0.7362585652519849,0.2443376269700338
436,1,2,0,9.0,0.04198457562445455,0.29959004056337124,0.6584253838121742
439,1,1,1,19.0,0.029695593404811784,0.8348875783966639,0.13541682819852435
440,1,1,1,11.0,0.03529129890148393,0.7784408017301965,0.18626789936831956
443,1,1,1,13.0,0.030624841128646052,0.6387395294602163,0.33063562941113755
444,1,1,1,7.0,0.007384204523779919,0.9507502846626422,0.041865510813577776
445,1,1,1,20.0,0.03205921355383166,0.4886296579478057,0.47931112849836277
448,1,1,1,21.0,0.05873712271730329,0.7480431649523668,0.19321971233032983
450,1,1,1,15.0,0.027854004021573318,0.8664280633775922,0.10571793260083467
452,1,1,1,6.0,0.012118474453623093,0.8140626430091751,0.1738188825372018
455,1,1,1,4.0,0.010689361816985484,0.9220945413919,0.06721609679111457
457,1,1,1,28.0,0.040322529360192594,0.7502995752487941,0.2093778953910134
459,1,1,1,18.0,0.032883767181753426,0.6596116992916586,0.30750453352658785
460,1,1,1,15.0,0.057271745032727625,0.6508293919555697,0.2918988630117027
462,1,1,1,14.0,0.04051062284584479,0.6453100795229351,0.3141792976312201
464,1,1,1,19.0,0.08312741874526552,0.5722298429913433,0.3446427382633912
465,1,2,0,9.0,0.1299909366922751,0.3054220312046566,0.5645870321030682
466,1,0,0,23.0,0.49906059175019646,0.08473354601714908,0.4162058622326545
468,1,1,1,8.0,0.03325593635103223,0.8081464519052931,0.15859761174367465
469,1,1,1,21.0,0.03975757318569576,0.7640141521917695,0.19622827462253464
470,1,1,1,19.0,0.023207081934319532,0.7099040396519151,0.26688887841376546
471,1,2,0,5.0,0.03633733950716964,0.23096558820108992,0.7326970722917405
474,1,1,1,8.0,0.014980495245140108,0.8339276460073055,0.15109185874755443
478,1,2,0,3.0,0.04203652819899269,0.29582467403653945,0.6621387977644678
479,1,1,1,18.0,0.031018623217420525,0.7285126070419541,0.24046876974062545
480,1,2,0,9.0,0.11971300683742604,0.23550133291010672,0.6447856602524672
481,1,1,1,15.0,0.02597948483568695,0.7448629793061454,0.22915753585816764
482,1,1,1,7.0,0.030374633055633118,0.7864308090177926,0.1831945579265743
485,1,1,1,10.0,0.19094607701705163,0.519534093272271,0.2895198297106775
487,1,1,1,29.0,0.06163140007189421,0.7349937042878735,0.2033748956402323
488,1,1,1,13.0,0.02877017982426596,0.6747582921367411,0.2964715280389929
489,1,2,0,16.0,0.058547597353454314,0.28873190430857437,0.6527204983379713
491,1,1,1,18.0,0.03714360994946083,0.5980914951887533,0.36476489486178604
494,1,1,1,14.0,0.02596489277586749,0.6421549453985878,0.33188016182554464
496,1,1,1,9.0,0.010873767902358979,0.8271712834728748,0.16195494862476628
497,1,1,1,9.0,0.05101826454502334,0.4878760950638845,0.4611056403910921
499,1,1,1,3.0,0.014043947180516048,0.780907794892921,0.20504825792656295
500,1,1,1,11.0,0.01987629594767595,0.665563333826913,0.31456037022541095
501,1,1,1,20.0,0.0501669047518936,0.5941132988153701,0.35571979643273627
502,1,1,1,4.0,0.11027051761241675,0.5394747939425862,0.35025468844499696
503,2,2,1,14.0,0.0454983728975472,0.1384302255864173,0.8160714015160356
504,2,2,1,48.0,0.05364518208238296,0.12024518162097475,0.8261096362966424
505,2,2,1,7.0,0.04309822566705487,0.14832697168579623,0.8085748026471489
506,2,2,1,71.0,0.07388223126013033,0.10389563295661869,0.822222135783251
507,2,2,1,26.0,0.11310881910544873,0.12810688462684866,0.7587842962677027
508,2,2,1,53.0,0.09723940227331256,0.09935758400880604,0.8034030137178814
511,2,2,1,2.0,0.047054571790043784,0.31408418801050536,0.6388612401994508
513,2,2,1,67.0,0.08946396124339225,0.08868459031737927,0.8218514484392285
514,2,2,1,18.0,0.07669789123661767,0.10205157471875874,0.8212505340446236
515,2,2,1,20.0,0.14668038103104544,0.07330778170367583,0.7800118372652787
516,2,2,1,13.0,0.04408552328065658,0.08007271259412604,0.8758417641252173
517,2,2,1,5.0,0.04631187976380398,0.14250351938575942,0.8111846008504368
518,2,2,1,7.0,0.03757232911945685,0.057670553319008826,0.9047571175615344
519,2,2,1,15.0,0.048915490395771935,0.13622690897977568,0.8148576006244522
520,2,2,1,14.0,0.049657013558925316,0.14280110145671335,0.8075418849843614
523,2,2,1,34.0,0.054472945712559485,0.12603123112759199,0.8194958231598486
525,2,2,1,3.0,0.044988202912668744,0.12157312206951448,0.8334386750178168
526,2,2,1,12.0,0.12926016828787498,0.059840291790945827,0.8108995399211792
527,2,2,1,31.0,0.11113461429251958,0.09898791087779113,0.7898774748296893
529,2,2,1,69.0,0.14617008165096856,0.13110834242921374,0.7227215759198176
530,2,2,1,67.0,0.10590296229628912,0.0985133234653161,0.7955837142383948
532,2,2,1,34.0,0.03992994274267502,0.0500070903774711,0.9100629668798539
534,2,2,1,19.0,0.06851823180644384,0.14685247407702712,0.784629294116529
536,2,2,1,23.0,0.08000015895650753,0.07173165154173794,0.8482681895017546
537,2,2,1,42.0,0.0666001581890473,0.11586592056768942,0.8175339212432633
538,2,2,1,20.0,0.05001415262784317,0.14266839345998664,0.8073174539121702
539,2,2,1,8.0,0.07028103464219783,0.05946522461280363,0.8702537407449985
540,2,2,1,16.0,0.07353000761592449,0.1008998865019416,0.825570105882134
541,2,2,1,15.0,0.04864808721321666,0.10403141327229629,0.8473204995144872
542,2,2,1,38.0,0.068084517352053,0.09617181225288927,0.8357436703950577
543,2,2,1,15.0,0.07034309869422509,0.05235747778757357,0.8772994235182014
544,2,2,1,18.0,0.05605166050582565,0.11176756207013079,0.8321807774240436
546,2,2,1,3.0,0.0808951864195274,0.124861815330296,0.7942429982501766
547,2,2,1,30.0,0.06876034007420494,0.07758326851085443,0.8536563914149407
548,2,2,1,68.0,0.06446322273527147,0.12025523861080446,0.8152815386539242
549,2,2,1,32.0,0.052030796245429375,0.07002411194328349,0.8779450918112871
550,2,2,1,20.0,0.14668038103104544,0.07330778170367583,0.7800118372652787
551,2,2,1,66.0,0.08787377777010504,0.0712850303758139,0.840841191854081
552,2,2,1,25.0,0.06913006665327949,0.128833961544448,0.8020359718022726
554,2,2,1,32.0,0.052030796245429375,0.07002411194328349,0.8779450918112871
555,2,2,1,66.0,0.08787377777010504,0.0712850303758139,0.840841191854081
556,2,2,1,42.0,0.04679836357918473,0.12102851850445677,0.8321731179163586
557,2,2,1,10.0,0.04565031417291683,0.1475669318520499,0.8067827539750333
558,2,2,1,58.0,0.10609942551232031,0.1065239990629593,0.7873765754247203
560,2,2,1,8.0,0.05803248724490026,0.05566973693709771,0.8862977758180021
561,2,2,1,23.0,0.12066086298858064,0.12396194324601653,0.7553771937654029
562,2,2,1,1.0,0.06701916156623536,0.09474466317543404,0.8382361752583306
563,2,2,1,68.0,0.06691247718712877,0.10151313968300296,0.8315743831298683
564,2,2,1,53.0,0.08031007425858237,0.10752129041846294,0.8121686353229546
565,2,2,1,12.0,0.04600162097120225,0.10245766449864169,0.8515407145301561
566,2,2,1,2.0,0.10696988142234623,0.09988642522429551,0.7931436933533582
567,2,2,1,37.0,0.06326163687187476,0.09147238296278021,0.845265980165345
569,2,2,1,43.0,0.0741597900220965,0.13116639945744243,0.7946738105204609
570,2,2,1,16.0,0.03870959803312551,0.04455437587279789,0.9167360260940766
572,2,2,1,23.0,0.05672646630647918,0.12409457650301386,0.8191789571905069
573,2,2,1,8.0,0.0371509546792423,0.04815365025481717,0.9146953950659406
574,2,2,1,20.0,0.04972188486658872,0.12885370272495691,0.8214244124084544
576,2,2,1,6.0,0.039052856587183125,0.07747353642604936,0.8834736069867675
577,2,2,1,50.0,0.0671773108051512,0.10717315478816605,0.8256495344066828
578,2,2,1,28.0,0.0359174285969866,0.05073225043761956,0.9133503209653937
580,2,2,1,10.0,0.036496667814736795,0.11024030395569616,0.853263028229567
581,2,2,1,14.0,0.040848208832785476,0.08053045113624058,0.8786213400309739
582,2,2,1,58.0,0.08867721061868403,0.09173734040461272,0.8195854489767032
583,2,2,1,26.0,0.04510238623660345,0.09093522133644089,0.8639623924269556
584,2,2,1,32.0,0.06391773570865016,0.0964724764481167,0.8396097878432331
585,2,2,1,13.0,0.04792806682986683,0.12798577672853234,0.8240861564416008
586,2,2,1,6.0,0.07285669530612882,0.058423199672384095,0.8687201050214871
589,2,2,1,8.0,0.06269260397397647,0.026698456187976217,0.9106089398380474
590,2,2,1,8.0,0.058356870890789565,0.09189159586474957,0.8497515332444608
591,2,2,1,45.0,0.06946176211401277,0.11233487752590728,0.8182033603600799
592,2,2,1,14.0,0.044425636111504525,0.20819921288097085,0.7473751510075246
594,2,2,1,28.0,0.06793295375015775,0.10972885682552584,0.8223381894243165
595,2,2,1,67.0,0.06799754878165712,0.15220864410929963,0.7797938071090432
596,2,2,1,24.0,0.07690101801790705,0.04943367747812794,0.8736653045039651
597,2,2,1,26.0,0.06226659086646485,0.11972620344819818,0.818007205685337
598,2,2,1,11.0,0.05481769820731785,0.10430334620121641,0.8408789555914656
599,2,2,1,36.0,0.32168402165309096,0.1994105557207928,0.4789054226261162
600,2,2,1,3.0,0.04491756618067398,0.08246669004319253,0.8726157437761334
602,2,2,1,8.0,0.05731128689312757,0.055121626205911795,0.8875670869009606
603,2,2,1,2.0,0.05628636319665241,0.0956405938488625,0.848073042954485
607,2,2,1,7.0,0.060034657101631306,0.12262245365451305,0.8173428892438556
608,2,2,1,18.0,0.03772943108885362,0.06909127502199917,0.8931792938891473
609,2,2,1,4.0,0.11856146293093885,0.08331318944827687,0.7981253476207842
610,2,2,1,27.0,0.03922721623639837,0.06471237401080988,0.8960604097527917
611,2,2,1,69.0,0.109000271493819,0.0732063507664337,0.8177933777397474
612,2,2,1,11.0,0.028071362904484237,0.090479701678914,0.8814489354166016
613,2,2,1,26.0,0.038072700005486224,0.06140108349887136,0.9005262164956425
614,2,2,1,35.0,0.08155673835623359,0.08325964846276929,0.8351836131809972
615,2,2,1,2.0,0.04304315848601685,0.1028560642472918,0.8541007772666913
616,2,2,1,47.0,0.0730422090006821,0.06992530331652973,0.8570324876827881
617,2,2,1,64.0,0.08450499602564929,0.0898911770636116,0.8256038269107391
618,2,2,1,79.0,0.07073587656566262,0.12574533089084297,0.8035187925434943
619,2,2,1,46.0,0.06313100000489649,0.08940192806102135,0.8474670719340822
620,2,2,1,25.0,0.048737226709243776,0.11386627952693418,0.8373964937638221
621,2,2,1,75.0,0.15640377961608123,0.1121056913885559,0.731490528995363
622,2,2,1,7.0,0.07343525009949585,0.11371929877462389,0.8128454511258804
623,2,2,1,15.0,0.056810754868514536,0.06485711463342389,0.8783321304980615
624,2,2,1,31.0,0.06503155429374081,0.0640663453573609,0.8709021003488984
625,2,2,1,5.0,0.12506430688795087,0.0710393103378302,0.8038963827742188
626,2,2,1,42.0,0.04480863116709644,0.23195016819224415,0.7232412006406596
627,2,2,1,69.0,0.06963190268357283,0.040456948263556634,0.8899111490528706
628,2,2,1,14.0,0.13983049434125006,0.11604197060581291,0.7441275350529369
629,2,2,1,65.0,0.06837271717768191,0.08184636315691134,0.8497809196654068
630,2,2,1,77.0,0.06269463390641623,0.11745740832627853,0.8198479577673051
631,2,2,1,18.0,0.07669789123661767,0.10205157471875874,0.8212505340446236
632,2,2,1,3.0,0.03929303381553861,0.06959549968067434,0.891111466503787
633,2,2,1,9.0,0.040318854106580586,0.10400500785621057,0.8556761380372089
634,2,2,1,16.0,0.044552805256177275,0.11696621938282128,0.8384809753610014
635,2,2,1,10.0,0.046815671254216894,0.16723800158870653,0.7859463271570767
636,2,2,1,16.0,0.041584599020838095,0.0921298469016765,0.8662855540774854
637,2,2,1,31.0,0.12863711388947285,0.12893827528405602,0.742424610826471
638,2,2,1,53.0,0.05416685801653648,0.12060191407258962,0.8252312279108739
639,2,2,1,14.0,0.059318559215273285,0.10415640811062754,0.8365250326740992
641,2,2,1,8.0,0.23835809813813758,0.11202664951647535,0.6496152523453871
642,2,2,1,60.0,0.10694363268615785,0.2023774249925316,0.6906789423213106
644,2,2,1,15.0,0.049526345256649194,0.06122721129520678,0.8892464434481441
645,2,2,1,26.0,0.1031503353436579,0.11156712206269066,0.7852825425936514
646,2,2,1,31.0,0.04637513652377863,0.16164273803343335,0.7919821254427881
647,2,2,1,67.0,0.058511744344346854,0.08295547874641263,0.8585327769092406
648,2,2,1,72.0,0.05405427349377293,0.09278154709121132,0.8531641794150158
649,2,2,1,9.0,0.04590227191340132,0.06504965765586211,0.8890480704307365
650,2,2,1,48.0,0.15069319222690145,0.23417389413999348,0.6151329136331052
651,2,2,1,16.0,0.04501089404479133,0.18854392424721156,0.7664451817079971
652,2,2,1,32.0,0.12519000990970533,0.08585904092838086,0.7889509491619138
653,2,2,1,50.0,0.1913402821690089,0.14599903768428135,0.6626606801467098
654,2,2,1,27.0,0.05990154725889648,0.22427763979066545,0.7158208129504381
656,2,2,1,6.0,0.04788905319442589,0.09258704190473148,0.8595239049008426
657,2,2,1,11.0,0.03927619561262653,0.0574891934481373,0.9032346109392361
658,2,2,1,29.0,0.1532016131886211,0.05000100317803134,0.7967973836333475
660,2,2,1,64.0,0.06766216062603791,0.06301052222626134,0.8693273171477007
661,2,2,1,24.0,0.05814511523628805,0.12186364916331631,0.8199912356003956
662,2,2,1,15.0,0.05133438962505285,0.15348200354644473,0.7951836068285024
663,2,2,1,39.0,0.06737044324239523,0.22570882201376574,0.7069207347438391
664,2,2,1,13.0,0.052008188417661354,0.09276766731050003,0.8552241442718386
665,2,2,1,4.0,0.04575626376770007,0.11424066759910242,0.8400030686331975
666,2,2,1,1.0,0.09080102770019013,0.14047741810112244,0.7687215541986874
667,2,2,1,31.0,0.06204282597557319,0.0819754093682969,0.8559817646561299
668,2,2,1,68.0,0.06691247718712877,0.10151313968300296,0.8315743831298683
669,2,2,1,67.0,0.058511744344346854,0.08295547874641263,0.8585327769092406
670,2,2,1,14.0,0.039129744475959384,0.054338223605335474,0.9065320319187051
671,2,2,1,13.0,0.10012892396641962,0.06654667056050112,0.8333244054730794
672,2,2,1,5.0,0.04397545170264768,0.2872826277718914,0.668741920525461
673,2,2,1,4.0,0.058623074643414576,0.09426165974450418,0.8471152656120813
674,2,2,1,12.0,0.050515800663252605,0.13091866861595028,0.8185655307207971
678,2,2,1,67.0,0.08946829329273036,0.08868298169791074,0.8218487250093588
679,2,2,1,45.0,0.2178692930205199,0.0853318203220564,0.6967988866574236
680,2,2,1,21.0,0.05631358186221769,0.08378081169763453,0.8599056064401479
681,2,2,1,11.0,0.059880493712684134,0.11969641257112659,0.8204230937161894
682,2,2,1,1.0,0.06953706002690778,0.12274303561619748,0.8077199043568948
683,2,2,1,11.0,0.057698759759615005,0.06998950582816578,0.8723117344122192
684,2,2,1,62.0,0.08175620849565479,0.07588128109997841,0.8423625104043667
687,2,2,1,8.0,0.09640445103387815,0.0641770826070376,0.8394184663590842
688,2,2,1,69.0,0.07525823583720664,0.1318813311554061,0.7928604330073873
689,2,2,1,20.0,0.04597111575204906,0.12909568676024263,0.8249331974877083
690,2,2,1,45.0,0.06946176211401277,0.11233487752590728,0.8182033603600799
692,2,2,1,79.0,0.07073587656566262,0.12574533089084297,0.8035187925434943
693,2,2,1,52.0,0.045562554486856956,0.0926439556570787,0.8617934898560644
694,2,2,1,37.0,0.2098038762687465,0.12664348712937795,0.6635526366018756
695,2,2,1,11.0,0.038857861127873546,0.05068268012115855,0.9104594587509679
696,2,2,1,66.0,0.08853326566048195,0.12195323016797631,0.7895135041715416
697,2,2,1,46.0,0.14588034324590227,0.13149602502267152,0.7226236317314263
698,2,2,1,34.0,0.054472945712559485,0.12603123112759199,0.8194958231598486
699,2,2,1,11.0,0.04740319621812239,0.09687810818728343,0.8557186955945941
700,2,2,1,20.0,0.09556073672490749,0.138544605611399,0.7658946576636935
701,2,2,1,64.0,0.06766216062603791,0.06301052222626134,0.8693273171477007
702,2,2,1,23.0,0.03704217337809402,0.06047578272900933,0.9024820438928965
703,2,2,1,69.0,0.08655913694768536,0.16177532391049693,0.7516655391418178
705,2,2,1,19.0,0.037749805806067335,0.047324636447629194,0.9149255577463035
706,2,2,1,4.0,0.044523269881861074,0.13528879997102022,0.8201879301471187
707,2,2,1,60.0,0.08947751280808794,0.07548651861381066,0.8350359685781014
708,2,2,1,67.0,0.10590296229628912,0.0985133234653161,0.7955837142383948
709,2,2,1,6.0,0.05033264736942378,0.08503933350734452,0.8646280191232318
710,2,2,1,32.0,0.07312453018322768,0.09286729788386998,0.8340081719329023
711,2,2,1,2.0,0.04334673901922475,0.12777175943721344,0.8288815015435618
712,2,2,1,49.0,0.07734192582174375,0.09742647693033679,0.8252315972479195
713,2,2,1,8.0,0.045668230474288286,0.07840775578159927,0.8759240137441124
714,2,2,1,7.0,0.04260289658150406,0.11376986231044264,0.8436272411080532
715,0,0,1,33.0,0.733506685309521,0.014961536302601575,0.2515317783878774
717,0,0,1,13.0,0.8388114228137349,0.030836850376977486,0.1303517268092876
718,0,0,1,24.0,0.6312644964491599,0.04924044501469665,0.31949505853614346
719,0,0,1,26.0,0.5415032607433943,0.09329551597745665,0.36520122327914917
720,0,2,0,6.0,0.385473764416548,0.014552486834543339,0.5999737487489086
721,0,0,1,14.0,0.9024424121132169,0.0100812908397879,0.08747629704699526
722,0,0,1,11.0,0.5867408185162308,0.0330413776472387,0.38021780383653037
724,0,2,0,5.0,0.17594893579101947,0.045413318227341425,0.7786377459816393
725,0,0,1,8.0,0.512957310149299,0.03371360615433701,0.45332908369636393
726,0,2,0,11.0,0.47271071435520606,0.043322271684757954,0.483967013960036
727,0,0,1,16.0,0.5621263981904239,0.018410036800026185,0.41946356500954995
728,0,0,1,25.0,0.8549352510870377,0.008802540360632922,0.13626220855232937
729,0,0,1,12.0,0.8192442001960251,0.047988359102645296,0.13276744070132962
731,0,0,1,34.0,0.5291372443067902,0.04547155335427454,0.4253912023389351
732,0,0,1,25.0,0.8259886538333767,0.006723591397278431,0.167287754769345
733,0,0,1,17.0,0.6869997486936301,0.04311287900305234,0.26988737230331744
735,0,0,1,10.0,0.6001601592716767,0.07461182777105903,0.3252280129572644
736,0,0,1,9.0,0.6078416074431087,0.12089056667077584,0.27126782588611553
737,0,0,1,9.0,0.7737423047194832,0.042961782134307513,0.18329591314620927
738,0,0,1,8.0,0.4908873598529002,0.05461914010536024,0.45449350004173955
739,0,0,1,24.0,0.621468209538151,0.01844258843157136,0.3600892020302778
740,0,0,1,20.0,0.8118461417720801,0.03305690083002134,0.15509695739789858
741,0,0,1,5.0,0.6653693434242762,0.10216045061862755,0.23247020595709622
745,0,0,1,6.0,0.7168363537584416,0.025174085347459945,0.2579895608940985
746,0,2,0,12.0,0.4579159422815932,0.02816738993347399,0.5139166677849327
747,0,0,1,19.0,0.8131085413264741,0.02134349640691978,0.16554796226660598
748,0,0,1,19.0,0.6871639382787337,0.018452031190077562,0.29438403053118867
749,0,0,1,28.0,0.8137134087707949,0.009666785550615276,0.17661980567858987
750,0,0,1,5.0,0.5551711576998245,0.05529796098316188,0.3895308813170137
751,0,2,0,12.0,0.23758188073945447,0.012134635725882801,0.7502834835346627
752,0,1,0,21.0,0.3259033988725414,0.4337071900630726,0.24038941106438602
753,0,0,1,28.0,0.5491321671614068,0.05924674011826983,0.3916210927203235
754,0,2,0,13.0,0.38537596972266314,0.08512076662520475,0.5295032636521322
755,0,0,1,7.0,0.7505511056147475,0.021374804633325563,0.22807408975192695
756,0,2,0,30.0,0.4755873681419649,0.04760648343397553,0.47680614842405955
757,0,2,0,19.0,0.4462497297307018,0.03833026429500752,0.5154200059742907
758,0,0,1,19.0,0.6249697914940312,0.013278004638753272,0.36175220386721557
759,0,0,1,14.0,0.8195379038550645,0.03657422791937694,0.14388786822555857
760,0,0,1,13.0,0.9029826394360725,0.012599686051737672,0.08441767451218987
761,0,0,1,13.0,0.8165804305601907,0.019599941080553896,0.16381962835925548
762,0,2,0,9.0,0.43385893833587635,0.04794833100910697,0.5181927306550167
763,0,0,1,21.0,0.6394328430929144,0.029506940716386067,0.33106021619069953
764,0,0,1,21.0,0.6752830091286173,0.02094057888899228,0.30377641198239025
765,0,0,1,23.0,0.5953589697118931,0.04923366536592253,0.35540736492218433
766,0,2,0,15.0,0.33268770556556676,0.04253018236010106,0.6247821120743322
767,0,0,1,12.0,0.6915580700240186,0.02542996534023856,0.2830119646357429
768,0,0,1,21.0,0.7160184600331759,0.12989755450033083,0.15408398546649332
769,0,0,1,23.0,0.5281687358052862,0.044418778672896925,0.4274124855218168
770,0,2,0,19.0,0.31599003155451805,0.04056190749775961,0.6434480609477223
771,0,0,1,21.0,0.900883002190941,0.025385771026365262,0.0737312267826939
772,0,0,1,23.0,0.8378467009552669,0.007438081874503166,0.15471521717022987
773,0,0,1,27.0,0.8242197123692798,0.017031669659330336,0.15874861797139
774,0,0,1,25.0,0.8480066821176491,0.027931482148520457,0.12406183573383034
775,0,0,1,11.0,0.6319178395225752,0.021553061718889877,0.346529098758535
776,0,0,1,26.0,0.926025362235816,0.006762986083267228,0.06721165168091682
777,0,0,1,30.0,0.7808387838699266,0.05081809316962287,0.16834312296045043
778,0,0,1,27.0,0.9370225768072615,0.006414446711052447,0.056562976481686074
779,0,2,0,11.0,0.3661794651228347,0.14523627083129642,0.4885842640458688
780,0,2,0,25.0,0.46963452571142517,0.030658071218111416,0.4997074030704635
781,0,0,1,21.0,0.8131286134255649,0.01038538190121373,0.17648600467322148
782,0,0,1,10.0,0.8609565259667188,0.028306543285256076,0.11073693074802499
783,0,0,1,7.0,0.5819321669876573,0.036988757730307964,0.3810790752820346
785,0,0,1,18.0,0.4792239916341766,0.06409586318010813,0.4566801451857152
786,0,0,1,30.0,0.5698697979555948,0.037330351214007636,0.3927998508303974
787,0,0,1,28.0,0.8417895252759835,0.010067202059067432,0.14814327266494914
788,0,0,1,25.0,0.7444000732470549,0.024193391919207167,0.2314065348337378
789,0,0,1,24.0,0.5146686766247602,0.06778367463259277,0.4175476487426469
790,0,0,1,15.0,0.5198835372616526,0.03191064252742184,0.44820582021092564
791,0,0,1,20.0,0.6232895785603023,0.03466084863939049,0.3420495728003073
792,0,0,1,21.0,0.8711220162695696,0.0061011335452025575,0.12277685018522769
793,0,2,0,9.0,0.45834602741469416,0.053051820823533186,0.4886021517617728
794,0,0,1,27.0,0.8258918464198642,0.029428445136448992,0.14467970844368686
795,0,0,1,16.0,0.770337768721009,0.008148703140477078,0.2215135281385139
796,0,0,1,26.0,0.7337071576763797,0.08238075878758629,0.183912083536034
797,0,0,1,11.0,0.7802765500439331,0.035997598250013745,0.18372585170605316
798,0,0,1,26.0,0.8711582525490018,0.0371050755347663,0.09173667191623178
799,0,0,1,7.0,0.6313148945579184,0.07465551666233382,0.2940295887797476
800,0,2,0,26.0,0.273044602987829,0.052268931049702094,0.674686465962469
801,0,0,1,8.0,0.6848103587857339,0.05213970729308739,0.26304993392117865
802,0,2,0,38.0,0.4423577841955869,0.041644793703929844,0.5159974221004832
803,0,2,0,7.0,0.3493587398891539,0.022722361089650416,0.6279188990211958
804,0,0,1,14.0,0.8697886575829143,0.009574135446894191,0.12063720697019148
805,0,0,1,4.0,0.9321438336619512,0.006623643700154424,0.06123252263789436
806,0,2,0,17.0,0.4653221598647246,0.06747954289751755,0.4671982972377578
807,0,0,1,7.0,0.43217032176989295,0.17295296729357781,0.39487671093652926
808,0,0,1,11.0,0.6066734580714641,0.020973890934832696,0.37235265099370307
809,0,2,0,15.0,0.3780057615431425,0.03444658828019967,0.5875476501766578
810,0,0,1,11.0,0.499668395124525,0.02687150390083239,0.4734601009746428
811,0,2,0,9.0,0.427487742670189,0.10622996928149084,0.4662822880483201
812,0,0,1,18.0,0.8836978510862423,0.0359974822782618,0.08030466663549582
813,0,0,1,21.0,0.9215350453563709,0.013806719674426059,0.06465823496920306
814,0,0,1,13.0,0.5730071890543662,0.016526296126978392,0.4104665148186554
815,0,0,1,15.0,0.8294314993198577,0.02949026899750046,0.14107823168264189
816,0,0,1,12.0,0.8069323576011928,0.025028828395413295,0.16803881400339407
817,0,0,1,6.0,0.5094957224235096,0.04464239906246297,0.4458618785140274
818,0,0,1,17.0,0.7521074975264379,0.06201005565043807,0.1858824468231241
820,0,1,0,37.0,0.3098850275833056,0.4373028040650404,0.25281216835165393
823,1,2,0,2.0,0.06035727737736952,0.23239916269186903,0.7072435599307615
824,1,1,1,22.0,0.060454364444939936,0.5385981940144267,0.4009474415406334
825,1,1,1,21.0,0.0634685032827816,0.7009082993504457,0.23562319736677262
829,1,1,1,8.0,0.027548719049942317,0.7440715918290348,0.22837968912102283
831,1,1,1,10.0,0.03834489073444523,0.6393821533248765,0.3222729559406784
832,1,1,1,10.0,0.0269716485254359,0.7713009099538458,0.20172744152071823
833,1,1,1,13.0,0.008717795695984194,0.9429558412840431,0.04832636301997261
834,1,2,0,3.0,0.04590829404308523,0.18233807174087743,0.7717536342160373
835,1,1,1,15.0,0.03836885408064228,0.6768455668569272,0.2847855790624304
837,1,1,1,6.0,0.01383932356942849,0.9381321764882735,0.04802849994229813
838,1,1,1,11.0,0.0377268135958293,0.6121295474103008,0.35014363899386997
839,1,1,1,11.0,0.016293803650289526,0.7037118792729026,0.27999431707680783
841,1,1,1,9.0,0.07101417710128245,0.49812527584673033,0.4308605470519873
842,1,1,1,4.0,0.013993669500755866,0.8944122026099458,0.09159412788929834
844,1,1,1,11.0,0.03593033868260731,0.6528442243228356,0.3112254369945571
845,1,1,1,7.0,0.020630806008312932,0.6223127539569032,0.35705644003478376
847,1,1,1,4.0,0.03126986461484491,0.824369601538302,0.14436053384685316
848,1,1,1,14.0,0.03070723225907958,0.6460183301113398,0.3232744376295806
849,1,2,0,16.0,0.09193216033865867,0.4346464517452374,0.47342138791610394
850,1,1,1,4.0,0.008548580424316275,0.9491628974632856,0.042288522112398065
851,1,1,1,6.0,0.04576844077305581,0.604846881553067,0.34938467767387715
855,1,1,1,16.0,0.03837474585987733,0.7839046377076537,0.17772061643246895
858,1,1,1,37.0,0.039513465151441725,0.6427251022134371,0.31776143263512113
859,1,1,1,17.0,0.07649880300548832,0.5425015660500067,0.3809996309445051
860,1,2,0,20.0,0.032205073587103415,0.41571776730543614,0.5520771591074605
863,1,2,0,2.0,0.0357938567114212,0.39369645615061527,0.5705096871379635
865,1,2,0,4.0,0.1138145278889537,0.3517809212462835,0.5344045508647628
868,1,1,1,9.0,0.03285284075807815,0.7258257388610015,0.24132142038092033
869,1,2,0,3.0,0.040489063239862025,0.3015841600048069,0.6579267767553312
871,1,1,1,8.0,0.10135547254474091,0.5540816860848398,0.34456284137041937
874,1,2,0,3.0,0.047637274101690164,0.2087013951669507,0.7436613307313593
876,1,2,0,22.0,0.10538668058967857,0.36584188324580835,0.5287714361645132
879,1,1,1,5.0,0.01126573773075051,0.8265668795557503,0.1621673827134992
880,1,1,1,7.0,0.034950850824454996,0.5194242497134739,0.44562489946207107
881,1,1,1,8.0,0.016406998159378443,0.7743984305651216,0.20919457127549992
883,1,1,1,6.0,0.011275966002759546,0.9201084919950178,0.06861554200222271
884,1,2,0,8.0,0.05925568318288801,0.4435302257440767,0.4972140910730353
891,1,2,0,1.0,0.04902297404476923,0.4302185604041386,0.5207584655510922
892,1,1,1,13.0,0.02174810170861122,0.7468668295762811,0.23138506871510764
895,1,1,1,11.0,0.040010521465531274,0.5282949840407565,0.4316944944937123
896,1,1,1,7.0,0.0812331307462654,0.4697348735787282,0.44903199567500657
897,1,1,1,21.0,0.026439550063161017,0.600421520504655,0.37313892943218396
899,1,2,0,14.0,0.08093223454335764,0.229189986006576,0.6898777794500665
902,1,1,1,9.0,0.011598771250438308,0.8699611127389903,0.11844011601057129
903,1,1,1,18.0,0.03398529044372963,0.6833006258272636,0.28271408372900675
905,1,1,1,9.0,0.025496316000148848,0.7751122277429441,0.19939145625690696
906,1,1,1,17.0,0.06343796725295878,0.658863824138947,0.2776982086080943
907,1,1,1,15.0,0.00992507377645409,0.8271969273016696,0.16287799892187635
911,1,1,1,3.0,0.028506511811697187,0.8476756282207181,0.12381785996758482
912,1,1,1,6.0,0.05890595692882545,0.5963617496510638,0.34473229342011086
913,1,2,0,13.0,0.048055970413987216,0.1399636042300829,0.8119804253559298
914,1,1,1,8.0,0.03915598218723027,0.4830725108856253,0.47777150692714443
915,1,1,1,5.0,0.021759877109298963,0.8205443443371021,0.15769577855359887
916,1,1,1,23.0,0.04012732192471129,0.7690979799732856,0.1907746981020031
917,1,1,1,15.0,0.008591379236644353,0.910774604810698,0.08063401595265753
918,1,2,0,4.0,0.04440622340355391,0.2765875356674516,0.6790062409289945
919,1,1,1,10.0,0.01604188155134036,0.7783499674329711,0.2056081510156886
920,1,1,1,10.0,0.022271970432766196,0.7891992596057161,0.1885287699615175
921,1,1,1,20.0,0.05678214179235483,0.547002275320295,0.39621558288735015
922,1,1,1,12.0,0.03999211837912867,0.6081079265883191,0.3518999550325523
925,1,1,1,18.0,0.008309101678949,0.9310065007253558,0.060684397595695196
927,1,1,1,24.0,0.046751104743856325,0.532020780428305,0.42122811482783873
928,1,1,1,10.0,0.023388126450878385,0.759251189955199,0.21736068359392258
929,1,1,1,4.0,0.018965504685585437,0.6331178163841213,0.3479166789302932
931,2,2,1,47.0,0.0730422090006821,0.06992530331652973,0.8570324876827881
932,2,2,1,44.0,0.10369673565727845,0.16938479145864915,0.7269184728840724
933,2,2,1,37.0,0.08366481442567844,0.13385156095150566,0.782483624622816
935,2,2,1,57.0,0.08656312539691781,0.06765672447896053,0.8457801501241216
936,2,2,1,7.0,0.042778473364783035,0.09092203890381378,0.8662994877314033
937,2,2,1,69.0,0.07525823583720664,0.1318813311554061,0.7928604330073873
938,2,2,1,56.0,0.09650493810545552,0.07820917472156154,0.8252858871729829
940,2,2,1,13.0,0.06294096006731344,0.09288803778405048,0.8441710021486362
941,2,2,1,27.0,0.07815982417556866,0.07670855489018563,0.8451316209342458
942,2,2,1,21.0,0.06339157256435461,0.1068459629480764,0.829762464487569
943,2,2,1,12.0,0.03809797132556111,0.06400381925151441,0.8978982094229244
944,2,2,1,5.0,0.06857908500491308,0.12844527659049035,0.8029756384045966
945,2,2,1,21.0,0.05455879891805382,0.12527704034888582,0.8201641607330604
946,2,2,1,66.0,0.06488216467300541,0.1103564275908572,0.8247614077361374
947,2,2,1,24.0,0.060665525087592445,0.09019897527231104,0.8491354996400965
949,2,2,1,68.0,0.06446322273527147,0.12025523861080446,0.8152815386539242
950,2,2,1,14.0,0.043568741939232485,0.18129243275433735,0.7751388253064303
951,2,2,1,10.0,0.03725630560770233,0.06380904270286254,0.8989346516894352
955,2,2,1,41.0,0.09904497087803489,0.08769116846941764,0.8132638606525475
956,2,2,1,66.0,0.18707003582538878,0.12287667121215225,0.6900532929624589
957,2,2,1,28.0,0.07439160177948938,0.08658128040623156,0.8390271178142791
958,2,2,1,51.0,0.05704785231320872,0.0798230346638129,0.8631291130229782
961,2,2,1,25.0,0.048737226709243776,0.11386627952693418,0.8373964937638221
963,2,2,1,1.0,0.0379399936495737,0.16282628943571784,0.7992337169147085
964,2,2,1,11.0,0.0464936759709767,0.14336877538859397,0.8101375486404293
966,2,2,1,59.0,0.10064990251030181,0.09571243560712336,0.8036376618825749
967,2,2,1,10.0,0.0566626546644616,0.2141412848640602,0.7291960604714781
968,2,2,1,33.0,0.09622880260785877,0.13907141496604009,0.7646997824261011
970,2,2,1,13.0,0.10012892396641962,0.06654667056050112,0.8333244054730794
971,2,2,1,61.0,0.10152183389309631,0.12177151045887738,0.7767066556480264
973,2,2,1,77.0,0.0744480488570493,0.09748703153053799,0.8280649196124127
974,2,2,1,47.0,0.07927424848446742,0.09380359914266377,0.8269221523728688
975,2,2,1,50.0,0.1913402821690089,0.14599903768428135,0.6626606801467098
976,2,2,1,8.0,0.03747511489861281,0.05649681443265482,0.9060280706687324
979,2,2,1,45.0,0.0936836729855786,0.07293450521722962,0.8333818217971917
980,2,2,1,2.0,0.03467549316969973,0.08497331332753355,0.8803511935027667
981,2,2,1,12.0,0.039974586798338894,0.03892064902865292,0.9211047641730081
982,2,2,1,12.0,0.06307394064376887,0.051105113617260056,0.8858209457389711
983,2,2,1,7.0,0.06096412447944035,0.06642498340641428,0.8726108921141453
985,2,2,1,9.0,0.057863528139217295,0.14233994356427207,0.7997965282965107
986,2,2,1,50.0,0.06594173228466525,0.17244044148168003,0.7616178262336547
988,2,2,1,9.0,0.044309045419649175,0.08473260129714061,0.8709583532832103
990,2,2,1,4.0,0.050793664376176446,0.1584448358114096,0.790761499812414
991,2,2,1,72.0,0.08110309954036242,0.10138481214963233,0.8175120883100053
992,2,2,1,51.0,0.05704785231320872,0.0798230346638129,0.8631291130229782
993,2,2,1,72.0,0.08110309954036242,0.10138481214963233,0.8175120883100053
994,2,2,1,18.0,0.04914799392564804,0.16131699744646846,0.7895350086278834
995,2,2,1,36.0,0.055814326553544596,0.11285761230917142,0.8313280611372839
997,2,2,1,22.0,0.05500382323978889,0.1285800033666801,0.816416173393531
999,2,2,1,21.0,0.10571364996947191,0.08217794343511678,0.8121084065954113
1000,2,2,1,57.0,0.06334380881882892,0.09891481006123001,0.8377413811199412
1001,2,2,1,74.0,0.060401991718092914,0.17993017978196085,0.7596678284999463
1002,2,2,1,11.0,0.06323493788927102,0.09864339903298988,0.838121663077739
1003,2,2,1,43.0,0.10839612955383612,0.1317688613042005,0.7598350091419634
1004,2,2,1,7.0,0.04884679166858258,0.058801717651953696,0.8923514906794637
1005,2,2,1,3.0,0.04387903978064697,0.09487886977082426,0.8612420904485288
1006,2,2,1,2.0,0.039929882814090885,0.06734536335414701,0.8927247538317621
1007,2,2,1,5.0,0.046673240775270665,0.1961833538575576,0.7571434053671717
1008,2,2,1,1.0,0.09481560516124887,0.032067018439319965,0.8731173763994312
1009,2,2,1,26.0,0.08197534361972278,0.06201034298282539,0.8560143133974517
1010,2,2,1,20.0,0.036463953314655975,0.050913908489423405,0.9126221381959208
1011,2,2,1,3.0,0.049931292803091325,0.12526992658560135,0.8247987806113073
1012,2,2,1,5.0,0.04573567367636657,0.07000344949176843,0.884260876831865
1013,2,2,1,7.0,0.05959491325020545,0.07384124485898629,0.8665638418908084
1014,2,2,1,4.0,0.07167101777304578,0.1691314355563158,0.7591975466706384
1015,2,2,1,21.0,0.06410765979897753,0.08016221227629783,0.8557301279247246
1016,2,2,1,26.0,0.08197534361972278,0.06201034298282539,0.8560143133974517
1017,2,2,1,61.0,0.06712692017522605,0.06991072919391511,0.8629623506308588
1018,2,2,1,4.0,0.058623074643414576,0.09426165974450418,0.8471152656120813
1019,2,2,1,8.0,0.03856641763946802,0.06007623896035903,0.9013573434001729
1020,2,2,1,13.0,0.05934705360160331,0.06431095495123382,0.8763419914471627
